{
  "model": "openai/gpt-4o-mini",
  "directory": "compareCommunities10/t5_2te6p/t5_2qknd",
  "num_tests": 100,
  "num_successes": 93,
  "batch_size": 10,
  "accuracy": 0.7634408602150538,
  "violation_precision": 0.9583333333333334,
  "non_violation_precision": 0.6956521739130435,
  "violation_recall": 0.5227272727272727,
  "non_violation_recall": 0.9795918367346939,
  "confusion_matrix": [
    [
      48,
      1
    ],
    [
      21,
      23
    ]
  ]
}