{
  "model": "openai/gpt-4o-mini",
  "directory": "compareCommunities10/t5_2qknd/t5_2qstm",
  "num_tests": 100,
  "num_successes": 97,
  "batch_size": 10,
  "accuracy": 0.8762886597938144,
  "violation_precision": 0.9302325581395349,
  "non_violation_precision": 0.8333333333333334,
  "violation_recall": 0.8163265306122449,
  "non_violation_recall": 0.9375,
  "confusion_matrix": [
    [
      45,
      3
    ],
    [
      9,
      40
    ]
  ]
}