{
  "model": "openai/gpt-4o-mini",
  "directory": "compareCommunities5/t5_2vjre/t5_2qhff",
  "num_tests": 100,
  "num_successes": 86,
  "batch_size": 5,
  "accuracy": 0.813953488372093,
  "violation_precision": 0.8181818181818182,
  "non_violation_precision": 0.8095238095238095,
  "violation_recall": 0.8181818181818182,
  "non_violation_recall": 0.8095238095238095,
  "confusion_matrix": [
    [
      34,
      8
    ],
    [
      8,
      36
    ]
  ]
}