{
  "model": "openai/gpt-4o-mini",
  "directory": "compareCommunities5/t5_2qhds/t5_hcycg",
  "num_tests": 100,
  "num_successes": 98,
  "batch_size": 5,
  "accuracy": 0.7755102040816326,
  "violation_precision": 0.8648648648648649,
  "non_violation_precision": 0.7213114754098361,
  "violation_recall": 0.6530612244897959,
  "non_violation_recall": 0.8979591836734694,
  "confusion_matrix": [
    [
      44,
      5
    ],
    [
      17,
      32
    ]
  ]
}