{
  "model": "openai/gpt-4o-mini",
  "directory": "compareCommunities10/t5_3560n/t5_2qknd",
  "num_tests": 100,
  "num_successes": 92,
  "batch_size": 10,
  "accuracy": 0.782608695652174,
  "violation_precision": 0.96,
  "non_violation_precision": 0.7164179104477612,
  "violation_recall": 0.5581395348837209,
  "non_violation_recall": 0.9795918367346939,
  "confusion_matrix": [
    [
      48,
      1
    ],
    [
      19,
      24
    ]
  ]
}