{
  "model": "openai/gpt-4o-mini",
  "directory": "compareCommunities5/t5_3cr3o/t5_2qhek",
  "num_tests": 100,
  "num_successes": 96,
  "batch_size": 5,
  "accuracy": 0.84375,
  "violation_precision": 0.9210526315789473,
  "non_violation_precision": 0.7931034482758621,
  "violation_recall": 0.7446808510638298,
  "non_violation_recall": 0.9387755102040817,
  "confusion_matrix": [
    [
      46,
      3
    ],
    [
      12,
      35
    ]
  ]
}