{
  "model": "openai/gpt-4o-mini",
  "directory": "compareCommunities10/t5_2qhvo/t5_2qh2s",
  "num_tests": 100,
  "num_successes": 84,
  "batch_size": 10,
  "accuracy": 0.7976190476190477,
  "violation_precision": 0.8571428571428571,
  "non_violation_precision": 0.7551020408163265,
  "violation_recall": 0.7142857142857143,
  "non_violation_recall": 0.8809523809523809,
  "confusion_matrix": [
    [
      37,
      5
    ],
    [
      12,
      30
    ]
  ]
}