{
  "model": "openai/gpt-4o-mini",
  "directory": "compareCommunities5/t5_2qh3p/t5_2qknd",
  "num_tests": 100,
  "num_successes": 87,
  "batch_size": 5,
  "accuracy": 0.7241379310344828,
  "violation_precision": 0.9444444444444444,
  "non_violation_precision": 0.6666666666666666,
  "violation_recall": 0.425,
  "non_violation_recall": 0.9787234042553191,
  "confusion_matrix": [
    [
      46,
      1
    ],
    [
      23,
      17
    ]
  ]
}