{
  "model": "openai/gpt-4o-mini",
  "directory": "compareCommunities10/t5_2qh2s/t5_2qhek",
  "num_tests": 100,
  "num_successes": 91,
  "batch_size": 10,
  "accuracy": 0.8131868131868132,
  "violation_precision": 0.9393939393939394,
  "non_violation_precision": 0.7413793103448276,
  "violation_recall": 0.6739130434782609,
  "non_violation_recall": 0.9555555555555556,
  "confusion_matrix": [
    [
      43,
      2
    ],
    [
      15,
      31
    ]
  ]
}