{
  "model": "openai/gpt-4o-mini",
  "directory": "compareCommunities5/t5_10qj6b/t5_2qho4",
  "num_tests": 100,
  "num_successes": 83,
  "batch_size": 5,
  "accuracy": 0.8313253012048193,
  "violation_precision": 0.7959183673469388,
  "non_violation_precision": 0.8823529411764706,
  "violation_recall": 0.9069767441860465,
  "non_violation_recall": 0.75,
  "confusion_matrix": [
    [
      30,
      10
    ],
    [
      4,
      39
    ]
  ]
}