{
  "model": "openai/gpt-4o-mini",
  "directory": "compareCommunities10/t5_3onkg/t5_2qh2s",
  "num_tests": 100,
  "num_successes": 93,
  "batch_size": 10,
  "accuracy": 0.7419354838709677,
  "violation_precision": 0.8484848484848485,
  "non_violation_precision": 0.6833333333333333,
  "violation_recall": 0.5957446808510638,
  "non_violation_recall": 0.8913043478260869,
  "confusion_matrix": [
    [
      41,
      5
    ],
    [
      19,
      28
    ]
  ]
}