{
  "model": "openai/gpt-4o-mini",
  "directory": "compareCommunities5/t5_2qh3p/t5_3h47q",
  "num_tests": 100,
  "num_successes": 95,
  "batch_size": 5,
  "accuracy": 0.7789473684210526,
  "violation_precision": 0.8888888888888888,
  "non_violation_precision": 0.711864406779661,
  "violation_recall": 0.6530612244897959,
  "non_violation_recall": 0.9130434782608695,
  "confusion_matrix": [
    [
      42,
      4
    ],
    [
      17,
      32
    ]
  ]
}