{
  "model": "openai/gpt-4o-mini",
  "directory": "compareCommunities10/t5_2te6p/t5_2qhw9",
  "num_tests": 100,
  "num_successes": 84,
  "batch_size": 10,
  "accuracy": 0.8690476190476191,
  "violation_precision": 0.9047619047619048,
  "non_violation_precision": 0.8333333333333334,
  "violation_recall": 0.8444444444444444,
  "non_violation_recall": 0.8974358974358975,
  "confusion_matrix": [
    [
      35,
      4
    ],
    [
      7,
      38
    ]
  ]
}