{
  "model": "openai/gpt-4o-mini",
  "directory": "compareCommunities10/t5_2qh2v/t5_2qhds",
  "num_tests": 100,
  "num_successes": 82,
  "batch_size": 10,
  "accuracy": 0.8292682926829268,
  "violation_precision": 0.8787878787878788,
  "non_violation_precision": 0.7959183673469388,
  "violation_recall": 0.7435897435897436,
  "non_violation_recall": 0.9069767441860465,
  "confusion_matrix": [
    [
      39,
      4
    ],
    [
      10,
      29
    ]
  ]
}