{
  "model": "openai/gpt-4o-mini",
  "directory": "compareCommunities10/t5_2rnve/t5_2w2s8",
  "num_tests": 100,
  "num_successes": 68,
  "batch_size": 10,
  "accuracy": 0.8235294117647058,
  "violation_precision": 0.8387096774193549,
  "non_violation_precision": 0.8108108108108109,
  "violation_recall": 0.7878787878787878,
  "non_violation_recall": 0.8571428571428571,
  "confusion_matrix": [
    [
      30,
      5
    ],
    [
      7,
      26
    ]
  ]
}