{
  "model": "openai/gpt-4o-mini",
  "directory": "compareCommunities10/t5_2qhek/t5_2qhvo",
  "num_tests": 100,
  "num_successes": 70,
  "batch_size": 10,
  "accuracy": 0.8428571428571429,
  "violation_precision": 0.8181818181818182,
  "non_violation_precision": 0.8648648648648649,
  "violation_recall": 0.84375,
  "non_violation_recall": 0.8421052631578947,
  "confusion_matrix": [
    [
      32,
      6
    ],
    [
      5,
      27
    ]
  ]
}