{
  "model": "openai/gpt-4o-mini",
  "directory": "compareCommunities10/t5_2qlxw/t5_2qstm",
  "num_tests": 100,
  "num_successes": 91,
  "batch_size": 10,
  "accuracy": 0.8461538461538461,
  "violation_precision": 0.9705882352941176,
  "non_violation_precision": 0.7719298245614035,
  "violation_recall": 0.717391304347826,
  "non_violation_recall": 0.9777777777777777,
  "confusion_matrix": [
    [
      44,
      1
    ],
    [
      13,
      33
    ]
  ]
}