{
  "model": "openai/gpt-4o-mini",
  "directory": "compareCommunities5/t5_2qky2/t5_2qhw9",
  "num_tests": 100,
  "num_successes": 97,
  "batch_size": 5,
  "accuracy": 0.8969072164948454,
  "violation_precision": 0.8979591836734694,
  "non_violation_precision": 0.8958333333333334,
  "violation_recall": 0.8979591836734694,
  "non_violation_recall": 0.8958333333333334,
  "confusion_matrix": [
    [
      43,
      5
    ],
    [
      5,
      44
    ]
  ]
}