{
  "model": "openai/gpt-4o-mini",
  "directory": "compareCommunities5/t5_10qj6b/t5_2qknd",
  "num_tests": 100,
  "num_successes": 95,
  "batch_size": 5,
  "accuracy": 0.7578947368421053,
  "violation_precision": 0.9615384615384616,
  "non_violation_precision": 0.6811594202898551,
  "violation_recall": 0.5319148936170213,
  "non_violation_recall": 0.9791666666666666,
  "confusion_matrix": [
    [
      47,
      1
    ],
    [
      22,
      25
    ]
  ]
}