{
  "model": "openai/gpt-4o-mini",
  "directory": "compareCommunities10/t5_2qky2/t5_2qhff",
  "num_tests": 100,
  "num_successes": 83,
  "batch_size": 10,
  "accuracy": 0.8554216867469879,
  "violation_precision": 0.8421052631578947,
  "non_violation_precision": 0.8666666666666667,
  "violation_recall": 0.8421052631578947,
  "non_violation_recall": 0.8666666666666667,
  "confusion_matrix": [
    [
      39,
      6
    ],
    [
      6,
      32
    ]
  ]
}