{
  "model": "openai/gpt-4o-mini",
  "directory": "compareCommunities10/t5_3h47q/t5_2qhff",
  "num_tests": 100,
  "num_successes": 78,
  "batch_size": 10,
  "accuracy": 0.8717948717948718,
  "violation_precision": 0.8611111111111112,
  "non_violation_precision": 0.8809523809523809,
  "violation_recall": 0.8611111111111112,
  "non_violation_recall": 0.8809523809523809,
  "confusion_matrix": [
    [
      37,
      5
    ],
    [
      5,
      31
    ]
  ]
}