{
  "model": "openai/gpt-4o-mini",
  "directory": "compareCommunities5/t5_2qhw9/t5_2qh6c",
  "num_tests": 100,
  "num_successes": 82,
  "batch_size": 5,
  "accuracy": 0.8048780487804879,
  "violation_precision": 0.7441860465116279,
  "non_violation_precision": 0.8717948717948718,
  "violation_recall": 0.8648648648648649,
  "non_violation_recall": 0.7555555555555555,
  "confusion_matrix": [
    [
      34,
      11
    ],
    [
      5,
      32
    ]
  ]
}