{
  "model": "openai/gpt-4o-mini",
  "directory": "compareCommunities5/t5_2r05i/t5_2qknd",
  "num_tests": 100,
  "num_successes": 89,
  "batch_size": 5,
  "accuracy": 0.7191011235955056,
  "violation_precision": 0.9523809523809523,
  "non_violation_precision": 0.6470588235294118,
  "violation_recall": 0.45454545454545453,
  "non_violation_recall": 0.9777777777777777,
  "confusion_matrix": [
    [
      44,
      1
    ],
    [
      24,
      20
    ]
  ]
}