{
  "model": "openai/gpt-4o-mini",
  "directory": "compareCommunities10/t5_2qh3p/t5_2qh3p",
  "num_tests": 100,
  "num_successes": 73,
  "batch_size": 10,
  "accuracy": 0.8082191780821918,
  "violation_precision": 0.8205128205128205,
  "non_violation_precision": 0.7941176470588235,
  "violation_recall": 0.8205128205128205,
  "non_violation_recall": 0.7941176470588235,
  "confusion_matrix": [
    [
      27,
      7
    ],
    [
      7,
      32
    ]
  ]
}