{
  "model": "openai/gpt-4o-mini",
  "directory": "compareCommunities5/t5_2te6p/t5_2w2s8",
  "num_tests": 100,
  "num_successes": 90,
  "batch_size": 5,
  "accuracy": 0.7777777777777778,
  "violation_precision": 0.8571428571428571,
  "non_violation_precision": 0.7272727272727273,
  "violation_recall": 0.6666666666666666,
  "non_violation_recall": 0.8888888888888888,
  "confusion_matrix": [
    [
      40,
      5
    ],
    [
      15,
      30
    ]
  ]
}