{
  "model": "openai/gpt-oss-120b:free",
  "directory": "compareCommunitiesOLDPROMPT/t5_2xhvq/t5_3h47q",
  "num_tests": 100,
  "num_successes": 100,
  "batch_size": 20,
  "accuracy": 0.74,
  "violation_precision": 0.9142857142857143,
  "non_violation_precision": 0.6461538461538462,
  "violation_recall": 0.5818181818181818,
  "non_violation_recall": 0.9333333333333333,
  "confusion_matrix": [
    [
      42,
      3
    ],
    [
      23,
      32
    ]
  ]
}