{
  "model": "openai/gpt-4o-mini",
  "directory": "compareCommunities5/t5_2we2n/t5_2qhek",
  "num_tests": 100,
  "num_successes": 96,
  "batch_size": 5,
  "accuracy": 0.8229166666666666,
  "violation_precision": 0.8947368421052632,
  "non_violation_precision": 0.7758620689655172,
  "violation_recall": 0.723404255319149,
  "non_violation_recall": 0.9183673469387755,
  "confusion_matrix": [
    [
      45,
      4
    ],
    [
      13,
      34
    ]
  ]
}