{
  "model": "openai/gpt-4o-mini",
  "directory": "compareCommunities10/t5_10qj6b/t5_2vjre",
  "num_tests": 100,
  "num_successes": 90,
  "batch_size": 10,
  "accuracy": 0.9,
  "violation_precision": 0.9523809523809523,
  "non_violation_precision": 0.8541666666666666,
  "violation_recall": 0.851063829787234,
  "non_violation_recall": 0.9534883720930233,
  "confusion_matrix": [
    [
      41,
      2
    ],
    [
      7,
      40
    ]
  ]
}