{
  "model": "openai/gpt-4o-mini",
  "directory": "compareCommunities5/t5_2qhw9/t5_2qky2",
  "num_tests": 100,
  "num_successes": 82,
  "batch_size": 5,
  "accuracy": 0.7926829268292683,
  "violation_precision": 0.7317073170731707,
  "non_violation_precision": 0.8536585365853658,
  "violation_recall": 0.8333333333333334,
  "non_violation_recall": 0.7608695652173914,
  "confusion_matrix": [
    [
      35,
      11
    ],
    [
      6,
      30
    ]
  ]
}