{
  "model": "openai/gpt-4o-mini",
  "directory": "compareCommunities10/t5_2qhff/t5_2qho4",
  "num_tests": 100,
  "num_successes": 81,
  "batch_size": 10,
  "accuracy": 0.8024691358024691,
  "violation_precision": 0.7446808510638298,
  "non_violation_precision": 0.8823529411764706,
  "violation_recall": 0.8974358974358975,
  "non_violation_recall": 0.7142857142857143,
  "confusion_matrix": [
    [
      30,
      12
    ],
    [
      4,
      35
    ]
  ]
}