{
  "model": "openai/gpt-4o-mini",
  "directory": "compareCommunities10/t5_3560n/t5_hcycg",
  "num_tests": 100,
  "num_successes": 96,
  "batch_size": 10,
  "accuracy": 0.7604166666666666,
  "violation_precision": 0.8611111111111112,
  "non_violation_precision": 0.7,
  "violation_recall": 0.6326530612244898,
  "non_violation_recall": 0.8936170212765957,
  "confusion_matrix": [
    [
      42,
      5
    ],
    [
      18,
      31
    ]
  ]
}