{
  "model": "openai/gpt-4o-mini",
  "directory": "compareCommunities5/t5_2qh3p/t5_hcycg",
  "num_tests": 100,
  "num_successes": 87,
  "batch_size": 5,
  "accuracy": 0.7816091954022989,
  "violation_precision": 0.8484848484848485,
  "non_violation_precision": 0.7407407407407407,
  "violation_recall": 0.6666666666666666,
  "non_violation_recall": 0.8888888888888888,
  "confusion_matrix": [
    [
      40,
      5
    ],
    [
      14,
      28
    ]
  ]
}