{
  "model": "openai/gpt-4o-mini",
  "directory": "compareCommunities10/t5_2qh2s/t5_2qky2",
  "num_tests": 100,
  "num_successes": 82,
  "batch_size": 10,
  "accuracy": 0.8170731707317073,
  "violation_precision": 0.8536585365853658,
  "non_violation_precision": 0.7804878048780488,
  "violation_recall": 0.7954545454545454,
  "non_violation_recall": 0.8421052631578947,
  "confusion_matrix": [
    [
      32,
      6
    ],
    [
      9,
      35
    ]
  ]
}