{
  "model": "openai/gpt-4o-mini",
  "directory": "compareCommunities10/t5_2te6p/t5_3d4x4",
  "num_tests": 100,
  "num_successes": 90,
  "batch_size": 10,
  "accuracy": 0.8555555555555555,
  "violation_precision": 0.7924528301886793,
  "non_violation_precision": 0.9459459459459459,
  "violation_recall": 0.9545454545454546,
  "non_violation_recall": 0.7608695652173914,
  "confusion_matrix": [
    [
      35,
      11
    ],
    [
      2,
      42
    ]
  ]
}