{
  "model": "openai/gpt-4o-mini",
  "directory": "compareCommunities10/t5_2vjre/t5_2te6p",
  "num_tests": 100,
  "num_successes": 99,
  "batch_size": 10,
  "accuracy": 0.7878787878787878,
  "violation_precision": 0.868421052631579,
  "non_violation_precision": 0.7377049180327869,
  "violation_recall": 0.673469387755102,
  "non_violation_recall": 0.9,
  "confusion_matrix": [
    [
      45,
      5
    ],
    [
      16,
      33
    ]
  ]
}