{
  "model": "openai/gpt-oss-120b:free",
  "directory": "compareCommunitiesOLDPROMPT/t5_2qhw9/t5_2qhw9_Run4",
  "num_tests": 100,
  "num_successes": 100,
  "batch_size": 20,
  "accuracy": 0.88,
  "violation_precision": 0.8648648648648649,
  "non_violation_precision": 0.8888888888888888,
  "violation_recall": 0.8205128205128205,
  "non_violation_recall": 0.9180327868852459,
  "confusion_matrix": [
    [
      56,
      5
    ],
    [
      7,
      32
    ]
  ]
}