{
  "model": "openai/gpt-4o-mini",
  "directory": "compareCommunities5/t5_2qhds/t5_2vq0w",
  "num_tests": 100,
  "num_successes": 83,
  "batch_size": 5,
  "accuracy": 0.8554216867469879,
  "violation_precision": 0.8974358974358975,
  "non_violation_precision": 0.8181818181818182,
  "violation_recall": 0.813953488372093,
  "non_violation_recall": 0.9,
  "confusion_matrix": [
    [
      36,
      4
    ],
    [
      8,
      35
    ]
  ]
}