{
  "model": "openai/gpt-4o-mini",
  "directory": "compareCommunities10/t5_2qh3p/t5_3d4x4",
  "num_tests": 100,
  "num_successes": 76,
  "batch_size": 10,
  "accuracy": 0.8157894736842105,
  "violation_precision": 0.7674418604651163,
  "non_violation_precision": 0.8787878787878788,
  "violation_recall": 0.8918918918918919,
  "non_violation_recall": 0.7435897435897436,
  "confusion_matrix": [
    [
      29,
      10
    ],
    [
      4,
      33
    ]
  ]
}