{
  "model": "openai/gpt-4o-mini",
  "directory": "compareCommunities10/t5_2qh3p/t5_2qlxw",
  "num_tests": 100,
  "num_successes": 96,
  "batch_size": 10,
  "accuracy": 0.8958333333333334,
  "violation_precision": 0.8936170212765957,
  "non_violation_precision": 0.8979591836734694,
  "violation_recall": 0.8936170212765957,
  "non_violation_recall": 0.8979591836734694,
  "confusion_matrix": [
    [
      44,
      5
    ],
    [
      5,
      42
    ]
  ]
}