{
  "model": "openai/gpt-4o-mini",
  "directory": "compareCommunities5/t5_3560n/t5_3h47q",
  "num_tests": 100,
  "num_successes": 96,
  "batch_size": 5,
  "accuracy": 0.8020833333333334,
  "violation_precision": 0.8974358974358975,
  "non_violation_precision": 0.7368421052631579,
  "violation_recall": 0.7,
  "non_violation_recall": 0.9130434782608695,
  "confusion_matrix": [
    [
      42,
      4
    ],
    [
      15,
      35
    ]
  ]
}