{
  "model": "openai/gpt-4o-mini",
  "directory": "compareCommunities10/t5_2sokd/t5_3d4x4",
  "num_tests": 100,
  "num_successes": 95,
  "batch_size": 10,
  "accuracy": 0.8526315789473684,
  "violation_precision": 0.8076923076923077,
  "non_violation_precision": 0.9069767441860465,
  "violation_recall": 0.9130434782608695,
  "non_violation_recall": 0.7959183673469388,
  "confusion_matrix": [
    [
      39,
      10
    ],
    [
      4,
      42
    ]
  ]
}