{
  "model": "openai/gpt-4o-mini",
  "directory": "compareCommunities5/t5_3h47q/t5_2sokd",
  "num_tests": 100,
  "num_successes": 93,
  "batch_size": 5,
  "accuracy": 0.7741935483870968,
  "violation_precision": 0.7804878048780488,
  "non_violation_precision": 0.7692307692307693,
  "violation_recall": 0.7272727272727273,
  "non_violation_recall": 0.8163265306122449,
  "confusion_matrix": [
    [
      40,
      9
    ],
    [
      12,
      32
    ]
  ]
}