{
  "model": "openai/gpt-4o-mini",
  "directory": "compareCommunities10/t5_2sokd/t5_2qh2v",
  "num_tests": 100,
  "num_successes": 84,
  "batch_size": 10,
  "accuracy": 0.8095238095238095,
  "violation_precision": 0.7674418604651163,
  "non_violation_precision": 0.8536585365853658,
  "violation_recall": 0.8461538461538461,
  "non_violation_recall": 0.7777777777777778,
  "confusion_matrix": [
    [
      35,
      10
    ],
    [
      6,
      33
    ]
  ]
}