{
  "model": "openai/gpt-4o-mini",
  "directory": "compareCommunities5/t5_2qstm/t5_2sokd",
  "num_tests": 100,
  "num_successes": 95,
  "batch_size": 5,
  "accuracy": 0.8315789473684211,
  "violation_precision": 0.7843137254901961,
  "non_violation_precision": 0.8863636363636364,
  "violation_recall": 0.8888888888888888,
  "non_violation_recall": 0.78,
  "confusion_matrix": [
    [
      39,
      11
    ],
    [
      5,
      40
    ]
  ]
}