{
  "model": "openai/gpt-4o-mini",
  "directory": "compareCommunities5/t5_2r05i/t5_2qhds",
  "num_tests": 100,
  "num_successes": 81,
  "batch_size": 5,
  "accuracy": 0.8641975308641975,
  "violation_precision": 0.9230769230769231,
  "non_violation_precision": 0.8095238095238095,
  "violation_recall": 0.8181818181818182,
  "non_violation_recall": 0.918918918918919,
  "confusion_matrix": [
    [
      34,
      3
    ],
    [
      8,
      36
    ]
  ]
}