{
  "model": "openai/gpt-4o-mini",
  "directory": "compareCommunities10/t5_2qstm/t5_2qh3p",
  "num_tests": 100,
  "num_successes": 88,
  "batch_size": 10,
  "accuracy": 0.8295454545454546,
  "violation_precision": 0.7924528301886793,
  "non_violation_precision": 0.8857142857142857,
  "violation_recall": 0.9130434782608695,
  "non_violation_recall": 0.7380952380952381,
  "confusion_matrix": [
    [
      31,
      11
    ],
    [
      4,
      42
    ]
  ]
}