{
  "model": "openai/gpt-4o-mini",
  "directory": "compareCommunities10/t5_2we2n/t5_2qhff",
  "num_tests": 100,
  "num_successes": 81,
  "batch_size": 10,
  "accuracy": 0.8518518518518519,
  "violation_precision": 0.8333333333333334,
  "non_violation_precision": 0.8717948717948718,
  "violation_recall": 0.875,
  "non_violation_recall": 0.8292682926829268,
  "confusion_matrix": [
    [
      34,
      7
    ],
    [
      5,
      35
    ]
  ]
}