{
  "model": "openai/gpt-4o-mini",
  "directory": "compareCommunities5/t5_2rawz/t5_2qho4",
  "num_tests": 100,
  "num_successes": 89,
  "batch_size": 5,
  "accuracy": 0.8089887640449438,
  "violation_precision": 0.7543859649122807,
  "non_violation_precision": 0.90625,
  "violation_recall": 0.9347826086956522,
  "non_violation_recall": 0.6744186046511628,
  "confusion_matrix": [
    [
      29,
      14
    ],
    [
      3,
      43
    ]
  ]
}