{
  "model": "openai/gpt-4o-mini",
  "directory": "compareCommunities10/t5_2sokd/t5_2rawz",
  "num_tests": 100,
  "num_successes": 94,
  "batch_size": 10,
  "accuracy": 0.8829787234042553,
  "violation_precision": 0.975,
  "non_violation_precision": 0.8148148148148148,
  "violation_recall": 0.7959183673469388,
  "non_violation_recall": 0.9777777777777777,
  "confusion_matrix": [
    [
      44,
      1
    ],
    [
      10,
      39
    ]
  ]
}