{
  "model": "openai/gpt-4o-mini",
  "directory": "compareCommunities5/t5_2xhvq/t5_2qky2",
  "num_tests": 100,
  "num_successes": 83,
  "batch_size": 5,
  "accuracy": 0.8192771084337349,
  "violation_precision": 0.7619047619047619,
  "non_violation_precision": 0.8780487804878049,
  "violation_recall": 0.8648648648648649,
  "non_violation_recall": 0.782608695652174,
  "confusion_matrix": [
    [
      36,
      10
    ],
    [
      5,
      32
    ]
  ]
}