{
  "model": "openai/gpt-4o-mini",
  "directory": "compareCommunities10/t5_2qh2v/t5_2qhw9",
  "num_tests": 100,
  "num_successes": 81,
  "batch_size": 10,
  "accuracy": 0.8888888888888888,
  "violation_precision": 0.9487179487179487,
  "non_violation_precision": 0.8333333333333334,
  "violation_recall": 0.8409090909090909,
  "non_violation_recall": 0.9459459459459459,
  "confusion_matrix": [
    [
      35,
      2
    ],
    [
      7,
      37
    ]
  ]
}