{
  "model": "openai/gpt-4o-mini",
  "directory": "compareCommunities/t5_2qhw9/t5_2xhvq",
  "num_tests": 100,
  "num_successes": 85,
  "batch_size": 20,
  "accuracy": 0.8941176470588236,
  "violation_precision": 0.9473684210526315,
  "non_violation_precision": 0.851063829787234,
  "violation_recall": 0.8372093023255814,
  "non_violation_recall": 0.9523809523809523,
  "confusion_matrix": [
    [
      40,
      2
    ],
    [
      7,
      36
    ]
  ]
}