{
  "model": "openai/gpt-4o-mini",
  "directory": "compareCommunities5/t5_10qj6b/t5_2vq0w",
  "num_tests": 100,
  "num_successes": 87,
  "batch_size": 5,
  "accuracy": 0.8275862068965517,
  "violation_precision": 0.8372093023255814,
  "non_violation_precision": 0.8181818181818182,
  "violation_recall": 0.8181818181818182,
  "non_violation_recall": 0.8372093023255814,
  "confusion_matrix": [
    [
      36,
      7
    ],
    [
      8,
      36
    ]
  ]
}