{
  "model": "openai/gpt-4o-mini",
  "directory": "compareCommunities10/t5_2qhvo/t5_2qhds",
  "num_tests": 100,
  "num_successes": 78,
  "batch_size": 10,
  "accuracy": 0.8076923076923077,
  "violation_precision": 0.84375,
  "non_violation_precision": 0.782608695652174,
  "violation_recall": 0.7297297297297297,
  "non_violation_recall": 0.8780487804878049,
  "confusion_matrix": [
    [
      36,
      5
    ],
    [
      10,
      27
    ]
  ]
}