{
  "model": "openai/gpt-4o-mini",
  "directory": "compareCommunities5/t5_2w2s8/t5_2qho4",
  "num_tests": 100,
  "num_successes": 86,
  "batch_size": 5,
  "accuracy": 0.8255813953488372,
  "violation_precision": 0.7647058823529411,
  "non_violation_precision": 0.9142857142857143,
  "violation_recall": 0.9285714285714286,
  "non_violation_recall": 0.7272727272727273,
  "confusion_matrix": [
    [
      32,
      12
    ],
    [
      3,
      39
    ]
  ]
}