{
  "model": "openai/gpt-4o-mini",
  "directory": "compareCommunities5/t5_3cr3o/t5_2qknd",
  "num_tests": 100,
  "num_successes": 92,
  "batch_size": 5,
  "accuracy": 0.7717391304347826,
  "violation_precision": 0.96,
  "non_violation_precision": 0.7014925373134329,
  "violation_recall": 0.5454545454545454,
  "non_violation_recall": 0.9791666666666666,
  "confusion_matrix": [
    [
      47,
      1
    ],
    [
      20,
      24
    ]
  ]
}