{
  "model": "openai/gpt-4o-mini",
  "directory": "compareCommunities5/t5_2qh3p/t5_2qho4",
  "num_tests": 100,
  "num_successes": 80,
  "batch_size": 5,
  "accuracy": 0.9,
  "violation_precision": 0.8604651162790697,
  "non_violation_precision": 0.9459459459459459,
  "violation_recall": 0.9487179487179487,
  "non_violation_recall": 0.8536585365853658,
  "confusion_matrix": [
    [
      35,
      6
    ],
    [
      2,
      37
    ]
  ]
}