{
  "model": "openai/gpt-4o-mini",
  "directory": "compareCommunities10/t5_2qknd/t5_2qho4",
  "num_tests": 100,
  "num_successes": 71,
  "batch_size": 10,
  "accuracy": 0.9014084507042254,
  "violation_precision": 0.8947368421052632,
  "non_violation_precision": 0.9090909090909091,
  "violation_recall": 0.918918918918919,
  "non_violation_recall": 0.8823529411764706,
  "confusion_matrix": [
    [
      30,
      4
    ],
    [
      3,
      34
    ]
  ]
}