{
  "model": "openai/gpt-4o-mini",
  "directory": "compareCommunities5/t5_2w2s8/t5_2qknd",
  "num_tests": 100,
  "num_successes": 91,
  "batch_size": 5,
  "accuracy": 0.7692307692307693,
  "violation_precision": 0.9583333333333334,
  "non_violation_precision": 0.7014925373134329,
  "violation_recall": 0.5348837209302325,
  "non_violation_recall": 0.9791666666666666,
  "confusion_matrix": [
    [
      47,
      1
    ],
    [
      20,
      23
    ]
  ]
}