{
  "model": "openai/gpt-4o-mini",
  "directory": "compareCommunities5/t5_2qstm/t5_2qhek",
  "num_tests": 100,
  "num_successes": 97,
  "batch_size": 5,
  "accuracy": 0.8350515463917526,
  "violation_precision": 0.8780487804878049,
  "non_violation_precision": 0.8035714285714286,
  "violation_recall": 0.7659574468085106,
  "non_violation_recall": 0.9,
  "confusion_matrix": [
    [
      45,
      5
    ],
    [
      11,
      36
    ]
  ]
}