{
  "model": "openai/gpt-4o-mini",
  "directory": "compareCommunities10/t5_2xhvq/t5_2qlxw",
  "num_tests": 100,
  "num_successes": 79,
  "batch_size": 10,
  "accuracy": 0.8860759493670886,
  "violation_precision": 0.8888888888888888,
  "non_violation_precision": 0.8837209302325582,
  "violation_recall": 0.8648648648648649,
  "non_violation_recall": 0.9047619047619048,
  "confusion_matrix": [
    [
      38,
      4
    ],
    [
      5,
      32
    ]
  ]
}