{
  "model": "openai/gpt-4o-mini",
  "directory": "compareCommunities5/t5_2qhek/t5_2xhvq",
  "num_tests": 100,
  "num_successes": 91,
  "batch_size": 5,
  "accuracy": 0.8461538461538461,
  "violation_precision": 0.8333333333333334,
  "non_violation_precision": 0.8604651162790697,
  "violation_recall": 0.8695652173913043,
  "non_violation_recall": 0.8222222222222222,
  "confusion_matrix": [
    [
      37,
      8
    ],
    [
      6,
      40
    ]
  ]
}