{
  "model": "openai/gpt-4o-mini",
  "directory": "compareCommunities5/t5_2rawz/t5_2sokd",
  "num_tests": 100,
  "num_successes": 94,
  "batch_size": 5,
  "accuracy": 0.7659574468085106,
  "violation_precision": 0.7446808510638298,
  "non_violation_precision": 0.7872340425531915,
  "violation_recall": 0.7777777777777778,
  "non_violation_recall": 0.7551020408163265,
  "confusion_matrix": [
    [
      37,
      12
    ],
    [
      10,
      35
    ]
  ]
}