{
  "model": "openai/gpt-4o-mini",
  "directory": "compareCommunities5/t5_2vjre/t5_3h47q",
  "num_tests": 100,
  "num_successes": 95,
  "batch_size": 5,
  "accuracy": 0.7578947368421053,
  "violation_precision": 0.8823529411764706,
  "non_violation_precision": 0.6885245901639344,
  "violation_recall": 0.6122448979591837,
  "non_violation_recall": 0.9130434782608695,
  "confusion_matrix": [
    [
      42,
      4
    ],
    [
      19,
      30
    ]
  ]
}