{
  "model": "openai/gpt-4o-mini",
  "directory": "compareCommunities10/t5_2qlxw/t5_2vjre",
  "num_tests": 100,
  "num_successes": 95,
  "batch_size": 10,
  "accuracy": 0.9052631578947369,
  "violation_precision": 0.8979591836734694,
  "non_violation_precision": 0.9130434782608695,
  "violation_recall": 0.9166666666666666,
  "non_violation_recall": 0.8936170212765957,
  "confusion_matrix": [
    [
      42,
      5
    ],
    [
      4,
      44
    ]
  ]
}