{
  "model": "openai/gpt-4o-mini",
  "directory": "compareCommunities10/t5_2sokd/t5_2sokd",
  "num_tests": 100,
  "num_successes": 77,
  "batch_size": 10,
  "accuracy": 0.7662337662337663,
  "violation_precision": 0.723404255319149,
  "non_violation_precision": 0.8333333333333334,
  "violation_recall": 0.8717948717948718,
  "non_violation_recall": 0.6578947368421053,
  "confusion_matrix": [
    [
      25,
      13
    ],
    [
      5,
      34
    ]
  ]
}