{
  "model": "openai/gpt-4o-mini",
  "directory": "compareCommunities5/t5_2qhw9/t5_2we2n",
  "num_tests": 100,
  "num_successes": 84,
  "batch_size": 5,
  "accuracy": 0.8214285714285714,
  "violation_precision": 0.9310344827586207,
  "non_violation_precision": 0.7636363636363637,
  "violation_recall": 0.675,
  "non_violation_recall": 0.9545454545454546,
  "confusion_matrix": [
    [
      42,
      2
    ],
    [
      13,
      27
    ]
  ]
}