{
  "model": "openai/gpt-oss-120b:free",
  "directory": "compareCommunitiesOLDPROMPT/t5_2qhw9/t5_2xhvq",
  "num_tests": 100,
  "num_successes": 100,
  "batch_size": 20,
  "accuracy": 0.9,
  "violation_precision": 0.9038461538461539,
  "non_violation_precision": 0.8958333333333334,
  "violation_recall": 0.9038461538461539,
  "non_violation_recall": 0.8958333333333334,
  "confusion_matrix": [
    [
      43,
      5
    ],
    [
      5,
      47
    ]
  ]
}