{
  "model": "openai/gpt-4o-mini",
  "directory": "compareCommunities5/t5_3h47q/t5_2w2s8",
  "num_tests": 100,
  "num_successes": 98,
  "batch_size": 5,
  "accuracy": 0.8367346938775511,
  "violation_precision": 0.8837209302325582,
  "non_violation_precision": 0.8,
  "violation_recall": 0.7755102040816326,
  "non_violation_recall": 0.8979591836734694,
  "confusion_matrix": [
    [
      44,
      5
    ],
    [
      11,
      38
    ]
  ]
}