{
  "model": "openai/gpt-oss-120b:free",
  "directory": "compareCommunitiesOLDPROMPT/t5_2w2s8/t5_2qhw9",
  "num_tests": 100,
  "num_successes": 100,
  "batch_size": 20,
  "accuracy": 0.86,
  "violation_precision": 0.8378378378378378,
  "non_violation_precision": 0.873015873015873,
  "violation_recall": 0.7948717948717948,
  "non_violation_recall": 0.9016393442622951,
  "confusion_matrix": [
    [
      55,
      6
    ],
    [
      8,
      31
    ]
  ]
}