{
  "model": "openai/gpt-4o-mini",
  "directory": "compareCommunities10/t5_2qky2/t5_2we2n",
  "num_tests": 100,
  "num_successes": 76,
  "batch_size": 10,
  "accuracy": 0.8026315789473685,
  "violation_precision": 0.9333333333333333,
  "non_violation_precision": 0.717391304347826,
  "violation_recall": 0.6829268292682927,
  "non_violation_recall": 0.9428571428571428,
  "confusion_matrix": [
    [
      33,
      2
    ],
    [
      13,
      28
    ]
  ]
}