{
  "model": "openai/gpt-4o-mini",
  "directory": "compareCommunities5/t5_2qhds/t5_2xhvq",
  "num_tests": 100,
  "num_successes": 98,
  "batch_size": 5,
  "accuracy": 0.8571428571428571,
  "violation_precision": 0.8723404255319149,
  "non_violation_precision": 0.8431372549019608,
  "violation_recall": 0.8367346938775511,
  "non_violation_recall": 0.8775510204081632,
  "confusion_matrix": [
    [
      43,
      6
    ],
    [
      8,
      41
    ]
  ]
}