{
  "model": "openai/gpt-4o-mini",
  "directory": "compareCommunities10/t5_2qhff/t5_2qknd",
  "num_tests": 100,
  "num_successes": 82,
  "batch_size": 10,
  "accuracy": 0.7804878048780488,
  "violation_precision": 0.9565217391304348,
  "non_violation_precision": 0.711864406779661,
  "violation_recall": 0.5641025641025641,
  "non_violation_recall": 0.9767441860465116,
  "confusion_matrix": [
    [
      42,
      1
    ],
    [
      17,
      22
    ]
  ]
}