{
  "model": "openai/gpt-oss-120b:free",
  "directory": "compareCommunities/t5_2vjre/t5_2rnve",
  "num_tests": 100,
  "num_successes": 87,
  "batch_size": 20,
  "accuracy": 0.9540229885057471,
  "violation_precision": 0.9782608695652174,
  "non_violation_precision": 0.926829268292683,
  "violation_recall": 0.9375,
  "non_violation_recall": 0.9743589743589743,
  "confusion_matrix": [
    [
      38,
      1
    ],
    [
      3,
      45
    ]
  ]
}