{
  "model": "openai/gpt-4o-mini",
  "directory": "compareCommunities10/t5_2we2n/t5_2vq0w",
  "num_tests": 100,
  "num_successes": 90,
  "batch_size": 10,
  "accuracy": 0.8555555555555555,
  "violation_precision": 0.8260869565217391,
  "non_violation_precision": 0.8863636363636364,
  "violation_recall": 0.8837209302325582,
  "non_violation_recall": 0.8297872340425532,
  "confusion_matrix": [
    [
      39,
      8
    ],
    [
      5,
      38
    ]
  ]
}