{
  "model": "openai/gpt-4o-mini",
  "directory": "compareCommunities10/t5_2qhek/t5_2qhw9",
  "num_tests": 100,
  "num_successes": 80,
  "batch_size": 10,
  "accuracy": 0.875,
  "violation_precision": 0.8974358974358975,
  "non_violation_precision": 0.8536585365853658,
  "violation_recall": 0.8536585365853658,
  "non_violation_recall": 0.8974358974358975,
  "confusion_matrix": [
    [
      35,
      4
    ],
    [
      6,
      35
    ]
  ]
}