{
  "model": "openai/gpt-4o-mini",
  "directory": "compareCommunities10/t5_2w2s8/t5_2vq0w",
  "num_tests": 100,
  "num_successes": 99,
  "batch_size": 10,
  "accuracy": 0.8383838383838383,
  "violation_precision": 0.851063829787234,
  "non_violation_precision": 0.8269230769230769,
  "violation_recall": 0.8163265306122449,
  "non_violation_recall": 0.86,
  "confusion_matrix": [
    [
      43,
      7
    ],
    [
      9,
      40
    ]
  ]
}