{
  "model": "openai/gpt-4o-mini",
  "directory": "compareCommunities10/t5_2sokd/t5_2qho4",
  "num_tests": 100,
  "num_successes": 77,
  "batch_size": 10,
  "accuracy": 0.8181818181818182,
  "violation_precision": 0.7674418604651163,
  "non_violation_precision": 0.8823529411764706,
  "violation_recall": 0.8918918918918919,
  "non_violation_recall": 0.75,
  "confusion_matrix": [
    [
      30,
      10
    ],
    [
      4,
      33
    ]
  ]
}