{
  "model": "openai/gpt-4o-mini",
  "directory": "compareCommunities5/t5_2we2n/t5_2qh6c",
  "num_tests": 100,
  "num_successes": 89,
  "batch_size": 5,
  "accuracy": 0.8426966292134831,
  "violation_precision": 0.7636363636363637,
  "non_violation_precision": 0.9705882352941176,
  "violation_recall": 0.9767441860465116,
  "non_violation_recall": 0.717391304347826,
  "confusion_matrix": [
    [
      33,
      13
    ],
    [
      1,
      42
    ]
  ]
}