{
  "model": "openai/gpt-4o-mini",
  "directory": "compareCommunities/t5_2xhvq/t5_2xhvq",
  "num_tests": 100,
  "num_successes": 89,
  "batch_size": 20,
  "accuracy": 0.8876404494382022,
  "violation_precision": 0.9285714285714286,
  "non_violation_precision": 0.851063829787234,
  "violation_recall": 0.8478260869565217,
  "non_violation_recall": 0.9302325581395349,
  "confusion_matrix": [
    [
      40,
      3
    ],
    [
      7,
      39
    ]
  ]
}