{
  "model": "openai/gpt-4o-mini",
  "directory": "compareCommunities10/t5_2sokd/t5_2xhvq",
  "num_tests": 100,
  "num_successes": 99,
  "batch_size": 10,
  "accuracy": 0.8888888888888888,
  "violation_precision": 0.8958333333333334,
  "non_violation_precision": 0.8823529411764706,
  "violation_recall": 0.8775510204081632,
  "non_violation_recall": 0.9,
  "confusion_matrix": [
    [
      45,
      5
    ],
    [
      6,
      43
    ]
  ]
}