{
  "model": "openai/gpt-4o-mini",
  "directory": "compareCommunities10/t5_3onkg/t5_2qh6c",
  "num_tests": 100,
  "num_successes": 78,
  "batch_size": 10,
  "accuracy": 0.8076923076923077,
  "violation_precision": 0.7441860465116279,
  "non_violation_precision": 0.8857142857142857,
  "violation_recall": 0.8888888888888888,
  "non_violation_recall": 0.7380952380952381,
  "confusion_matrix": [
    [
      31,
      11
    ],
    [
      4,
      32
    ]
  ]
}