{
  "model": "openai/gpt-4o-mini",
  "directory": "compareCommunities5/t5_2rawz/t5_3onkg",
  "num_tests": 100,
  "num_successes": 94,
  "batch_size": 5,
  "accuracy": 0.851063829787234,
  "violation_precision": 0.8478260869565217,
  "non_violation_precision": 0.8541666666666666,
  "violation_recall": 0.8478260869565217,
  "non_violation_recall": 0.8541666666666666,
  "confusion_matrix": [
    [
      41,
      7
    ],
    [
      7,
      39
    ]
  ]
}