{
  "model": "openai/gpt-4o-mini",
  "directory": "compareCommunities5/t5_3cr3o/t5_hcycg",
  "num_tests": 100,
  "num_successes": 95,
  "batch_size": 5,
  "accuracy": 0.7684210526315789,
  "violation_precision": 0.8571428571428571,
  "non_violation_precision": 0.7166666666666667,
  "violation_recall": 0.6382978723404256,
  "non_violation_recall": 0.8958333333333334,
  "confusion_matrix": [
    [
      43,
      5
    ],
    [
      17,
      30
    ]
  ]
}