{
  "model": "openai/gpt-4o-mini",
  "directory": "compareCommunities10/t5_2w2s8/t5_2qstm",
  "num_tests": 100,
  "num_successes": 91,
  "batch_size": 10,
  "accuracy": 0.8571428571428571,
  "violation_precision": 0.9024390243902439,
  "non_violation_precision": 0.82,
  "violation_recall": 0.8043478260869565,
  "non_violation_recall": 0.9111111111111111,
  "confusion_matrix": [
    [
      41,
      4
    ],
    [
      9,
      37
    ]
  ]
}