{
  "model": "openai/gpt-4o-mini",
  "directory": "compareCommunities10/t5_2qh3p/t5_2qhw9",
  "num_tests": 100,
  "num_successes": 85,
  "batch_size": 10,
  "accuracy": 0.8823529411764706,
  "violation_precision": 0.918918918918919,
  "non_violation_precision": 0.8541666666666666,
  "violation_recall": 0.8292682926829268,
  "non_violation_recall": 0.9318181818181818,
  "confusion_matrix": [
    [
      41,
      3
    ],
    [
      7,
      34
    ]
  ]
}