{
  "model": "openai/gpt-4o-mini",
  "directory": "compareCommunities5/t5_2qho4/t5_2qhek",
  "num_tests": 100,
  "num_successes": 92,
  "batch_size": 5,
  "accuracy": 0.8152173913043478,
  "violation_precision": 0.9090909090909091,
  "non_violation_precision": 0.7627118644067796,
  "violation_recall": 0.6818181818181818,
  "non_violation_recall": 0.9375,
  "confusion_matrix": [
    [
      45,
      3
    ],
    [
      14,
      30
    ]
  ]
}