{
  "model": "openai/gpt-4o-mini",
  "directory": "compareCommunities10/t5_3560n/t5_2rawz",
  "num_tests": 100,
  "num_successes": 92,
  "batch_size": 10,
  "accuracy": 0.9021739130434783,
  "violation_precision": 0.9523809523809523,
  "non_violation_precision": 0.86,
  "violation_recall": 0.851063829787234,
  "non_violation_recall": 0.9555555555555556,
  "confusion_matrix": [
    [
      43,
      2
    ],
    [
      7,
      40
    ]
  ]
}