{
  "model": "openai/gpt-4o-mini",
  "directory": "compareCommunities10/t5_2qstm/t5_2sokd",
  "num_tests": 100,
  "num_successes": 89,
  "batch_size": 10,
  "accuracy": 0.8314606741573034,
  "violation_precision": 0.8536585365853658,
  "non_violation_precision": 0.8125,
  "violation_recall": 0.7954545454545454,
  "non_violation_recall": 0.8666666666666667,
  "confusion_matrix": [
    [
      39,
      6
    ],
    [
      9,
      35
    ]
  ]
}