{
  "model": "openai/gpt-4o-mini",
  "directory": "compareCommunities5/t5_2qh2v/t5_2we2n",
  "num_tests": 100,
  "num_successes": 87,
  "batch_size": 5,
  "accuracy": 0.7816091954022989,
  "violation_precision": 0.8666666666666667,
  "non_violation_precision": 0.7368421052631579,
  "violation_recall": 0.6341463414634146,
  "non_violation_recall": 0.9130434782608695,
  "confusion_matrix": [
    [
      42,
      4
    ],
    [
      15,
      26
    ]
  ]
}