{
  "model": "openai/gpt-4o-mini",
  "directory": "compareCommunities5/t5_3h47q/t5_2qhds",
  "num_tests": 100,
  "num_successes": 90,
  "batch_size": 5,
  "accuracy": 0.8555555555555555,
  "violation_precision": 0.8974358974358975,
  "non_violation_precision": 0.8235294117647058,
  "violation_recall": 0.7954545454545454,
  "non_violation_recall": 0.9130434782608695,
  "confusion_matrix": [
    [
      42,
      4
    ],
    [
      9,
      35
    ]
  ]
}