{
  "model": "openai/gpt-4o-mini",
  "directory": "compareCommunities10/t5_3cr3o/t5_2qho4",
  "num_tests": 100,
  "num_successes": 90,
  "batch_size": 10,
  "accuracy": 0.8444444444444444,
  "violation_precision": 0.7777777777777778,
  "non_violation_precision": 0.9444444444444444,
  "violation_recall": 0.9545454545454546,
  "non_violation_recall": 0.7391304347826086,
  "confusion_matrix": [
    [
      34,
      12
    ],
    [
      2,
      42
    ]
  ]
}