{
  "model": "openai/gpt-4o-mini",
  "directory": "compareCommunities5/t5_2qho4/t5_2qh2v",
  "num_tests": 100,
  "num_successes": 85,
  "batch_size": 5,
  "accuracy": 0.9058823529411765,
  "violation_precision": 0.8888888888888888,
  "non_violation_precision": 0.925,
  "violation_recall": 0.9302325581395349,
  "non_violation_recall": 0.8809523809523809,
  "confusion_matrix": [
    [
      37,
      5
    ],
    [
      3,
      40
    ]
  ]
}