{
  "model": "openai/gpt-4o-mini",
  "directory": "compareCommunities5/t5_2qhek/t5_2qky2",
  "num_tests": 100,
  "num_successes": 90,
  "batch_size": 5,
  "accuracy": 0.7333333333333333,
  "violation_precision": 0.6551724137931034,
  "non_violation_precision": 0.875,
  "violation_recall": 0.9047619047619048,
  "non_violation_recall": 0.5833333333333334,
  "confusion_matrix": [
    [
      28,
      20
    ],
    [
      4,
      38
    ]
  ]
}