{
  "model": "openai/gpt-4o-mini",
  "directory": "compareCommunities10/t5_2qh6c/t5_2qh6c",
  "num_tests": 100,
  "num_successes": 88,
  "batch_size": 10,
  "accuracy": 0.875,
  "violation_precision": 0.8148148148148148,
  "non_violation_precision": 0.9705882352941176,
  "violation_recall": 0.9777777777777777,
  "non_violation_recall": 0.7674418604651163,
  "confusion_matrix": [
    [
      33,
      10
    ],
    [
      1,
      44
    ]
  ]
}