{
  "model": "openai/gpt-4o-mini",
  "directory": "compareCommunities10/t5_2qstm/t5_2vjre",
  "num_tests": 100,
  "num_successes": 97,
  "batch_size": 10,
  "accuracy": 0.8865979381443299,
  "violation_precision": 0.8627450980392157,
  "non_violation_precision": 0.9130434782608695,
  "violation_recall": 0.9166666666666666,
  "non_violation_recall": 0.8571428571428571,
  "confusion_matrix": [
    [
      42,
      7
    ],
    [
      4,
      44
    ]
  ]
}