{
  "model": "openai/gpt-4o-mini",
  "directory": "compareCommunities10/t5_2qhek/t5_2vq0w",
  "num_tests": 100,
  "num_successes": 81,
  "batch_size": 10,
  "accuracy": 0.9012345679012346,
  "violation_precision": 0.8636363636363636,
  "non_violation_precision": 0.9459459459459459,
  "violation_recall": 0.95,
  "non_violation_recall": 0.8536585365853658,
  "confusion_matrix": [
    [
      35,
      6
    ],
    [
      2,
      38
    ]
  ]
}