{
  "model": "openai/gpt-oss-120b:free",
  "directory": "compareCommunities/t5_3onkg/t5_2qhff",
  "num_tests": 100,
  "num_successes": 99,
  "batch_size": 20,
  "accuracy": 0.8080808080808081,
  "violation_precision": 0.918918918918919,
  "non_violation_precision": 0.7419354838709677,
  "violation_recall": 0.68,
  "non_violation_recall": 0.9387755102040817,
  "confusion_matrix": [
    [
      46,
      3
    ],
    [
      16,
      34
    ]
  ]
}