{
  "model": "openai/gpt-4o-mini",
  "directory": "compareCommunities5/t5_2te6p/t5_2xhvq",
  "num_tests": 100,
  "num_successes": 91,
  "batch_size": 5,
  "accuracy": 0.8571428571428571,
  "violation_precision": 0.8809523809523809,
  "non_violation_precision": 0.8367346938775511,
  "violation_recall": 0.8222222222222222,
  "non_violation_recall": 0.8913043478260869,
  "confusion_matrix": [
    [
      41,
      5
    ],
    [
      8,
      37
    ]
  ]
}