{
  "model": "openai/gpt-4o-mini",
  "directory": "compareCommunities5/t5_2qho4/t5_2qhvo",
  "num_tests": 100,
  "num_successes": 78,
  "batch_size": 5,
  "accuracy": 0.7435897435897436,
  "violation_precision": 0.7222222222222222,
  "non_violation_precision": 0.7619047619047619,
  "violation_recall": 0.7222222222222222,
  "non_violation_recall": 0.7619047619047619,
  "confusion_matrix": [
    [
      32,
      10
    ],
    [
      10,
      26
    ]
  ]
}