{
  "model": "openai/gpt-4o-mini",
  "directory": "compareCommunities10/t5_2qh2s/t5_2qh3p",
  "num_tests": 100,
  "num_successes": 67,
  "batch_size": 10,
  "accuracy": 0.7761194029850746,
  "violation_precision": 0.8333333333333334,
  "non_violation_precision": 0.7297297297297297,
  "violation_recall": 0.7142857142857143,
  "non_violation_recall": 0.84375,
  "confusion_matrix": [
    [
      27,
      5
    ],
    [
      10,
      25
    ]
  ]
}