{
  "model": "openai/gpt-4o-mini",
  "directory": "compareCommunities5/t5_2vq0w/t5_2xhvq",
  "num_tests": 100,
  "num_successes": 93,
  "batch_size": 5,
  "accuracy": 0.8709677419354839,
  "violation_precision": 0.8723404255319149,
  "non_violation_precision": 0.8695652173913043,
  "violation_recall": 0.8723404255319149,
  "non_violation_recall": 0.8695652173913043,
  "confusion_matrix": [
    [
      40,
      6
    ],
    [
      6,
      41
    ]
  ]
}