{
  "model": "openai/gpt-4o-mini",
  "directory": "compareCommunities5/t5_hcycg/t5_2qhw9",
  "num_tests": 100,
  "num_successes": 92,
  "batch_size": 5,
  "accuracy": 0.8586956521739131,
  "violation_precision": 0.8571428571428571,
  "non_violation_precision": 0.8604651162790697,
  "violation_recall": 0.875,
  "non_violation_recall": 0.8409090909090909,
  "confusion_matrix": [
    [
      37,
      7
    ],
    [
      6,
      42
    ]
  ]
}