{
  "model": "openai/gpt-4o-mini",
  "directory": "compareCommunities5/t5_2qknd/t5_2qh3p",
  "num_tests": 100,
  "num_successes": 87,
  "batch_size": 5,
  "accuracy": 0.8275862068965517,
  "violation_precision": 0.7647058823529411,
  "non_violation_precision": 0.9166666666666666,
  "violation_recall": 0.9285714285714286,
  "non_violation_recall": 0.7333333333333333,
  "confusion_matrix": [
    [
      33,
      12
    ],
    [
      3,
      39
    ]
  ]
}