{
  "model": "openai/gpt-4o-mini",
  "directory": "compareCommunities5/t5_2rnve/t5_2we2n",
  "num_tests": 100,
  "num_successes": 86,
  "batch_size": 5,
  "accuracy": 0.8255813953488372,
  "violation_precision": 0.825,
  "non_violation_precision": 0.8260869565217391,
  "violation_recall": 0.8048780487804879,
  "non_violation_recall": 0.8444444444444444,
  "confusion_matrix": [
    [
      38,
      7
    ],
    [
      8,
      33
    ]
  ]
}