{
  "model": "openai/gpt-4o-mini",
  "directory": "compareCommunities10/t5_2qh2s/t5_2qhff",
  "num_tests": 100,
  "num_successes": 82,
  "batch_size": 10,
  "accuracy": 0.8414634146341463,
  "violation_precision": 0.9166666666666666,
  "non_violation_precision": 0.782608695652174,
  "violation_recall": 0.7674418604651163,
  "non_violation_recall": 0.9230769230769231,
  "confusion_matrix": [
    [
      36,
      3
    ],
    [
      10,
      33
    ]
  ]
}