{
  "model": "openai/gpt-4o-mini",
  "directory": "compareCommunities5/t5_2rnve/t5_hcycg",
  "num_tests": 100,
  "num_successes": 89,
  "batch_size": 5,
  "accuracy": 0.7752808988764045,
  "violation_precision": 0.8378378378378378,
  "non_violation_precision": 0.7307692307692307,
  "violation_recall": 0.6888888888888889,
  "non_violation_recall": 0.8636363636363636,
  "confusion_matrix": [
    [
      38,
      6
    ],
    [
      14,
      31
    ]
  ]
}