{
  "model": "openai/gpt-4o-mini",
  "directory": "compareCommunities5/t5_2qh3p/t5_2qhw9",
  "num_tests": 100,
  "num_successes": 97,
  "batch_size": 5,
  "accuracy": 0.8762886597938144,
  "violation_precision": 0.8958333333333334,
  "non_violation_precision": 0.8571428571428571,
  "violation_recall": 0.86,
  "non_violation_recall": 0.8936170212765957,
  "confusion_matrix": [
    [
      42,
      5
    ],
    [
      7,
      43
    ]
  ]
}