{
  "model": "openai/gpt-4o-mini",
  "directory": "compareCommunities5/t5_2qh2v/t5_2qhff",
  "num_tests": 100,
  "num_successes": 87,
  "batch_size": 5,
  "accuracy": 0.8160919540229885,
  "violation_precision": 0.8333333333333334,
  "non_violation_precision": 0.8,
  "violation_recall": 0.7954545454545454,
  "non_violation_recall": 0.8372093023255814,
  "confusion_matrix": [
    [
      36,
      7
    ],
    [
      9,
      35
    ]
  ]
}