{
  "model": "openai/gpt-4o-mini",
  "directory": "compareCommunities10/t5_hcycg/t5_2rawz",
  "num_tests": 100,
  "num_successes": 94,
  "batch_size": 10,
  "accuracy": 0.9042553191489362,
  "violation_precision": 0.9545454545454546,
  "non_violation_precision": 0.86,
  "violation_recall": 0.8571428571428571,
  "non_violation_recall": 0.9555555555555556,
  "confusion_matrix": [
    [
      43,
      2
    ],
    [
      7,
      42
    ]
  ]
}