{
  "model": "openai/gpt-4o-mini",
  "directory": "compareCommunities10/t5_2rnve/t5_2vq0w",
  "num_tests": 100,
  "num_successes": 75,
  "batch_size": 10,
  "accuracy": 0.9066666666666666,
  "violation_precision": 0.875,
  "non_violation_precision": 0.9428571428571428,
  "violation_recall": 0.9459459459459459,
  "non_violation_recall": 0.868421052631579,
  "confusion_matrix": [
    [
      33,
      5
    ],
    [
      2,
      35
    ]
  ]
}