{
  "model": "openai/gpt-4o-mini",
  "directory": "compareCommunities10/t5_2rnve/t5_2qhw9",
  "num_tests": 100,
  "num_successes": 87,
  "batch_size": 10,
  "accuracy": 0.8505747126436781,
  "violation_precision": 0.8604651162790697,
  "non_violation_precision": 0.8409090909090909,
  "violation_recall": 0.8409090909090909,
  "non_violation_recall": 0.8604651162790697,
  "confusion_matrix": [
    [
      37,
      6
    ],
    [
      7,
      37
    ]
  ]
}