{
  "model": "openai/gpt-4o-mini",
  "directory": "compareCommunities5/t5_2qstm/t5_2w2s8",
  "num_tests": 100,
  "num_successes": 91,
  "batch_size": 5,
  "accuracy": 0.8131868131868132,
  "violation_precision": 0.8571428571428571,
  "non_violation_precision": 0.7755102040816326,
  "violation_recall": 0.7659574468085106,
  "non_violation_recall": 0.8636363636363636,
  "confusion_matrix": [
    [
      38,
      6
    ],
    [
      11,
      36
    ]
  ]
}