{
  "model": "openai/gpt-4o-mini",
  "directory": "compareCommunities5/t5_2qhff/t5_2qhff",
  "num_tests": 100,
  "num_successes": 82,
  "batch_size": 5,
  "accuracy": 0.7804878048780488,
  "violation_precision": 0.7659574468085106,
  "non_violation_precision": 0.8,
  "violation_recall": 0.8372093023255814,
  "non_violation_recall": 0.717948717948718,
  "confusion_matrix": [
    [
      28,
      11
    ],
    [
      7,
      36
    ]
  ]
}