{
  "model": "openai/gpt-4o-mini",
  "directory": "compareCommunities5/t5_2qknd/t5_2sokd",
  "num_tests": 100,
  "num_successes": 93,
  "batch_size": 5,
  "accuracy": 0.8172043010752689,
  "violation_precision": 0.8043478260869565,
  "non_violation_precision": 0.8297872340425532,
  "violation_recall": 0.8222222222222222,
  "non_violation_recall": 0.8125,
  "confusion_matrix": [
    [
      39,
      9
    ],
    [
      8,
      37
    ]
  ]
}