{
  "model": "openai/gpt-4o-mini",
  "directory": "compareCommunities10/t5_2w2s8/t5_10qj6b",
  "num_tests": 100,
  "num_successes": 90,
  "batch_size": 10,
  "accuracy": 0.8111111111111111,
  "violation_precision": 0.7954545454545454,
  "non_violation_precision": 0.8260869565217391,
  "violation_recall": 0.813953488372093,
  "non_violation_recall": 0.8085106382978723,
  "confusion_matrix": [
    [
      38,
      9
    ],
    [
      8,
      35
    ]
  ]
}