{
  "model": "openai/gpt-4o-mini",
  "directory": "compareCommunities10/t5_2qho4/t5_3d4x4",
  "num_tests": 100,
  "num_successes": 95,
  "batch_size": 10,
  "accuracy": 0.8631578947368421,
  "violation_precision": 0.8070175438596491,
  "non_violation_precision": 0.9473684210526315,
  "violation_recall": 0.9583333333333334,
  "non_violation_recall": 0.7659574468085106,
  "confusion_matrix": [
    [
      36,
      11
    ],
    [
      2,
      46
    ]
  ]
}