{
  "model": "openai/gpt-4o-mini",
  "directory": "compareCommunities5/t5_2we2n/t5_2qknd",
  "num_tests": 100,
  "num_successes": 96,
  "batch_size": 5,
  "accuracy": 0.78125,
  "violation_precision": 0.9655172413793104,
  "non_violation_precision": 0.7014925373134329,
  "violation_recall": 0.5833333333333334,
  "non_violation_recall": 0.9791666666666666,
  "confusion_matrix": [
    [
      47,
      1
    ],
    [
      20,
      28
    ]
  ]
}