{
  "model": "openai/gpt-oss-120b:free",
  "directory": "compareCommunities/t5_3h47q/t5_2w2s8",
  "num_tests": 100,
  "num_successes": 100,
  "batch_size": 20,
  "accuracy": 0.75,
  "violation_precision": 0.8292682926829268,
  "non_violation_precision": 0.6949152542372882,
  "violation_recall": 0.6538461538461539,
  "non_violation_recall": 0.8541666666666666,
  "confusion_matrix": [
    [
      41,
      7
    ],
    [
      18,
      34
    ]
  ]
}