{
  "model": "openai/gpt-4o-mini",
  "directory": "compareCommunities5/t5_2te6p/t5_2qhvo",
  "num_tests": 100,
  "num_successes": 77,
  "batch_size": 5,
  "accuracy": 0.7532467532467533,
  "violation_precision": 0.7714285714285715,
  "non_violation_precision": 0.7380952380952381,
  "violation_recall": 0.7105263157894737,
  "non_violation_recall": 0.7948717948717948,
  "confusion_matrix": [
    [
      31,
      8
    ],
    [
      11,
      27
    ]
  ]
}