{
  "model": "openai/gpt-4o-mini",
  "directory": "compareCommunities10/t5_2r05i/t5_2we2n",
  "num_tests": 100,
  "num_successes": 91,
  "batch_size": 10,
  "accuracy": 0.8021978021978022,
  "violation_precision": 0.8857142857142857,
  "non_violation_precision": 0.75,
  "violation_recall": 0.6888888888888889,
  "non_violation_recall": 0.9130434782608695,
  "confusion_matrix": [
    [
      42,
      4
    ],
    [
      14,
      31
    ]
  ]
}