{
  "model": "openai/gpt-4o-mini",
  "directory": "compareCommunities5/t5_2rnve/t5_2qh3p",
  "num_tests": 100,
  "num_successes": 91,
  "batch_size": 5,
  "accuracy": 0.7802197802197802,
  "violation_precision": 0.7192982456140351,
  "non_violation_precision": 0.8823529411764706,
  "violation_recall": 0.9111111111111111,
  "non_violation_recall": 0.6521739130434783,
  "confusion_matrix": [
    [
      30,
      16
    ],
    [
      4,
      41
    ]
  ]
}