{
  "model": "openai/gpt-4o-mini",
  "directory": "compareCommunities10/t5_2qhff/t5_2qlxw",
  "num_tests": 100,
  "num_successes": 84,
  "batch_size": 10,
  "accuracy": 0.8690476190476191,
  "violation_precision": 0.8947368421052632,
  "non_violation_precision": 0.8478260869565217,
  "violation_recall": 0.8292682926829268,
  "non_violation_recall": 0.9069767441860465,
  "confusion_matrix": [
    [
      39,
      4
    ],
    [
      7,
      34
    ]
  ]
}