{
  "model": "openai/gpt-4o-mini",
  "directory": "compareCommunities10/t5_2qhek/t5_2qh6c",
  "num_tests": 100,
  "num_successes": 84,
  "batch_size": 10,
  "accuracy": 0.8214285714285714,
  "violation_precision": 0.75,
  "non_violation_precision": 0.9642857142857143,
  "violation_recall": 0.9767441860465116,
  "non_violation_recall": 0.6585365853658537,
  "confusion_matrix": [
    [
      27,
      14
    ],
    [
      1,
      42
    ]
  ]
}