{
  "model": "openai/gpt-4o-mini",
  "directory": "compareCommunities10/t5_3h47q/t5_2qh3p",
  "num_tests": 100,
  "num_successes": 92,
  "batch_size": 10,
  "accuracy": 0.8152173913043478,
  "violation_precision": 0.8260869565217391,
  "non_violation_precision": 0.8043478260869565,
  "violation_recall": 0.8085106382978723,
  "non_violation_recall": 0.8222222222222222,
  "confusion_matrix": [
    [
      37,
      8
    ],
    [
      9,
      38
    ]
  ]
}