{
  "model": "openai/gpt-4o-mini",
  "directory": "compareCommunities10/t5_3onkg/t5_2qky2",
  "num_tests": 100,
  "num_successes": 74,
  "batch_size": 10,
  "accuracy": 0.8513513513513513,
  "violation_precision": 0.8536585365853658,
  "non_violation_precision": 0.8484848484848485,
  "violation_recall": 0.875,
  "non_violation_recall": 0.8235294117647058,
  "confusion_matrix": [
    [
      28,
      6
    ],
    [
      5,
      35
    ]
  ]
}