{
  "model": "openai/gpt-oss-120b:free",
  "directory": "compareCommunitiesNEW/t5_2qho4",
  "num_tests": 100,
  "num_successes": 100,
  "batch_size": 20,
  "accuracy": 0.82,
  "violation_precision": 0.851063829787234,
  "non_violation_precision": 0.7924528301886793,
  "violation_recall": 0.7843137254901961,
  "non_violation_recall": 0.8571428571428571,
  "confusion_matrix": [
    [
      42,
      7
    ],
    [
      11,
      40
    ]
  ]
}