{
  "model": "openai/gpt-4o-mini",
  "directory": "compareCommunities10/t5_2we2n/t5_2qh2s",
  "num_tests": 100,
  "num_successes": 91,
  "batch_size": 10,
  "accuracy": 0.7912087912087912,
  "violation_precision": 0.8717948717948718,
  "non_violation_precision": 0.7307692307692307,
  "violation_recall": 0.7083333333333334,
  "non_violation_recall": 0.8837209302325582,
  "confusion_matrix": [
    [
      38,
      5
    ],
    [
      14,
      34
    ]
  ]
}