{
  "model": "openai/gpt-4o-mini",
  "directory": "compareCommunities10/t5_2qhek/t5_2qhff",
  "num_tests": 100,
  "num_successes": 91,
  "batch_size": 10,
  "accuracy": 0.8681318681318682,
  "violation_precision": 0.8431372549019608,
  "non_violation_precision": 0.9,
  "violation_recall": 0.9148936170212766,
  "non_violation_recall": 0.8181818181818182,
  "confusion_matrix": [
    [
      36,
      8
    ],
    [
      4,
      43
    ]
  ]
}