{
  "model": "openai/gpt-4o-mini",
  "directory": "compareCommunities5/t5_3onkg/t5_2qh3p",
  "num_tests": 100,
  "num_successes": 92,
  "batch_size": 5,
  "accuracy": 0.8152173913043478,
  "violation_precision": 0.8043478260869565,
  "non_violation_precision": 0.8260869565217391,
  "violation_recall": 0.8222222222222222,
  "non_violation_recall": 0.8085106382978723,
  "confusion_matrix": [
    [
      38,
      9
    ],
    [
      8,
      37
    ]
  ]
}