{
  "model": "openai/gpt-4o-mini",
  "directory": "compareCommunities5/t5_2qhds/t5_2we2n",
  "num_tests": 100,
  "num_successes": 92,
  "batch_size": 5,
  "accuracy": 0.7934782608695652,
  "violation_precision": 0.8157894736842105,
  "non_violation_precision": 0.7777777777777778,
  "violation_recall": 0.7209302325581395,
  "non_violation_recall": 0.8571428571428571,
  "confusion_matrix": [
    [
      42,
      7
    ],
    [
      12,
      31
    ]
  ]
}