{
  "model": "openai/gpt-4o-mini",
  "directory": "compareCommunities10/t5_3cr3o/t5_2qh6c",
  "num_tests": 100,
  "num_successes": 88,
  "batch_size": 10,
  "accuracy": 0.7840909090909091,
  "violation_precision": 0.6949152542372882,
  "non_violation_precision": 0.9655172413793104,
  "violation_recall": 0.9761904761904762,
  "non_violation_recall": 0.6086956521739131,
  "confusion_matrix": [
    [
      28,
      18
    ],
    [
      1,
      41
    ]
  ]
}