{
  "model": "openai/gpt-4o-mini",
  "directory": "compareCommunities10/t5_2qhw9/t5_2r05i",
  "num_tests": 100,
  "num_successes": 94,
  "batch_size": 10,
  "accuracy": 0.8723404255319149,
  "violation_precision": 0.9722222222222222,
  "non_violation_precision": 0.8103448275862069,
  "violation_recall": 0.7608695652173914,
  "non_violation_recall": 0.9791666666666666,
  "confusion_matrix": [
    [
      47,
      1
    ],
    [
      11,
      35
    ]
  ]
}