{
  "model": "openai/gpt-4o-mini",
  "directory": "compareCommunities10/t5_2qh6c/t5_2qho4",
  "num_tests": 100,
  "num_successes": 88,
  "batch_size": 10,
  "accuracy": 0.8636363636363636,
  "violation_precision": 0.8604651162790697,
  "non_violation_precision": 0.8666666666666667,
  "violation_recall": 0.8604651162790697,
  "non_violation_recall": 0.8666666666666667,
  "confusion_matrix": [
    [
      39,
      6
    ],
    [
      6,
      37
    ]
  ]
}