{
  "model": "openai/gpt-4o-mini",
  "directory": "compareCommunities10/t5_2qhvo/t5_2te6p",
  "num_tests": 100,
  "num_successes": 97,
  "batch_size": 10,
  "accuracy": 0.8247422680412371,
  "violation_precision": 0.8604651162790697,
  "non_violation_precision": 0.7962962962962963,
  "violation_recall": 0.7708333333333334,
  "non_violation_recall": 0.8775510204081632,
  "confusion_matrix": [
    [
      43,
      6
    ],
    [
      11,
      37
    ]
  ]
}