{
  "model": "openai/gpt-4o-mini",
  "directory": "compareCommunities5/t5_2rnve/t5_2qhvo",
  "num_tests": 100,
  "num_successes": 86,
  "batch_size": 5,
  "accuracy": 0.7093023255813954,
  "violation_precision": 0.6666666666666666,
  "non_violation_precision": 0.7714285714285715,
  "violation_recall": 0.8095238095238095,
  "non_violation_recall": 0.6136363636363636,
  "confusion_matrix": [
    [
      27,
      17
    ],
    [
      8,
      34
    ]
  ]
}