{
  "model": "openai/gpt-4o-mini",
  "directory": "compareCommunities10/t5_2vq0w/t5_2qh2v",
  "num_tests": 100,
  "num_successes": 77,
  "batch_size": 10,
  "accuracy": 0.8831168831168831,
  "violation_precision": 0.8888888888888888,
  "non_violation_precision": 0.8780487804878049,
  "violation_recall": 0.8648648648648649,
  "non_violation_recall": 0.9,
  "confusion_matrix": [
    [
      36,
      4
    ],
    [
      5,
      32
    ]
  ]
}