{
  "model": "openai/gpt-4o-mini",
  "directory": "compareCommunities10/t5_2qhek/t5_2qky2",
  "num_tests": 100,
  "num_successes": 85,
  "batch_size": 10,
  "accuracy": 0.7764705882352941,
  "violation_precision": 0.7307692307692307,
  "non_violation_precision": 0.8484848484848485,
  "violation_recall": 0.8837209302325582,
  "non_violation_recall": 0.6666666666666666,
  "confusion_matrix": [
    [
      28,
      14
    ],
    [
      5,
      38
    ]
  ]
}