{
  "model": "openai/gpt-4o-mini",
  "directory": "compareCommunities10/t5_2xhvq/t5_2qh6c",
  "num_tests": 100,
  "num_successes": 93,
  "batch_size": 10,
  "accuracy": 0.8387096774193549,
  "violation_precision": 0.7543859649122807,
  "non_violation_precision": 0.9722222222222222,
  "violation_recall": 0.9772727272727273,
  "non_violation_recall": 0.7142857142857143,
  "confusion_matrix": [
    [
      35,
      14
    ],
    [
      1,
      43
    ]
  ]
}