{
  "model": "openai/gpt-4o-mini",
  "directory": "compareCommunities5/t5_2xhvq/t5_hcycg",
  "num_tests": 100,
  "num_successes": 95,
  "batch_size": 5,
  "accuracy": 0.7894736842105263,
  "violation_precision": 0.9117647058823529,
  "non_violation_precision": 0.7213114754098361,
  "violation_recall": 0.6458333333333334,
  "non_violation_recall": 0.9361702127659575,
  "confusion_matrix": [
    [
      44,
      3
    ],
    [
      17,
      31
    ]
  ]
}