{
  "model": "openai/gpt-oss-120b:free",
  "directory": "compareCommunities/t5_3h47q/t5_3h47q",
  "num_tests": 100,
  "num_successes": 100,
  "batch_size": 20,
  "accuracy": 0.72,
  "violation_precision": 0.9090909090909091,
  "non_violation_precision": 0.6268656716417911,
  "violation_recall": 0.5454545454545454,
  "non_violation_recall": 0.9333333333333333,
  "confusion_matrix": [
    [
      42,
      3
    ],
    [
      25,
      30
    ]
  ]
}