{
  "model": "openai/gpt-4o-mini",
  "directory": "compareCommunities10/t5_3onkg/t5_2qhek",
  "num_tests": 100,
  "num_successes": 92,
  "batch_size": 10,
  "accuracy": 0.8478260869565217,
  "violation_precision": 0.9459459459459459,
  "non_violation_precision": 0.7818181818181819,
  "violation_recall": 0.7446808510638298,
  "non_violation_recall": 0.9555555555555556,
  "confusion_matrix": [
    [
      43,
      2
    ],
    [
      12,
      35
    ]
  ]
}