{
  "model": "openai/gpt-oss-120b:free",
  "directory": "compareCommunities5/t5_2qho4/t5_2qlxw",
  "num_tests": 100,
  "num_successes": 97,
  "batch_size": 5,
  "accuracy": 0.7938144329896907,
  "violation_precision": 0.7777777777777778,
  "non_violation_precision": 0.813953488372093,
  "violation_recall": 0.84,
  "non_violation_recall": 0.7446808510638298,
  "confusion_matrix": [
    [
      35,
      12
    ],
    [
      8,
      42
    ]
  ]
}