{
  "model": "openai/gpt-4o-mini",
  "directory": "compareCommunities10/t5_2vq0w/t5_2vq0w",
  "num_tests": 100,
  "num_successes": 78,
  "batch_size": 10,
  "accuracy": 0.8333333333333334,
  "violation_precision": 0.8378378378378378,
  "non_violation_precision": 0.8292682926829268,
  "violation_recall": 0.8157894736842105,
  "non_violation_recall": 0.85,
  "confusion_matrix": [
    [
      34,
      6
    ],
    [
      7,
      31
    ]
  ]
}