{
  "model": "openai/gpt-4o-mini",
  "directory": "compareCommunities10/t5_hcycg/t5_2qhw9",
  "num_tests": 100,
  "num_successes": 67,
  "batch_size": 10,
  "accuracy": 0.8955223880597015,
  "violation_precision": 0.9459459459459459,
  "non_violation_precision": 0.8333333333333334,
  "violation_recall": 0.875,
  "non_violation_recall": 0.9259259259259259,
  "confusion_matrix": [
    [
      25,
      2
    ],
    [
      5,
      35
    ]
  ]
}