{
  "model": "openai/gpt-4o-mini",
  "directory": "compareCommunities10/t5_hcycg/t5_10qj6b",
  "num_tests": 100,
  "num_successes": 89,
  "batch_size": 10,
  "accuracy": 0.797752808988764,
  "violation_precision": 0.782608695652174,
  "non_violation_precision": 0.813953488372093,
  "violation_recall": 0.8181818181818182,
  "non_violation_recall": 0.7777777777777778,
  "confusion_matrix": [
    [
      35,
      10
    ],
    [
      8,
      36
    ]
  ]
}