{
  "model": "openai/gpt-4o-mini",
  "directory": "compareCommunities5/t5_2we2n/t5_2qhds",
  "num_tests": 100,
  "num_successes": 91,
  "batch_size": 5,
  "accuracy": 0.8351648351648352,
  "violation_precision": 0.9024390243902439,
  "non_violation_precision": 0.78,
  "violation_recall": 0.7708333333333334,
  "non_violation_recall": 0.9069767441860465,
  "confusion_matrix": [
    [
      39,
      4
    ],
    [
      11,
      37
    ]
  ]
}