{
  "model": "openai/gpt-4o-mini",
  "directory": "compareCommunities10/t5_hcycg/t5_2qstm",
  "num_tests": 100,
  "num_successes": 92,
  "batch_size": 10,
  "accuracy": 0.9347826086956522,
  "violation_precision": 0.9555555555555556,
  "non_violation_precision": 0.9148936170212766,
  "violation_recall": 0.9148936170212766,
  "non_violation_recall": 0.9555555555555556,
  "confusion_matrix": [
    [
      43,
      2
    ],
    [
      4,
      43
    ]
  ]
}