{
  "model": "openai/gpt-4o-mini",
  "directory": "compareCommunities10/t5_2xhvq/t5_3onkg",
  "num_tests": 100,
  "num_successes": 81,
  "batch_size": 10,
  "accuracy": 0.9382716049382716,
  "violation_precision": 0.9743589743589743,
  "non_violation_precision": 0.9047619047619048,
  "violation_recall": 0.9047619047619048,
  "non_violation_recall": 0.9743589743589743,
  "confusion_matrix": [
    [
      38,
      1
    ],
    [
      4,
      38
    ]
  ]
}