{
  "model": "openai/gpt-4o-mini",
  "directory": "compareCommunities10/t5_2qstm/t5_3560n",
  "num_tests": 100,
  "num_successes": 96,
  "batch_size": 10,
  "accuracy": 0.8229166666666666,
  "violation_precision": 0.8260869565217391,
  "non_violation_precision": 0.82,
  "violation_recall": 0.8085106382978723,
  "non_violation_recall": 0.8367346938775511,
  "confusion_matrix": [
    [
      41,
      8
    ],
    [
      9,
      38
    ]
  ]
}