{
  "model": "openai/gpt-4o-mini",
  "directory": "compareCommunities10/t5_2qho4/t5_2qho4",
  "num_tests": 100,
  "num_successes": 83,
  "batch_size": 10,
  "accuracy": 0.8433734939759037,
  "violation_precision": 0.8260869565217391,
  "non_violation_precision": 0.8648648648648649,
  "violation_recall": 0.8837209302325582,
  "non_violation_recall": 0.8,
  "confusion_matrix": [
    [
      32,
      8
    ],
    [
      5,
      38
    ]
  ]
}