{
  "model": "openai/gpt-4o-mini",
  "directory": "compareCommunities10/t5_2qh3p/t5_2qhds",
  "num_tests": 100,
  "num_successes": 88,
  "batch_size": 10,
  "accuracy": 0.8295454545454546,
  "violation_precision": 0.8857142857142857,
  "non_violation_precision": 0.7924528301886793,
  "violation_recall": 0.7380952380952381,
  "non_violation_recall": 0.9130434782608695,
  "confusion_matrix": [
    [
      42,
      4
    ],
    [
      11,
      31
    ]
  ]
}