{
  "model": "openai/gpt-4o-mini",
  "directory": "compareCommunities10/t5_2sokd/t5_2w2s8",
  "num_tests": 100,
  "num_successes": 65,
  "batch_size": 10,
  "accuracy": 0.8615384615384616,
  "violation_precision": 0.7777777777777778,
  "non_violation_precision": 0.9655172413793104,
  "violation_recall": 0.9655172413793104,
  "non_violation_recall": 0.7777777777777778,
  "confusion_matrix": [
    [
      28,
      8
    ],
    [
      1,
      28
    ]
  ]
}