{
  "model": "openai/gpt-oss-120b:free",
  "directory": "compareCommunities5/t5_2qhds/t5_3h47q",
  "num_tests": 100,
  "num_successes": 99,
  "batch_size": 5,
  "accuracy": 0.7272727272727273,
  "violation_precision": 0.8709677419354839,
  "non_violation_precision": 0.6617647058823529,
  "violation_recall": 0.54,
  "non_violation_recall": 0.9183673469387755,
  "confusion_matrix": [
    [
      45,
      4
    ],
    [
      23,
      27
    ]
  ]
}