{
  "model": "openai/gpt-4o-mini",
  "directory": "compareCommunities10/t5_2qstm/t5_2we2n",
  "num_tests": 100,
  "num_successes": 91,
  "batch_size": 10,
  "accuracy": 0.7912087912087912,
  "violation_precision": 0.8823529411764706,
  "non_violation_precision": 0.7368421052631579,
  "violation_recall": 0.6666666666666666,
  "non_violation_recall": 0.9130434782608695,
  "confusion_matrix": [
    [
      42,
      4
    ],
    [
      15,
      30
    ]
  ]
}