{
  "model": "openai/gpt-4o-mini",
  "directory": "compareCommunities5/t5_2qknd/t5_2qho4",
  "num_tests": 100,
  "num_successes": 90,
  "batch_size": 5,
  "accuracy": 0.8666666666666667,
  "violation_precision": 0.7962962962962963,
  "non_violation_precision": 0.9722222222222222,
  "violation_recall": 0.9772727272727273,
  "non_violation_recall": 0.7608695652173914,
  "confusion_matrix": [
    [
      35,
      11
    ],
    [
      1,
      43
    ]
  ]
}