{
  "model": "openai/gpt-4o-mini",
  "directory": "compareCommunities5/t5_3h47q/t5_2qhff",
  "num_tests": 100,
  "num_successes": 77,
  "batch_size": 5,
  "accuracy": 0.8181818181818182,
  "violation_precision": 0.8461538461538461,
  "non_violation_precision": 0.7894736842105263,
  "violation_recall": 0.8048780487804879,
  "non_violation_recall": 0.8333333333333334,
  "confusion_matrix": [
    [
      30,
      6
    ],
    [
      8,
      33
    ]
  ]
}