{
  "model": "openai/gpt-oss-120b:free",
  "directory": "compareCommunities5/t5_3onkg/t5_2qhff",
  "num_tests": 100,
  "num_successes": 99,
  "batch_size": 5,
  "accuracy": 0.8080808080808081,
  "violation_precision": 0.8297872340425532,
  "non_violation_precision": 0.7884615384615384,
  "violation_recall": 0.78,
  "non_violation_recall": 0.8367346938775511,
  "confusion_matrix": [
    [
      41,
      8
    ],
    [
      11,
      39
    ]
  ]
}