{
  "model": "openai/gpt-4o-mini",
  "directory": "compareCommunities10/t5_3h47q/t5_3d4x4",
  "num_tests": 100,
  "num_successes": 88,
  "batch_size": 10,
  "accuracy": 0.8295454545454546,
  "violation_precision": 0.7692307692307693,
  "non_violation_precision": 0.9166666666666666,
  "violation_recall": 0.9302325581395349,
  "non_violation_recall": 0.7333333333333333,
  "confusion_matrix": [
    [
      33,
      12
    ],
    [
      3,
      40
    ]
  ]
}