{
  "model": "openai/gpt-4o-mini",
  "directory": "compareCommunities10/t5_2qknd/t5_3h47q",
  "num_tests": 100,
  "num_successes": 99,
  "batch_size": 10,
  "accuracy": 0.797979797979798,
  "violation_precision": 0.8918918918918919,
  "non_violation_precision": 0.7419354838709677,
  "violation_recall": 0.673469387755102,
  "non_violation_recall": 0.92,
  "confusion_matrix": [
    [
      46,
      4
    ],
    [
      16,
      33
    ]
  ]
}