{
  "model": "openai/gpt-4o-mini",
  "directory": "compareCommunities5/t5_2r05i/t5_2vq0w",
  "num_tests": 100,
  "num_successes": 95,
  "batch_size": 5,
  "accuracy": 0.8842105263157894,
  "violation_precision": 0.8775510204081632,
  "non_violation_precision": 0.8913043478260869,
  "violation_recall": 0.8958333333333334,
  "non_violation_recall": 0.8723404255319149,
  "confusion_matrix": [
    [
      41,
      6
    ],
    [
      5,
      43
    ]
  ]
}