{
  "model": "openai/gpt-4o-mini",
  "directory": "compareCommunities5/t5_2qky2/t5_2qh3p",
  "num_tests": 100,
  "num_successes": 95,
  "batch_size": 5,
  "accuracy": 0.8421052631578947,
  "violation_precision": 0.7962962962962963,
  "non_violation_precision": 0.9024390243902439,
  "violation_recall": 0.9148936170212766,
  "non_violation_recall": 0.7708333333333334,
  "confusion_matrix": [
    [
      37,
      11
    ],
    [
      4,
      43
    ]
  ]
}