{
  "model": "openai/gpt-4o-mini",
  "directory": "compareCommunities5/t5_3h47q/t5_2qh6c",
  "num_tests": 100,
  "num_successes": 73,
  "batch_size": 5,
  "accuracy": 0.8493150684931506,
  "violation_precision": 0.7692307692307693,
  "non_violation_precision": 0.9411764705882353,
  "violation_recall": 0.9375,
  "non_violation_recall": 0.7804878048780488,
  "confusion_matrix": [
    [
      32,
      9
    ],
    [
      2,
      30
    ]
  ]
}