{
  "model": "qwen2.5:7b-instruct",
  "prompt": "FewShot-COT",
  "num_tests": 100,
  "batch_size": 20,
  "accuracy": 0.7346938775510204,
  "violation_precision": 0.75,
  "non_violation_precision": 0.7241379310344828,
  "violation_recall": 0.6521739130434783,
  "non_violation_recall": 0.8076923076923077,
  "f1": 0.6976744186046512,
  "confusion_matrix": [
    [
      42,
      10
    ],
    [
      16,
      30
    ]
  ]
}