{
  "model": "openai/gpt-4o-mini",
  "directory": "compareCommunities10/t5_10qj6b/t5_2rawz",
  "num_tests": 100,
  "num_successes": 94,
  "batch_size": 10,
  "accuracy": 0.9148936170212766,
  "violation_precision": 0.9767441860465116,
  "non_violation_precision": 0.8627450980392157,
  "violation_recall": 0.8571428571428571,
  "non_violation_recall": 0.9777777777777777,
  "confusion_matrix": [
    [
      44,
      1
    ],
    [
      7,
      42
    ]
  ]
}