{
  "model": "openai/gpt-4o-mini",
  "directory": "compareCommunities5/t5_3d4x4/t5_2qhff",
  "num_tests": 100,
  "num_successes": 78,
  "batch_size": 5,
  "accuracy": 0.8076923076923077,
  "violation_precision": 0.8372093023255814,
  "non_violation_precision": 0.7714285714285715,
  "violation_recall": 0.8181818181818182,
  "non_violation_recall": 0.7941176470588235,
  "confusion_matrix": [
    [
      27,
      7
    ],
    [
      8,
      36
    ]
  ]
}