{
  "model": "openai/gpt-4o-mini",
  "directory": "compareCommunities10/t5_3cr3o/t5_2xhvq",
  "num_tests": 100,
  "num_successes": 90,
  "batch_size": 10,
  "accuracy": 0.9,
  "violation_precision": 0.9111111111111111,
  "non_violation_precision": 0.8888888888888888,
  "violation_recall": 0.8913043478260869,
  "non_violation_recall": 0.9090909090909091,
  "confusion_matrix": [
    [
      40,
      4
    ],
    [
      5,
      41
    ]
  ]
}