{
  "model": "openai/gpt-4o-mini",
  "directory": "compareCommunities10/t5_2qho4/t5_2qh2s",
  "num_tests": 100,
  "num_successes": 89,
  "batch_size": 10,
  "accuracy": 0.8089887640449438,
  "violation_precision": 0.8536585365853658,
  "non_violation_precision": 0.7708333333333334,
  "violation_recall": 0.7608695652173914,
  "non_violation_recall": 0.8604651162790697,
  "confusion_matrix": [
    [
      37,
      6
    ],
    [
      11,
      35
    ]
  ]
}