{
  "model": "openai/gpt-oss-120b:free",
  "directory": "compareCommunities5/t5_2w2s8/t5_3h47q",
  "num_tests": 100,
  "num_successes": 99,
  "batch_size": 5,
  "accuracy": 0.7878787878787878,
  "violation_precision": 0.8918918918918919,
  "non_violation_precision": 0.7258064516129032,
  "violation_recall": 0.66,
  "non_violation_recall": 0.9183673469387755,
  "confusion_matrix": [
    [
      45,
      4
    ],
    [
      17,
      33
    ]
  ]
}