{
  "model": "openai/gpt-4o-mini",
  "directory": "compareCommunities5/t5_2qh2v/t5_2vq0w",
  "num_tests": 100,
  "num_successes": 84,
  "batch_size": 5,
  "accuracy": 0.8571428571428571,
  "violation_precision": 0.8780487804878049,
  "non_violation_precision": 0.8372093023255814,
  "violation_recall": 0.8372093023255814,
  "non_violation_recall": 0.8780487804878049,
  "confusion_matrix": [
    [
      36,
      5
    ],
    [
      7,
      36
    ]
  ]
}