{
  "model": "openai/gpt-4o-mini",
  "directory": "compareCommunities5/t5_2w2s8/t5_hcycg",
  "num_tests": 100,
  "num_successes": 87,
  "batch_size": 5,
  "accuracy": 0.7931034482758621,
  "violation_precision": 0.9032258064516129,
  "non_violation_precision": 0.7321428571428571,
  "violation_recall": 0.6511627906976745,
  "non_violation_recall": 0.9318181818181818,
  "confusion_matrix": [
    [
      41,
      3
    ],
    [
      15,
      28
    ]
  ]
}