{
  "model": "openai/gpt-4o-mini",
  "directory": "compareCommunities5/t5_2qlxw/t5_2qky2",
  "num_tests": 100,
  "num_successes": 76,
  "batch_size": 5,
  "accuracy": 0.7631578947368421,
  "violation_precision": 0.7027027027027027,
  "non_violation_precision": 0.8205128205128205,
  "violation_recall": 0.7878787878787878,
  "non_violation_recall": 0.7441860465116279,
  "confusion_matrix": [
    [
      32,
      11
    ],
    [
      7,
      26
    ]
  ]
}