{
  "model": "openai/gpt-4o-mini",
  "directory": "compareCommunities10/t5_10qj6b/t5_2w2s8",
  "num_tests": 100,
  "num_successes": 77,
  "batch_size": 10,
  "accuracy": 0.8311688311688312,
  "violation_precision": 0.8611111111111112,
  "non_violation_precision": 0.8048780487804879,
  "violation_recall": 0.7948717948717948,
  "non_violation_recall": 0.868421052631579,
  "confusion_matrix": [
    [
      33,
      5
    ],
    [
      8,
      31
    ]
  ]
}