{
  "model": "openai/gpt-4o-mini",
  "directory": "compareCommunities5/t5_2te6p/t5_2vq0w",
  "num_tests": 100,
  "num_successes": 96,
  "batch_size": 5,
  "accuracy": 0.8645833333333334,
  "violation_precision": 0.86,
  "non_violation_precision": 0.8695652173913043,
  "violation_recall": 0.8775510204081632,
  "non_violation_recall": 0.851063829787234,
  "confusion_matrix": [
    [
      40,
      7
    ],
    [
      6,
      43
    ]
  ]
}