{
  "model": "openai/gpt-4o-mini",
  "directory": "compareCommunities5/t5_2r05i/t5_hcycg",
  "num_tests": 100,
  "num_successes": 92,
  "batch_size": 5,
  "accuracy": 0.8260869565217391,
  "violation_precision": 0.9117647058823529,
  "non_violation_precision": 0.7758620689655172,
  "violation_recall": 0.7045454545454546,
  "non_violation_recall": 0.9375,
  "confusion_matrix": [
    [
      45,
      3
    ],
    [
      13,
      31
    ]
  ]
}