{
  "model": "openai/gpt-oss-120b:free",
  "directory": "compareCommunities/t5_2qh2v/t5_2sokd",
  "num_tests": 100,
  "num_successes": 83,
  "batch_size": 20,
  "accuracy": 0.7590361445783133,
  "violation_precision": 0.9642857142857143,
  "non_violation_precision": 0.6545454545454545,
  "violation_recall": 0.5869565217391305,
  "non_violation_recall": 0.972972972972973,
  "confusion_matrix": [
    [
      36,
      1
    ],
    [
      19,
      27
    ]
  ]
}