{
  "model": "openai/gpt-4o-mini",
  "directory": "compareCommunities5/t5_3cr3o/t5_2qhds",
  "num_tests": 100,
  "num_successes": 96,
  "batch_size": 5,
  "accuracy": 0.8645833333333334,
  "violation_precision": 0.9090909090909091,
  "non_violation_precision": 0.8269230769230769,
  "violation_recall": 0.8163265306122449,
  "non_violation_recall": 0.9148936170212766,
  "confusion_matrix": [
    [
      43,
      4
    ],
    [
      9,
      40
    ]
  ]
}