{
  "model": "openai/gpt-4o-mini",
  "directory": "compareCommunities5/t5_3d4x4/t5_2qky2",
  "num_tests": 100,
  "num_successes": 90,
  "batch_size": 5,
  "accuracy": 0.8222222222222222,
  "violation_precision": 0.8181818181818182,
  "non_violation_precision": 0.8260869565217391,
  "violation_recall": 0.8181818181818182,
  "non_violation_recall": 0.8260869565217391,
  "confusion_matrix": [
    [
      38,
      8
    ],
    [
      8,
      36
    ]
  ]
}