{
  "model": "openai/gpt-4o-mini",
  "directory": "compareCommunities10/t5_hcycg/t5_2qh6c",
  "num_tests": 100,
  "num_successes": 79,
  "batch_size": 10,
  "accuracy": 0.810126582278481,
  "violation_precision": 0.7346938775510204,
  "non_violation_precision": 0.9333333333333333,
  "violation_recall": 0.9473684210526315,
  "non_violation_recall": 0.6829268292682927,
  "confusion_matrix": [
    [
      28,
      13
    ],
    [
      2,
      36
    ]
  ]
}