{
  "model": "openai/gpt-4o-mini",
  "directory": "compareCommunities/t5_2qhvo/t5_2xhvq",
  "num_tests": 100,
  "num_successes": 90,
  "batch_size": 20,
  "accuracy": 0.8888888888888888,
  "violation_precision": 0.9130434782608695,
  "non_violation_precision": 0.8636363636363636,
  "violation_recall": 0.875,
  "non_violation_recall": 0.9047619047619048,
  "confusion_matrix": [
    [
      38,
      4
    ],
    [
      6,
      42
    ]
  ]
}