{
  "model": "openai/gpt-4o-mini",
  "directory": "compareCommunities5/t5_hcycg/t5_2qhvo",
  "num_tests": 100,
  "num_successes": 73,
  "batch_size": 5,
  "accuracy": 0.7397260273972602,
  "violation_precision": 0.7272727272727273,
  "non_violation_precision": 0.75,
  "violation_recall": 0.7058823529411765,
  "non_violation_recall": 0.7692307692307693,
  "confusion_matrix": [
    [
      30,
      9
    ],
    [
      10,
      24
    ]
  ]
}