{
  "model": "openai/gpt-4o-mini",
  "directory": "compareCommunities10/t5_2qlxw/t5_2qh6c",
  "num_tests": 100,
  "num_successes": 93,
  "batch_size": 10,
  "accuracy": 0.8602150537634409,
  "violation_precision": 0.803921568627451,
  "non_violation_precision": 0.9285714285714286,
  "violation_recall": 0.9318181818181818,
  "non_violation_recall": 0.7959183673469388,
  "confusion_matrix": [
    [
      39,
      10
    ],
    [
      3,
      41
    ]
  ]
}