{
  "model": "openai/gpt-4o-mini",
  "directory": "compareCommunities5/t5_2qlxw/t5_2qknd",
  "num_tests": 100,
  "num_successes": 98,
  "batch_size": 5,
  "accuracy": 0.7448979591836735,
  "violation_precision": 0.9259259259259259,
  "non_violation_precision": 0.676056338028169,
  "violation_recall": 0.5208333333333334,
  "non_violation_recall": 0.96,
  "confusion_matrix": [
    [
      48,
      2
    ],
    [
      23,
      25
    ]
  ]
}