{
  "model": "openai/gpt-4o-mini",
  "directory": "compareCommunities10/t5_2sokd/t5_2qhff",
  "num_tests": 100,
  "num_successes": 85,
  "batch_size": 10,
  "accuracy": 0.8823529411764706,
  "violation_precision": 0.8571428571428571,
  "non_violation_precision": 0.9069767441860465,
  "violation_recall": 0.9,
  "non_violation_recall": 0.8666666666666667,
  "confusion_matrix": [
    [
      39,
      6
    ],
    [
      4,
      36
    ]
  ]
}