{
  "model": "openai/gpt-4o-mini",
  "directory": "compareCommunities10/t5_2qhff/t5_2vjre",
  "num_tests": 100,
  "num_successes": 96,
  "batch_size": 10,
  "accuracy": 0.9166666666666666,
  "violation_precision": 0.9148936170212766,
  "non_violation_precision": 0.9183673469387755,
  "violation_recall": 0.9148936170212766,
  "non_violation_recall": 0.9183673469387755,
  "confusion_matrix": [
    [
      45,
      4
    ],
    [
      4,
      43
    ]
  ]
}