{
  "model": "openai/gpt-4o-mini",
  "directory": "compareCommunities10/t5_2te6p/t5_3560n",
  "num_tests": 100,
  "num_successes": 92,
  "batch_size": 10,
  "accuracy": 0.8152173913043478,
  "violation_precision": 0.8333333333333334,
  "non_violation_precision": 0.8,
  "violation_recall": 0.7777777777777778,
  "non_violation_recall": 0.851063829787234,
  "confusion_matrix": [
    [
      40,
      7
    ],
    [
      10,
      35
    ]
  ]
}