{
  "model": "openai/gpt-4o-mini",
  "directory": "compareCommunities10/t5_3560n/t5_2we2n",
  "num_tests": 100,
  "num_successes": 83,
  "batch_size": 10,
  "accuracy": 0.8313253012048193,
  "violation_precision": 0.9117647058823529,
  "non_violation_precision": 0.7755102040816326,
  "violation_recall": 0.7380952380952381,
  "non_violation_recall": 0.926829268292683,
  "confusion_matrix": [
    [
      38,
      3
    ],
    [
      11,
      31
    ]
  ]
}