{
  "model": "openai/gpt-4o-mini",
  "directory": "compareCommunities10/t5_2qh2v/t5_2qh3p",
  "num_tests": 100,
  "num_successes": 81,
  "batch_size": 10,
  "accuracy": 0.7777777777777778,
  "violation_precision": 0.7608695652173914,
  "non_violation_precision": 0.8,
  "violation_recall": 0.8333333333333334,
  "non_violation_recall": 0.717948717948718,
  "confusion_matrix": [
    [
      28,
      11
    ],
    [
      7,
      35
    ]
  ]
}