{
  "model": "openai/gpt-oss-120b:free",
  "directory": "compareCommunities/t5_3h47q/t5_3h47q_Run2",
  "num_tests": 100,
  "num_successes": 100,
  "batch_size": 20,
  "accuracy": 0.73,
  "violation_precision": 0.8888888888888888,
  "non_violation_precision": 0.640625,
  "violation_recall": 0.5818181818181818,
  "non_violation_recall": 0.9111111111111111,
  "confusion_matrix": [
    [
      41,
      4
    ],
    [
      23,
      32
    ]
  ]
}