{
  "model": "openai/gpt-4o-mini",
  "directory": "compareCommunities10/t5_2rawz/t5_2sokd",
  "num_tests": 100,
  "num_successes": 90,
  "batch_size": 10,
  "accuracy": 0.8111111111111111,
  "violation_precision": 0.8421052631578947,
  "non_violation_precision": 0.7884615384615384,
  "violation_recall": 0.7441860465116279,
  "non_violation_recall": 0.8723404255319149,
  "confusion_matrix": [
    [
      41,
      6
    ],
    [
      11,
      32
    ]
  ]
}