{
  "model": "openai/gpt-4o-mini",
  "directory": "compareCommunities5/t5_10qj6b/t5_hcycg",
  "num_tests": 100,
  "num_successes": 89,
  "batch_size": 5,
  "accuracy": 0.7752808988764045,
  "violation_precision": 0.8529411764705882,
  "non_violation_precision": 0.7272727272727273,
  "violation_recall": 0.6590909090909091,
  "non_violation_recall": 0.8888888888888888,
  "confusion_matrix": [
    [
      40,
      5
    ],
    [
      15,
      29
    ]
  ]
}