{
  "model": "openai/gpt-4o-mini",
  "directory": "compareCommunities10/t5_2te6p/t5_hcycg",
  "num_tests": 100,
  "num_successes": 92,
  "batch_size": 10,
  "accuracy": 0.7717391304347826,
  "violation_precision": 0.8823529411764706,
  "non_violation_precision": 0.7068965517241379,
  "violation_recall": 0.6382978723404256,
  "non_violation_recall": 0.9111111111111111,
  "confusion_matrix": [
    [
      41,
      4
    ],
    [
      17,
      30
    ]
  ]
}