{
  "model": "openai/gpt-4o-mini",
  "directory": "compareCommunities10/t5_2qh2s/t5_2qh2v",
  "num_tests": 100,
  "num_successes": 77,
  "batch_size": 10,
  "accuracy": 0.8701298701298701,
  "violation_precision": 0.8888888888888888,
  "non_violation_precision": 0.8536585365853658,
  "violation_recall": 0.8421052631578947,
  "non_violation_recall": 0.8974358974358975,
  "confusion_matrix": [
    [
      35,
      4
    ],
    [
      6,
      32
    ]
  ]
}