{
  "model": "openai/gpt-4o-mini",
  "directory": "compareCommunities10/t5_2rnve/t5_3cr3o",
  "num_tests": 100,
  "num_successes": 99,
  "batch_size": 10,
  "accuracy": 0.797979797979798,
  "violation_precision": 0.8222222222222222,
  "non_violation_precision": 0.7777777777777778,
  "violation_recall": 0.7551020408163265,
  "non_violation_recall": 0.84,
  "confusion_matrix": [
    [
      42,
      8
    ],
    [
      12,
      37
    ]
  ]
}