{
  "model": "openai/gpt-4o-mini",
  "directory": "compareCommunities10/t5_2xhvq/t5_2w2s8",
  "num_tests": 100,
  "num_successes": 88,
  "batch_size": 10,
  "accuracy": 0.7727272727272727,
  "violation_precision": 0.8611111111111112,
  "non_violation_precision": 0.7115384615384616,
  "violation_recall": 0.6739130434782609,
  "non_violation_recall": 0.8809523809523809,
  "confusion_matrix": [
    [
      37,
      5
    ],
    [
      15,
      31
    ]
  ]
}