{
  "model": "openai/gpt-4o-mini",
  "directory": "compareCommunities5/t5_3560n/t5_2qho4",
  "num_tests": 100,
  "num_successes": 89,
  "batch_size": 5,
  "accuracy": 0.797752808988764,
  "violation_precision": 0.7192982456140351,
  "non_violation_precision": 0.9375,
  "violation_recall": 0.9534883720930233,
  "non_violation_recall": 0.6521739130434783,
  "confusion_matrix": [
    [
      30,
      16
    ],
    [
      2,
      41
    ]
  ]
}