{
  "model": "openai/gpt-4o-mini",
  "directory": "compareCommunities5/t5_2vjre/t5_2qh6c",
  "num_tests": 100,
  "num_successes": 85,
  "batch_size": 5,
  "accuracy": 0.8235294117647058,
  "violation_precision": 0.782608695652174,
  "non_violation_precision": 0.8717948717948718,
  "violation_recall": 0.8780487804878049,
  "non_violation_recall": 0.7727272727272727,
  "confusion_matrix": [
    [
      34,
      10
    ],
    [
      5,
      36
    ]
  ]
}