{
  "model": "openai/gpt-4o-mini",
  "directory": "compareCommunities10/t5_2r05i/t5_2qhds",
  "num_tests": 100,
  "num_successes": 88,
  "batch_size": 10,
  "accuracy": 0.8522727272727273,
  "violation_precision": 0.8947368421052632,
  "non_violation_precision": 0.82,
  "violation_recall": 0.7906976744186046,
  "non_violation_recall": 0.9111111111111111,
  "confusion_matrix": [
    [
      41,
      4
    ],
    [
      9,
      34
    ]
  ]
}