{
  "model": "openai/gpt-4o-mini",
  "directory": "compareCommunities5/t5_2qhff/t5_hcycg",
  "num_tests": 100,
  "num_successes": 93,
  "batch_size": 5,
  "accuracy": 0.7526881720430108,
  "violation_precision": 0.7857142857142857,
  "non_violation_precision": 0.7254901960784313,
  "violation_recall": 0.7021276595744681,
  "non_violation_recall": 0.8043478260869565,
  "confusion_matrix": [
    [
      37,
      9
    ],
    [
      14,
      33
    ]
  ]
}