{
  "model": "openai/gpt-4o-mini",
  "directory": "compareCommunities5/t5_2qky2/t5_hcycg",
  "num_tests": 100,
  "num_successes": 92,
  "batch_size": 5,
  "accuracy": 0.782608695652174,
  "violation_precision": 0.8648648648648649,
  "non_violation_precision": 0.7272727272727273,
  "violation_recall": 0.6808510638297872,
  "non_violation_recall": 0.8888888888888888,
  "confusion_matrix": [
    [
      40,
      5
    ],
    [
      15,
      32
    ]
  ]
}