{
  "model": "openai/gpt-4o-mini",
  "directory": "compareCommunities10/t5_2qh3p/t5_2qhff",
  "num_tests": 100,
  "num_successes": 73,
  "batch_size": 10,
  "accuracy": 0.8767123287671232,
  "violation_precision": 0.7948717948717948,
  "non_violation_precision": 0.9705882352941176,
  "violation_recall": 0.96875,
  "non_violation_recall": 0.8048780487804879,
  "confusion_matrix": [
    [
      33,
      8
    ],
    [
      1,
      31
    ]
  ]
}