{
  "model": "openai/gpt-4o-mini",
  "directory": "compareCommunities10/t5_2qh2v/t5_2w2s8",
  "num_tests": 100,
  "num_successes": 76,
  "batch_size": 10,
  "accuracy": 0.7763157894736842,
  "violation_precision": 0.8666666666666667,
  "non_violation_precision": 0.717391304347826,
  "violation_recall": 0.6666666666666666,
  "non_violation_recall": 0.8918918918918919,
  "confusion_matrix": [
    [
      33,
      4
    ],
    [
      13,
      26
    ]
  ]
}