{
  "model": "openai/gpt-4o-mini",
  "directory": "compareCommunities10/t5_2te6p/t5_2qh3p",
  "num_tests": 100,
  "num_successes": 80,
  "batch_size": 10,
  "accuracy": 0.8375,
  "violation_precision": 0.8372093023255814,
  "non_violation_precision": 0.8378378378378378,
  "violation_recall": 0.8571428571428571,
  "non_violation_recall": 0.8157894736842105,
  "confusion_matrix": [
    [
      31,
      7
    ],
    [
      6,
      36
    ]
  ]
}