{
  "model": "openai/gpt-4o-mini",
  "directory": "compareCommunities10/t5_2qhds/t5_2vjre",
  "num_tests": 100,
  "num_successes": 81,
  "batch_size": 10,
  "accuracy": 0.8888888888888888,
  "violation_precision": 0.8604651162790697,
  "non_violation_precision": 0.9210526315789473,
  "violation_recall": 0.925,
  "non_violation_recall": 0.8536585365853658,
  "confusion_matrix": [
    [
      35,
      6
    ],
    [
      3,
      37
    ]
  ]
}