{
  "model": "openai/gpt-4o-mini",
  "directory": "compareCommunities10/t5_3onkg/t5_3560n",
  "num_tests": 100,
  "num_successes": 90,
  "batch_size": 10,
  "accuracy": 0.8,
  "violation_precision": 0.8421052631578947,
  "non_violation_precision": 0.7692307692307693,
  "violation_recall": 0.7272727272727273,
  "non_violation_recall": 0.8695652173913043,
  "confusion_matrix": [
    [
      40,
      6
    ],
    [
      12,
      32
    ]
  ]
}