{
  "model": "openai/gpt-4o-mini",
  "directory": "compareCommunities10/t5_3cr3o/t5_2qhek",
  "num_tests": 100,
  "num_successes": 92,
  "batch_size": 10,
  "accuracy": 0.8260869565217391,
  "violation_precision": 0.9428571428571428,
  "non_violation_precision": 0.7543859649122807,
  "violation_recall": 0.7021276595744681,
  "non_violation_recall": 0.9555555555555556,
  "confusion_matrix": [
    [
      43,
      2
    ],
    [
      14,
      33
    ]
  ]
}