{
  "model": "openai/gpt-4o-mini",
  "directory": "compareCommunities5/t5_3560n/t5_2w2s8",
  "num_tests": 100,
  "num_successes": 87,
  "batch_size": 5,
  "accuracy": 0.7816091954022989,
  "violation_precision": 0.7608695652173914,
  "non_violation_precision": 0.8048780487804879,
  "violation_recall": 0.813953488372093,
  "non_violation_recall": 0.75,
  "confusion_matrix": [
    [
      33,
      11
    ],
    [
      8,
      35
    ]
  ]
}