{
  "model": "openai/gpt-4o-mini",
  "directory": "compareCommunities10/t5_2qky2/t5_2qh3p",
  "num_tests": 100,
  "num_successes": 96,
  "batch_size": 10,
  "accuracy": 0.8229166666666666,
  "violation_precision": 0.7758620689655172,
  "non_violation_precision": 0.8947368421052632,
  "violation_recall": 0.9183673469387755,
  "non_violation_recall": 0.723404255319149,
  "confusion_matrix": [
    [
      34,
      13
    ],
    [
      4,
      45
    ]
  ]
}