{
  "model": "openai/gpt-4o-mini",
  "directory": "compareCommunities5/t5_2sokd/t5_2qh3p",
  "num_tests": 100,
  "num_successes": 93,
  "batch_size": 5,
  "accuracy": 0.8279569892473119,
  "violation_precision": 0.803921568627451,
  "non_violation_precision": 0.8571428571428571,
  "violation_recall": 0.8723404255319149,
  "non_violation_recall": 0.782608695652174,
  "confusion_matrix": [
    [
      36,
      10
    ],
    [
      6,
      41
    ]
  ]
}