{
  "model": "openai/gpt-4o-mini",
  "directory": "compareCommunities5/t5_2qhek/t5_2qh6c",
  "num_tests": 100,
  "num_successes": 91,
  "batch_size": 5,
  "accuracy": 0.7802197802197802,
  "violation_precision": 0.6984126984126984,
  "non_violation_precision": 0.9642857142857143,
  "violation_recall": 0.9777777777777777,
  "non_violation_recall": 0.5869565217391305,
  "confusion_matrix": [
    [
      27,
      19
    ],
    [
      1,
      44
    ]
  ]
}