{
  "model": "openai/gpt-4o-mini",
  "directory": "compareCommunities10/t5_2qh3p/t5_2qh6c",
  "num_tests": 100,
  "num_successes": 76,
  "batch_size": 10,
  "accuracy": 0.8552631578947368,
  "violation_precision": 0.8,
  "non_violation_precision": 0.9615384615384616,
  "violation_recall": 0.975609756097561,
  "non_violation_recall": 0.7142857142857143,
  "confusion_matrix": [
    [
      25,
      10
    ],
    [
      1,
      40
    ]
  ]
}