{
  "model": "openai/gpt-4o-mini",
  "directory": "compareCommunities5/t5_2qknd/t5_2qhvo",
  "num_tests": 100,
  "num_successes": 83,
  "batch_size": 5,
  "accuracy": 0.7349397590361446,
  "violation_precision": 0.7073170731707317,
  "non_violation_precision": 0.7619047619047619,
  "violation_recall": 0.7435897435897436,
  "non_violation_recall": 0.7272727272727273,
  "confusion_matrix": [
    [
      32,
      12
    ],
    [
      10,
      29
    ]
  ]
}