{
  "model": "openai/gpt-4o-mini",
  "directory": "compareCommunities10/t5_2qlxw/t5_2qhek",
  "num_tests": 100,
  "num_successes": 81,
  "batch_size": 10,
  "accuracy": 0.8641975308641975,
  "violation_precision": 0.9655172413793104,
  "non_violation_precision": 0.8076923076923077,
  "violation_recall": 0.7368421052631579,
  "non_violation_recall": 0.9767441860465116,
  "confusion_matrix": [
    [
      42,
      1
    ],
    [
      10,
      28
    ]
  ]
}