{
  "model": "llama3.1:8b",
  "prompt": "SixShot-RANDOMTEST-1.0",
  "num_tests": 100,
  "num_successes": 89,
  "batch_size": 20,
  "accuracy": 0.7191011235955056,
  "violation_precision": 0.6909090909090909,
  "non_violation_precision": 0.7647058823529411,
  "violation_recall": 0.8260869565217391,
  "non_violation_recall": 0.6046511627906976,
  "confusion_matrix": [
    [
      26,
      17
    ],
    [
      8,
      38
    ]
  ]
}