{
  "model": "openai/gpt-4o-mini",
  "directory": "compareCommunities10/t5_2sokd/t5_hcycg",
  "num_tests": 100,
  "num_successes": 83,
  "batch_size": 10,
  "accuracy": 0.7951807228915663,
  "violation_precision": 0.9,
  "non_violation_precision": 0.7358490566037735,
  "violation_recall": 0.6585365853658537,
  "non_violation_recall": 0.9285714285714286,
  "confusion_matrix": [
    [
      39,
      3
    ],
    [
      14,
      27
    ]
  ]
}