{
  "model": "openai/gpt-4o-mini",
  "directory": "compareCommunities10/t5_hcycg/t5_2w2s8",
  "num_tests": 100,
  "num_successes": 90,
  "batch_size": 10,
  "accuracy": 0.8666666666666667,
  "violation_precision": 0.8918918918918919,
  "non_violation_precision": 0.8490566037735849,
  "violation_recall": 0.8048780487804879,
  "non_violation_recall": 0.9183673469387755,
  "confusion_matrix": [
    [
      45,
      4
    ],
    [
      8,
      33
    ]
  ]
}