{
  "model": "openai/gpt-4o-mini",
  "directory": "compareCommunities5/t5_2qknd/t5_2xhvq",
  "num_tests": 100,
  "num_successes": 89,
  "batch_size": 5,
  "accuracy": 0.8539325842696629,
  "violation_precision": 0.8444444444444444,
  "non_violation_precision": 0.8636363636363636,
  "violation_recall": 0.8636363636363636,
  "non_violation_recall": 0.8444444444444444,
  "confusion_matrix": [
    [
      38,
      7
    ],
    [
      6,
      38
    ]
  ]
}