{
  "model": "openai/gpt-4o-mini",
  "directory": "compareCommunities10/t5_2qhds/t5_2sokd",
  "num_tests": 100,
  "num_successes": 73,
  "batch_size": 10,
  "accuracy": 0.863013698630137,
  "violation_precision": 0.90625,
  "non_violation_precision": 0.8292682926829268,
  "violation_recall": 0.8055555555555556,
  "non_violation_recall": 0.918918918918919,
  "confusion_matrix": [
    [
      34,
      3
    ],
    [
      7,
      29
    ]
  ]
}