{
  "model": "openai/gpt-4o-mini",
  "directory": "compareCommunities5/t5_2qho4/t5_2qhds",
  "num_tests": 100,
  "num_successes": 94,
  "batch_size": 5,
  "accuracy": 0.8829787234042553,
  "violation_precision": 0.9047619047619048,
  "non_violation_precision": 0.8653846153846154,
  "violation_recall": 0.8444444444444444,
  "non_violation_recall": 0.9183673469387755,
  "confusion_matrix": [
    [
      45,
      4
    ],
    [
      7,
      38
    ]
  ]
}