{
  "model": "openai/gpt-oss-120b:free",
  "directory": "compareCommunitiesLESS/t5_3h47q",
  "num_tests": 100,
  "num_successes": 100,
  "batch_size": 20,
  "accuracy": 0.71,
  "violation_precision": 0.9642857142857143,
  "non_violation_precision": 0.6111111111111112,
  "violation_recall": 0.4909090909090909,
  "non_violation_recall": 0.9777777777777777,
  "confusion_matrix": [
    [
      44,
      1
    ],
    [
      28,
      27
    ]
  ]
}