{
  "model": "openai/gpt-oss-120b:free",
  "directory": "compareCommunitiesOLDPROMPT/t5_2qhw9/t5_2qhw9",
  "num_tests": 100,
  "num_successes": 100,
  "batch_size": 20,
  "accuracy": 0.9,
  "violation_precision": 0.9142857142857143,
  "non_violation_precision": 0.8923076923076924,
  "violation_recall": 0.8205128205128205,
  "non_violation_recall": 0.9508196721311475,
  "confusion_matrix": [
    [
      58,
      3
    ],
    [
      7,
      32
    ]
  ]
}