{
  "model": "openai/gpt-4o-mini",
  "directory": "compareCommunities5/t5_2rawz/t5_2qhw9",
  "num_tests": 100,
  "num_successes": 90,
  "batch_size": 5,
  "accuracy": 0.8777777777777778,
  "violation_precision": 0.8775510204081632,
  "non_violation_precision": 0.8780487804878049,
  "violation_recall": 0.8958333333333334,
  "non_violation_recall": 0.8571428571428571,
  "confusion_matrix": [
    [
      36,
      6
    ],
    [
      5,
      43
    ]
  ]
}