{
  "model": "openai/gpt-4o-mini",
  "directory": "compareCommunities10/t5_2qhek/t5_3d4x4",
  "num_tests": 100,
  "num_successes": 93,
  "batch_size": 10,
  "accuracy": 0.8494623655913979,
  "violation_precision": 0.7857142857142857,
  "non_violation_precision": 0.9459459459459459,
  "violation_recall": 0.9565217391304348,
  "non_violation_recall": 0.7446808510638298,
  "confusion_matrix": [
    [
      35,
      12
    ],
    [
      2,
      44
    ]
  ]
}