{
  "model": "openai/gpt-4o-mini",
  "directory": "compareCommunities5/t5_2qhw9/t5_2qhds",
  "num_tests": 100,
  "num_successes": 92,
  "batch_size": 5,
  "accuracy": 0.8586956521739131,
  "violation_precision": 0.9024390243902439,
  "non_violation_precision": 0.8235294117647058,
  "violation_recall": 0.8043478260869565,
  "non_violation_recall": 0.9130434782608695,
  "confusion_matrix": [
    [
      42,
      4
    ],
    [
      9,
      37
    ]
  ]
}