{
  "model": "openai/gpt-4o-mini",
  "directory": "compareCommunities10/t5_2rnve/t5_2qky2",
  "num_tests": 100,
  "num_successes": 84,
  "batch_size": 10,
  "accuracy": 0.7857142857142857,
  "violation_precision": 0.7346938775510204,
  "non_violation_precision": 0.8571428571428571,
  "violation_recall": 0.8780487804878049,
  "non_violation_recall": 0.6976744186046512,
  "confusion_matrix": [
    [
      30,
      13
    ],
    [
      5,
      36
    ]
  ]
}