{
  "model": "openai/gpt-4o-mini",
  "directory": "compareCommunities10/t5_2qhds/t5_3560n",
  "num_tests": 100,
  "num_successes": 96,
  "batch_size": 10,
  "accuracy": 0.8541666666666666,
  "violation_precision": 0.9024390243902439,
  "non_violation_precision": 0.8181818181818182,
  "violation_recall": 0.7872340425531915,
  "non_violation_recall": 0.9183673469387755,
  "confusion_matrix": [
    [
      45,
      4
    ],
    [
      10,
      37
    ]
  ]
}