{
  "model": "openai/gpt-4o-mini",
  "directory": "compareCommunities10/t5_2qh3p/t5_2te6p",
  "num_tests": 100,
  "num_successes": 93,
  "batch_size": 10,
  "accuracy": 0.7849462365591398,
  "violation_precision": 0.8181818181818182,
  "non_violation_precision": 0.7551020408163265,
  "violation_recall": 0.75,
  "non_violation_recall": 0.8222222222222222,
  "confusion_matrix": [
    [
      37,
      8
    ],
    [
      12,
      36
    ]
  ]
}