{
  "model": "openai/gpt-4o-mini",
  "directory": "compareCommunities5/t5_2qhw9/t5_2vq0w",
  "num_tests": 100,
  "num_successes": 95,
  "batch_size": 5,
  "accuracy": 0.8421052631578947,
  "violation_precision": 0.851063829787234,
  "non_violation_precision": 0.8333333333333334,
  "violation_recall": 0.8333333333333334,
  "non_violation_recall": 0.851063829787234,
  "confusion_matrix": [
    [
      40,
      7
    ],
    [
      8,
      40
    ]
  ]
}