{
  "model": "openai/gpt-oss-120b:free",
  "directory": "compareCommunitiesOLDPROMPT/t5_2xhvq/t5_2xhvq_Run2",
  "num_tests": 100,
  "num_successes": 100,
  "batch_size": 20,
  "accuracy": 0.89,
  "violation_precision": 0.8727272727272727,
  "non_violation_precision": 0.9111111111111111,
  "violation_recall": 0.9230769230769231,
  "non_violation_recall": 0.8541666666666666,
  "confusion_matrix": [
    [
      41,
      7
    ],
    [
      4,
      48
    ]
  ]
}