{
  "model": "openai/gpt-4o-mini",
  "directory": "compareCommunities5/t5_2te6p/t5_2qh6c",
  "num_tests": 100,
  "num_successes": 86,
  "batch_size": 5,
  "accuracy": 0.8023255813953488,
  "violation_precision": 0.7254901960784313,
  "non_violation_precision": 0.9142857142857143,
  "violation_recall": 0.925,
  "non_violation_recall": 0.6956521739130435,
  "confusion_matrix": [
    [
      32,
      14
    ],
    [
      3,
      37
    ]
  ]
}