{
  "model": "openai/gpt-4o-mini",
  "directory": "compareCommunities10/t5_2rnve/t5_2qlxw",
  "num_tests": 100,
  "num_successes": 90,
  "batch_size": 10,
  "accuracy": 0.9111111111111111,
  "violation_precision": 0.8695652173913043,
  "non_violation_precision": 0.9545454545454546,
  "violation_recall": 0.9523809523809523,
  "non_violation_recall": 0.875,
  "confusion_matrix": [
    [
      42,
      6
    ],
    [
      2,
      40
    ]
  ]
}