{
  "model": "openai/gpt-4o-mini",
  "directory": "compareCommunities10/t5_2rnve/t5_2qhvo",
  "num_tests": 100,
  "num_successes": 62,
  "batch_size": 10,
  "accuracy": 0.8548387096774194,
  "violation_precision": 0.8333333333333334,
  "non_violation_precision": 0.875,
  "violation_recall": 0.8620689655172413,
  "non_violation_recall": 0.8484848484848485,
  "confusion_matrix": [
    [
      28,
      5
    ],
    [
      4,
      25
    ]
  ]
}