{
  "model": "openai/gpt-4o-mini",
  "directory": "compareCommunities10/t5_2qh2v/t5_2qstm",
  "num_tests": 100,
  "num_successes": 92,
  "batch_size": 10,
  "accuracy": 0.8586956521739131,
  "violation_precision": 0.9722222222222222,
  "non_violation_precision": 0.7857142857142857,
  "violation_recall": 0.7446808510638298,
  "non_violation_recall": 0.9777777777777777,
  "confusion_matrix": [
    [
      44,
      1
    ],
    [
      12,
      35
    ]
  ]
}