{
  "model": "openai/gpt-4o-mini",
  "directory": "compareCommunities5/t5_2qlxw/t5_2qh3p",
  "num_tests": 100,
  "num_successes": 90,
  "batch_size": 5,
  "accuracy": 0.7666666666666667,
  "violation_precision": 0.7346938775510204,
  "non_violation_precision": 0.8048780487804879,
  "violation_recall": 0.8181818181818182,
  "non_violation_recall": 0.717391304347826,
  "confusion_matrix": [
    [
      33,
      13
    ],
    [
      8,
      36
    ]
  ]
}