{
  "model": "openai/gpt-4o-mini",
  "directory": "compareCommunities10/t5_2qhvo/t5_3cr3o",
  "num_tests": 100,
  "num_successes": 99,
  "batch_size": 10,
  "accuracy": 0.7474747474747475,
  "violation_precision": 0.8333333333333334,
  "non_violation_precision": 0.6984126984126984,
  "violation_recall": 0.6122448979591837,
  "non_violation_recall": 0.88,
  "confusion_matrix": [
    [
      44,
      6
    ],
    [
      19,
      30
    ]
  ]
}