{
  "model": "openai/gpt-oss-120b:free",
  "directory": "compareCommunities/t5_2qh3p/t5_3d4x4",
  "num_tests": 100,
  "num_successes": 99,
  "batch_size": 20,
  "accuracy": 0.6767676767676768,
  "violation_precision": 0.6451612903225806,
  "non_violation_precision": 0.7297297297297297,
  "violation_recall": 0.8,
  "non_violation_recall": 0.5510204081632653,
  "confusion_matrix": [
    [
      27,
      22
    ],
    [
      10,
      40
    ]
  ]
}