{
  "model": "openai/gpt-4o-mini",
  "directory": "compareCommunities10/t5_2te6p/t5_2qhds",
  "num_tests": 100,
  "num_successes": 88,
  "batch_size": 10,
  "accuracy": 0.8181818181818182,
  "violation_precision": 0.8888888888888888,
  "non_violation_precision": 0.7692307692307693,
  "violation_recall": 0.7272727272727273,
  "non_violation_recall": 0.9090909090909091,
  "confusion_matrix": [
    [
      40,
      4
    ],
    [
      12,
      32
    ]
  ]
}