{
  "model": "openai/gpt-4o-mini",
  "directory": "compareCommunities10/t5_2qhek/t5_3560n",
  "num_tests": 100,
  "num_successes": 96,
  "batch_size": 10,
  "accuracy": 0.8333333333333334,
  "violation_precision": 0.8367346938775511,
  "non_violation_precision": 0.8297872340425532,
  "violation_recall": 0.8367346938775511,
  "non_violation_recall": 0.8297872340425532,
  "confusion_matrix": [
    [
      39,
      8
    ],
    [
      8,
      41
    ]
  ]
}