{
  "model": "openai/gpt-4o-mini",
  "directory": "compareCommunities10/t5_hcycg/t5_2sokd",
  "num_tests": 100,
  "num_successes": 80,
  "batch_size": 10,
  "accuracy": 0.8375,
  "violation_precision": 0.8787878787878788,
  "non_violation_precision": 0.8085106382978723,
  "violation_recall": 0.7631578947368421,
  "non_violation_recall": 0.9047619047619048,
  "confusion_matrix": [
    [
      38,
      4
    ],
    [
      9,
      29
    ]
  ]
}