{
  "model": "openai/gpt-4o-mini",
  "directory": "compareCommunities10/t5_2sokd/t5_10qj6b",
  "num_tests": 100,
  "num_successes": 96,
  "batch_size": 10,
  "accuracy": 0.8020833333333334,
  "violation_precision": 0.8043478260869565,
  "non_violation_precision": 0.8,
  "violation_recall": 0.7872340425531915,
  "non_violation_recall": 0.8163265306122449,
  "confusion_matrix": [
    [
      40,
      9
    ],
    [
      10,
      37
    ]
  ]
}