{
  "model": "openai/gpt-4o-mini",
  "directory": "compareCommunities10/t5_2vq0w/t5_10qj6b",
  "num_tests": 100,
  "num_successes": 88,
  "batch_size": 10,
  "accuracy": 0.8068181818181818,
  "violation_precision": 0.7727272727272727,
  "non_violation_precision": 0.8409090909090909,
  "violation_recall": 0.8292682926829268,
  "non_violation_recall": 0.7872340425531915,
  "confusion_matrix": [
    [
      37,
      10
    ],
    [
      7,
      34
    ]
  ]
}