{
  "model": "openai/gpt-4o-mini",
  "directory": "compareCommunities10/t5_2qstm/t5_2qhff",
  "num_tests": 100,
  "num_successes": 93,
  "batch_size": 10,
  "accuracy": 0.8387096774193549,
  "violation_precision": 0.7884615384615384,
  "non_violation_precision": 0.9024390243902439,
  "violation_recall": 0.9111111111111111,
  "non_violation_recall": 0.7708333333333334,
  "confusion_matrix": [
    [
      37,
      11
    ],
    [
      4,
      41
    ]
  ]
}