{
  "model": "openai/gpt-4o-mini",
  "directory": "compareCommunities10/t5_3d4x4/t5_2te6p",
  "num_tests": 100,
  "num_successes": 98,
  "batch_size": 10,
  "accuracy": 0.7959183673469388,
  "violation_precision": 0.8717948717948718,
  "non_violation_precision": 0.7457627118644068,
  "violation_recall": 0.6938775510204082,
  "non_violation_recall": 0.8979591836734694,
  "confusion_matrix": [
    [
      44,
      5
    ],
    [
      15,
      34
    ]
  ]
}