{
  "model": "openai/gpt-4o-mini",
  "directory": "compareCommunities5/t5_2vjre/t5_2sokd",
  "num_tests": 100,
  "num_successes": 92,
  "batch_size": 5,
  "accuracy": 0.75,
  "violation_precision": 0.7941176470588235,
  "non_violation_precision": 0.7241379310344828,
  "violation_recall": 0.627906976744186,
  "non_violation_recall": 0.8571428571428571,
  "confusion_matrix": [
    [
      42,
      7
    ],
    [
      16,
      27
    ]
  ]
}