{
  "model": "openai/gpt-4o-mini",
  "directory": "compareCommunities5/t5_2we2n/t5_2qhw9",
  "num_tests": 100,
  "num_successes": 91,
  "batch_size": 5,
  "accuracy": 0.8571428571428571,
  "violation_precision": 0.8888888888888888,
  "non_violation_precision": 0.8260869565217391,
  "violation_recall": 0.8333333333333334,
  "non_violation_recall": 0.8837209302325582,
  "confusion_matrix": [
    [
      38,
      5
    ],
    [
      8,
      40
    ]
  ]
}