{
  "model": "openai/gpt-4o-mini",
  "directory": "compareCommunities10/t5_3d4x4/t5_2qh3p",
  "num_tests": 100,
  "num_successes": 77,
  "batch_size": 10,
  "accuracy": 0.8181818181818182,
  "violation_precision": 0.8421052631578947,
  "non_violation_precision": 0.7948717948717948,
  "violation_recall": 0.8,
  "non_violation_recall": 0.8378378378378378,
  "confusion_matrix": [
    [
      31,
      6
    ],
    [
      8,
      32
    ]
  ]
}