{
  "model": "openai/gpt-4o-mini",
  "directory": "compareCommunities10/t5_hcycg/t5_2qho4",
  "num_tests": 100,
  "num_successes": 80,
  "batch_size": 10,
  "accuracy": 0.8375,
  "violation_precision": 0.782608695652174,
  "non_violation_precision": 0.9117647058823529,
  "violation_recall": 0.9230769230769231,
  "non_violation_recall": 0.7560975609756098,
  "confusion_matrix": [
    [
      31,
      10
    ],
    [
      3,
      36
    ]
  ]
}