{
  "model": "openai/gpt-4o-mini",
  "directory": "compareCommunities10/t5_2qh6c/t5_2qhvo",
  "num_tests": 100,
  "num_successes": 85,
  "batch_size": 10,
  "accuracy": 0.7529411764705882,
  "violation_precision": 0.8181818181818182,
  "non_violation_precision": 0.7115384615384616,
  "violation_recall": 0.6428571428571429,
  "non_violation_recall": 0.8604651162790697,
  "confusion_matrix": [
    [
      37,
      6
    ],
    [
      15,
      27
    ]
  ]
}