{
  "model": "openai/gpt-4o-mini",
  "directory": "compareCommunities10/t5_2qho4/t5_2te6p",
  "num_tests": 100,
  "num_successes": 98,
  "batch_size": 10,
  "accuracy": 0.8163265306122449,
  "violation_precision": 0.8409090909090909,
  "non_violation_precision": 0.7962962962962963,
  "violation_recall": 0.7708333333333334,
  "non_violation_recall": 0.86,
  "confusion_matrix": [
    [
      43,
      7
    ],
    [
      11,
      37
    ]
  ]
}