{
  "model": "openai/gpt-4o-mini",
  "directory": "compareCommunities5/t5_2qhvo/t5_2qh2v",
  "num_tests": 100,
  "num_successes": 90,
  "batch_size": 5,
  "accuracy": 0.8888888888888888,
  "violation_precision": 0.8936170212765957,
  "non_violation_precision": 0.8837209302325582,
  "violation_recall": 0.8936170212765957,
  "non_violation_recall": 0.8837209302325582,
  "confusion_matrix": [
    [
      38,
      5
    ],
    [
      5,
      42
    ]
  ]
}