{
  "model": "openai/gpt-4o-mini",
  "directory": "compareCommunities5/t5_2qh3p/t5_2w2s8",
  "num_tests": 100,
  "num_successes": 92,
  "batch_size": 5,
  "accuracy": 0.782608695652174,
  "violation_precision": 0.8421052631578947,
  "non_violation_precision": 0.7407407407407407,
  "violation_recall": 0.6956521739130435,
  "non_violation_recall": 0.8695652173913043,
  "confusion_matrix": [
    [
      40,
      6
    ],
    [
      14,
      32
    ]
  ]
}