{
  "model": "openai/gpt-4o-mini",
  "directory": "compareCommunities10/t5_3onkg/t5_2qhvo",
  "num_tests": 100,
  "num_successes": 86,
  "batch_size": 10,
  "accuracy": 0.7441860465116279,
  "violation_precision": 0.8181818181818182,
  "non_violation_precision": 0.6981132075471698,
  "violation_recall": 0.627906976744186,
  "non_violation_recall": 0.8604651162790697,
  "confusion_matrix": [
    [
      37,
      6
    ],
    [
      16,
      27
    ]
  ]
}