{
  "model": "openai/gpt-4o-mini",
  "directory": "compareCommunities10/t5_3560n/t5_2r05i",
  "num_tests": 100,
  "num_successes": 82,
  "batch_size": 10,
  "accuracy": 0.8780487804878049,
  "violation_precision": 0.9705882352941176,
  "non_violation_precision": 0.8125,
  "violation_recall": 0.7857142857142857,
  "non_violation_recall": 0.975,
  "confusion_matrix": [
    [
      39,
      1
    ],
    [
      9,
      33
    ]
  ]
}