{
  "model": "openai/gpt-4o-mini",
  "directory": "compareCommunities5/t5_2qh2v/t5_2qhw9",
  "num_tests": 100,
  "num_successes": 98,
  "batch_size": 5,
  "accuracy": 0.8571428571428571,
  "violation_precision": 0.9090909090909091,
  "non_violation_precision": 0.8148148148148148,
  "violation_recall": 0.8,
  "non_violation_recall": 0.9166666666666666,
  "confusion_matrix": [
    [
      44,
      4
    ],
    [
      10,
      40
    ]
  ]
}