{
  "model": "openai/gpt-4o-mini",
  "directory": "compareCommunities5/t5_2w2s8/t5_2qh2v",
  "num_tests": 100,
  "num_successes": 84,
  "batch_size": 5,
  "accuracy": 0.8690476190476191,
  "violation_precision": 0.8367346938775511,
  "non_violation_precision": 0.9142857142857143,
  "violation_recall": 0.9318181818181818,
  "non_violation_recall": 0.8,
  "confusion_matrix": [
    [
      32,
      8
    ],
    [
      3,
      41
    ]
  ]
}