{
  "model": "openai/gpt-4o-mini",
  "directory": "compareCommunities10/t5_2qky2/t5_10qj6b",
  "num_tests": 100,
  "num_successes": 97,
  "batch_size": 10,
  "accuracy": 0.7835051546391752,
  "violation_precision": 0.7872340425531915,
  "non_violation_precision": 0.78,
  "violation_recall": 0.7708333333333334,
  "non_violation_recall": 0.7959183673469388,
  "confusion_matrix": [
    [
      39,
      10
    ],
    [
      11,
      37
    ]
  ]
}