{
  "model": "openai/gpt-4o-mini",
  "directory": "compareCommunities5/t5_3cr3o/t5_2sokd",
  "num_tests": 100,
  "num_successes": 98,
  "batch_size": 5,
  "accuracy": 0.7244897959183674,
  "violation_precision": 0.6617647058823529,
  "non_violation_precision": 0.8666666666666667,
  "violation_recall": 0.9183673469387755,
  "non_violation_recall": 0.5306122448979592,
  "confusion_matrix": [
    [
      26,
      23
    ],
    [
      4,
      45
    ]
  ]
}