{
  "model": "openai/gpt-4o-mini",
  "directory": "compareCommunities5/t5_2rawz/t5_2xhvq",
  "num_tests": 100,
  "num_successes": 89,
  "batch_size": 5,
  "accuracy": 0.8539325842696629,
  "violation_precision": 0.875,
  "non_violation_precision": 0.8367346938775511,
  "violation_recall": 0.813953488372093,
  "non_violation_recall": 0.8913043478260869,
  "confusion_matrix": [
    [
      41,
      5
    ],
    [
      8,
      35
    ]
  ]
}