{
  "model": "openai/gpt-4o-mini",
  "directory": "compareCommunities5/t5_2te6p/t5_2sokd",
  "num_tests": 100,
  "num_successes": 94,
  "batch_size": 5,
  "accuracy": 0.7872340425531915,
  "violation_precision": 0.8095238095238095,
  "non_violation_precision": 0.7692307692307693,
  "violation_recall": 0.7391304347826086,
  "non_violation_recall": 0.8333333333333334,
  "confusion_matrix": [
    [
      40,
      8
    ],
    [
      12,
      34
    ]
  ]
}