{
  "model": "openai/gpt-4o-mini",
  "directory": "compareCommunities5/t5_3h47q/t5_2qh2v",
  "num_tests": 100,
  "num_successes": 87,
  "batch_size": 5,
  "accuracy": 0.8850574712643678,
  "violation_precision": 0.8913043478260869,
  "non_violation_precision": 0.8780487804878049,
  "violation_recall": 0.8913043478260869,
  "non_violation_recall": 0.8780487804878049,
  "confusion_matrix": [
    [
      36,
      5
    ],
    [
      5,
      41
    ]
  ]
}