{
  "model": "openai/gpt-4o-mini",
  "directory": "compareCommunities10/t5_2qh6c/t5_2vjre",
  "num_tests": 100,
  "num_successes": 98,
  "batch_size": 10,
  "accuracy": 0.9285714285714286,
  "violation_precision": 0.9565217391304348,
  "non_violation_precision": 0.9038461538461539,
  "violation_recall": 0.8979591836734694,
  "non_violation_recall": 0.9591836734693877,
  "confusion_matrix": [
    [
      47,
      2
    ],
    [
      5,
      44
    ]
  ]
}