{
  "model": "openai/gpt-oss-120b:free",
  "prompt": "4Shot",
  "num_tests": 100,
  "batch_size": 20,
  "accuracy": 0.92,
  "violation_precision": 0.9534883720930233,
  "non_violation_precision": 0.8947368421052632,
  "violation_recall": 0.8723404255319149,
  "non_violation_recall": 0.9622641509433962,
  "f1": 0.9111111111111111,
  "confusion_matrix": [
    [
      51,
      2
    ],
    [
      6,
      41
    ]
  ]
}