{
  "model": "openai/gpt-4o-mini",
  "directory": "compareCommunities5/t5_2qhw9/t5_2qhek",
  "num_tests": 100,
  "num_successes": 93,
  "batch_size": 5,
  "accuracy": 0.8387096774193549,
  "violation_precision": 0.967741935483871,
  "non_violation_precision": 0.7741935483870968,
  "violation_recall": 0.6818181818181818,
  "non_violation_recall": 0.9795918367346939,
  "confusion_matrix": [
    [
      48,
      1
    ],
    [
      14,
      30
    ]
  ]
}