{
  "model": "openai/gpt-4o-mini",
  "directory": "compareCommunities5/t5_2we2n/t5_2qhvo",
  "num_tests": 100,
  "num_successes": 77,
  "batch_size": 5,
  "accuracy": 0.7662337662337663,
  "violation_precision": 0.7428571428571429,
  "non_violation_precision": 0.7857142857142857,
  "violation_recall": 0.7428571428571429,
  "non_violation_recall": 0.7857142857142857,
  "confusion_matrix": [
    [
      33,
      9
    ],
    [
      9,
      26
    ]
  ]
}