{
  "model": "openai/gpt-4o-mini",
  "directory": "compareCommunities10/t5_2qh3p/t5_2qhvo",
  "num_tests": 100,
  "num_successes": 80,
  "batch_size": 10,
  "accuracy": 0.8,
  "violation_precision": 0.7878787878787878,
  "non_violation_precision": 0.8085106382978723,
  "violation_recall": 0.7428571428571429,
  "non_violation_recall": 0.8444444444444444,
  "confusion_matrix": [
    [
      38,
      7
    ],
    [
      9,
      26
    ]
  ]
}