{
  "model": "openai/gpt-4o-mini",
  "directory": "compareCommunities5/t5_2te6p/t5_2qky2",
  "num_tests": 100,
  "num_successes": 87,
  "batch_size": 5,
  "accuracy": 0.7586206896551724,
  "violation_precision": 0.7619047619047619,
  "non_violation_precision": 0.7555555555555555,
  "violation_recall": 0.7441860465116279,
  "non_violation_recall": 0.7727272727272727,
  "confusion_matrix": [
    [
      34,
      10
    ],
    [
      11,
      32
    ]
  ]
}