{
  "model": "openai/gpt-4o-mini",
  "directory": "compareCommunities5/t5_2qstm/t5_2qh3p",
  "num_tests": 100,
  "num_successes": 93,
  "batch_size": 5,
  "accuracy": 0.8279569892473119,
  "violation_precision": 0.7627118644067796,
  "non_violation_precision": 0.9411764705882353,
  "violation_recall": 0.9574468085106383,
  "non_violation_recall": 0.6956521739130435,
  "confusion_matrix": [
    [
      32,
      14
    ],
    [
      2,
      45
    ]
  ]
}