{
  "model": "openai/gpt-4o-mini",
  "directory": "compareCommunities10/t5_2qh6c/t5_2qh2v",
  "num_tests": 100,
  "num_successes": 83,
  "batch_size": 10,
  "accuracy": 0.9036144578313253,
  "violation_precision": 0.925,
  "non_violation_precision": 0.8837209302325582,
  "violation_recall": 0.8809523809523809,
  "non_violation_recall": 0.926829268292683,
  "confusion_matrix": [
    [
      38,
      3
    ],
    [
      5,
      37
    ]
  ]
}