{
  "model": "openai/gpt-4o-mini",
  "directory": "compareCommunities10/t5_3onkg/t5_2qh2v",
  "num_tests": 100,
  "num_successes": 85,
  "batch_size": 10,
  "accuracy": 0.8823529411764706,
  "violation_precision": 0.8947368421052632,
  "non_violation_precision": 0.8723404255319149,
  "violation_recall": 0.85,
  "non_violation_recall": 0.9111111111111111,
  "confusion_matrix": [
    [
      41,
      4
    ],
    [
      6,
      34
    ]
  ]
}