{
  "model": "openai/gpt-4o-mini",
  "directory": "compareCommunities5/t5_2qhw9/t5_2qh2v",
  "num_tests": 100,
  "num_successes": 96,
  "batch_size": 5,
  "accuracy": 0.8958333333333334,
  "violation_precision": 0.8979591836734694,
  "non_violation_precision": 0.8936170212765957,
  "violation_recall": 0.8979591836734694,
  "non_violation_recall": 0.8936170212765957,
  "confusion_matrix": [
    [
      42,
      5
    ],
    [
      5,
      44
    ]
  ]
}