{
  "model": "openai/gpt-4o-mini",
  "directory": "compareCommunities5/t5_2qh6c/t5_2qh2v",
  "num_tests": 100,
  "num_successes": 90,
  "batch_size": 5,
  "accuracy": 0.9444444444444444,
  "violation_precision": 0.9555555555555556,
  "non_violation_precision": 0.9333333333333333,
  "violation_recall": 0.9347826086956522,
  "non_violation_recall": 0.9545454545454546,
  "confusion_matrix": [
    [
      42,
      2
    ],
    [
      3,
      43
    ]
  ]
}