{
  "model": "openai/gpt-4o-mini",
  "directory": "compareCommunities10/t5_2w2s8/t5_2qho4",
  "num_tests": 100,
  "num_successes": 74,
  "batch_size": 10,
  "accuracy": 0.8243243243243243,
  "violation_precision": 0.813953488372093,
  "non_violation_precision": 0.8387096774193549,
  "violation_recall": 0.875,
  "non_violation_recall": 0.7647058823529411,
  "confusion_matrix": [
    [
      26,
      8
    ],
    [
      5,
      35
    ]
  ]
}