{
  "model": "openai/gpt-4o-mini",
  "directory": "compareCommunities10/t5_3cr3o/t5_3560n",
  "num_tests": 100,
  "num_successes": 96,
  "batch_size": 10,
  "accuracy": 0.8645833333333334,
  "violation_precision": 0.875,
  "non_violation_precision": 0.8541666666666666,
  "violation_recall": 0.8571428571428571,
  "non_violation_recall": 0.8723404255319149,
  "confusion_matrix": [
    [
      41,
      6
    ],
    [
      7,
      42
    ]
  ]
}