{
  "model": "openai/gpt-4o-mini",
  "directory": "compareCommunities5/t5_2rawz/t5_2vq0w",
  "num_tests": 100,
  "num_successes": 87,
  "batch_size": 5,
  "accuracy": 0.8735632183908046,
  "violation_precision": 0.8695652173913043,
  "non_violation_precision": 0.8780487804878049,
  "violation_recall": 0.8888888888888888,
  "non_violation_recall": 0.8571428571428571,
  "confusion_matrix": [
    [
      36,
      6
    ],
    [
      5,
      40
    ]
  ]
}