{
  "model": "openai/gpt-4o-mini",
  "directory": "compareCommunities5/t5_2w2s8/t5_2w2s8",
  "num_tests": 100,
  "num_successes": 84,
  "batch_size": 5,
  "accuracy": 0.8095238095238095,
  "violation_precision": 0.7906976744186046,
  "non_violation_precision": 0.8292682926829268,
  "violation_recall": 0.8292682926829268,
  "non_violation_recall": 0.7906976744186046,
  "confusion_matrix": [
    [
      34,
      9
    ],
    [
      7,
      34
    ]
  ]
}