{
  "model": "openai/gpt-4o-mini",
  "directory": "compareCommunities10/t5_2qhw9/t5_hcycg",
  "num_tests": 100,
  "num_successes": 84,
  "batch_size": 10,
  "accuracy": 0.7619047619047619,
  "violation_precision": 0.8888888888888888,
  "non_violation_precision": 0.7017543859649122,
  "violation_recall": 0.5853658536585366,
  "non_violation_recall": 0.9302325581395349,
  "confusion_matrix": [
    [
      40,
      3
    ],
    [
      17,
      24
    ]
  ]
}