{
  "model": "openai/gpt-4o-mini",
  "directory": "compareCommunities10/t5_2qhek/t5_2qh2s",
  "num_tests": 100,
  "num_successes": 86,
  "batch_size": 10,
  "accuracy": 0.872093023255814,
  "violation_precision": 0.8947368421052632,
  "non_violation_precision": 0.8541666666666666,
  "violation_recall": 0.8292682926829268,
  "non_violation_recall": 0.9111111111111111,
  "confusion_matrix": [
    [
      41,
      4
    ],
    [
      7,
      34
    ]
  ]
}