{
  "model": "openai/gpt-4o-mini",
  "directory": "compareCommunities5/t5_2vjre/t5_2qhw9",
  "num_tests": 100,
  "num_successes": 97,
  "batch_size": 5,
  "accuracy": 0.8556701030927835,
  "violation_precision": 0.8913043478260869,
  "non_violation_precision": 0.8235294117647058,
  "violation_recall": 0.82,
  "non_violation_recall": 0.8936170212765957,
  "confusion_matrix": [
    [
      42,
      5
    ],
    [
      9,
      41
    ]
  ]
}