{
  "model": "openai/gpt-4o-mini",
  "directory": "compareCommunities10/t5_2qhvo/t5_2qhvo",
  "num_tests": 100,
  "num_successes": 74,
  "batch_size": 10,
  "accuracy": 0.8108108108108109,
  "violation_precision": 0.88,
  "non_violation_precision": 0.7755102040816326,
  "violation_recall": 0.6666666666666666,
  "non_violation_recall": 0.926829268292683,
  "confusion_matrix": [
    [
      38,
      3
    ],
    [
      11,
      22
    ]
  ]
}