{
  "model": "openai/gpt-4o-mini",
  "directory": "compareCommunities10/t5_2te6p/t5_2r05i",
  "num_tests": 100,
  "num_successes": 84,
  "batch_size": 10,
  "accuracy": 0.8571428571428571,
  "violation_precision": 0.967741935483871,
  "non_violation_precision": 0.7924528301886793,
  "violation_recall": 0.7317073170731707,
  "non_violation_recall": 0.9767441860465116,
  "confusion_matrix": [
    [
      42,
      1
    ],
    [
      11,
      30
    ]
  ]
}