{
  "model": "openai/gpt-4o-mini",
  "directory": "compareCommunities5/t5_2qstm/t5_2qhvo",
  "num_tests": 100,
  "num_successes": 75,
  "batch_size": 5,
  "accuracy": 0.7866666666666666,
  "violation_precision": 0.7435897435897436,
  "non_violation_precision": 0.8333333333333334,
  "violation_recall": 0.8285714285714286,
  "non_violation_recall": 0.75,
  "confusion_matrix": [
    [
      30,
      10
    ],
    [
      6,
      29
    ]
  ]
}