{
  "model": "openai/gpt-4o-mini",
  "directory": "compareCommunities5/t5_10qj6b/t5_2qky2",
  "num_tests": 100,
  "num_successes": 81,
  "batch_size": 5,
  "accuracy": 0.7530864197530864,
  "violation_precision": 0.6875,
  "non_violation_precision": 0.8484848484848485,
  "violation_recall": 0.868421052631579,
  "non_violation_recall": 0.6511627906976745,
  "confusion_matrix": [
    [
      28,
      15
    ],
    [
      5,
      33
    ]
  ]
}