{
  "model": "openai/gpt-4o-mini",
  "directory": "compareCommunities10/t5_2rnve/t5_2qho4",
  "num_tests": 100,
  "num_successes": 75,
  "batch_size": 10,
  "accuracy": 0.8133333333333334,
  "violation_precision": 0.7446808510638298,
  "non_violation_precision": 0.9285714285714286,
  "violation_recall": 0.9459459459459459,
  "non_violation_recall": 0.6842105263157895,
  "confusion_matrix": [
    [
      26,
      12
    ],
    [
      2,
      35
    ]
  ]
}