{
  "model": "openai/gpt-oss-120b:free",
  "directory": "compareCommunitiesOLDPROMPT/t5_2xhvq/t5_2qho4",
  "num_tests": 100,
  "num_successes": 100,
  "batch_size": 20,
  "accuracy": 0.84,
  "violation_precision": 0.8301886792452831,
  "non_violation_precision": 0.851063829787234,
  "violation_recall": 0.8627450980392157,
  "non_violation_recall": 0.8163265306122449,
  "confusion_matrix": [
    [
      40,
      9
    ],
    [
      7,
      44
    ]
  ]
}