{
  "model": "openai/gpt-4o-mini",
  "directory": "compareCommunities5/t5_3cr3o/t5_2qhvo",
  "num_tests": 100,
  "num_successes": 85,
  "batch_size": 5,
  "accuracy": 0.7647058823529411,
  "violation_precision": 0.7948717948717948,
  "non_violation_precision": 0.7391304347826086,
  "violation_recall": 0.7209302325581395,
  "non_violation_recall": 0.8095238095238095,
  "confusion_matrix": [
    [
      34,
      8
    ],
    [
      12,
      31
    ]
  ]
}