{
  "model": "openai/gpt-4o-mini",
  "directory": "compareCommunities5/t5_2qknd/t5_2w2s8",
  "num_tests": 100,
  "num_successes": 87,
  "batch_size": 5,
  "accuracy": 0.8160919540229885,
  "violation_precision": 0.8461538461538461,
  "non_violation_precision": 0.7916666666666666,
  "violation_recall": 0.7674418604651163,
  "non_violation_recall": 0.8636363636363636,
  "confusion_matrix": [
    [
      38,
      6
    ],
    [
      10,
      33
    ]
  ]
}