{
  "model": "openai/gpt-4o-mini",
  "directory": "compareCommunities10/t5_2w2s8/t5_2qhff",
  "num_tests": 100,
  "num_successes": 84,
  "batch_size": 10,
  "accuracy": 0.9047619047619048,
  "violation_precision": 0.8604651162790697,
  "non_violation_precision": 0.9512195121951219,
  "violation_recall": 0.9487179487179487,
  "non_violation_recall": 0.8666666666666667,
  "confusion_matrix": [
    [
      39,
      6
    ],
    [
      2,
      37
    ]
  ]
}