{
  "model": "openai/gpt-4o-mini",
  "directory": "compareCommunities5/t5_2te6p/t5_hcycg",
  "num_tests": 100,
  "num_successes": 97,
  "batch_size": 5,
  "accuracy": 0.7938144329896907,
  "violation_precision": 0.8947368421052632,
  "non_violation_precision": 0.7288135593220338,
  "violation_recall": 0.68,
  "non_violation_recall": 0.9148936170212766,
  "confusion_matrix": [
    [
      43,
      4
    ],
    [
      16,
      34
    ]
  ]
}