{
  "model": "openai/gpt-4o-mini",
  "directory": "compareCommunities10/t5_2qhw9/t5_2qlxw",
  "num_tests": 100,
  "num_successes": 87,
  "batch_size": 10,
  "accuracy": 0.9195402298850575,
  "violation_precision": 0.9230769230769231,
  "non_violation_precision": 0.9166666666666666,
  "violation_recall": 0.9,
  "non_violation_recall": 0.9361702127659575,
  "confusion_matrix": [
    [
      44,
      3
    ],
    [
      4,
      36
    ]
  ]
}