{
  "model": "openai/gpt-4o-mini",
  "directory": "compareCommunities5/t5_2sokd/t5_2qho4",
  "num_tests": 100,
  "num_successes": 88,
  "batch_size": 5,
  "accuracy": 0.8181818181818182,
  "violation_precision": 0.76,
  "non_violation_precision": 0.8947368421052632,
  "violation_recall": 0.9047619047619048,
  "non_violation_recall": 0.7391304347826086,
  "confusion_matrix": [
    [
      34,
      12
    ],
    [
      4,
      38
    ]
  ]
}