{
  "model": "openai/gpt-4o-mini",
  "directory": "compareCommunities10/t5_3onkg/t5_2qhff",
  "num_tests": 100,
  "num_successes": 78,
  "batch_size": 10,
  "accuracy": 0.8589743589743589,
  "violation_precision": 0.8378378378378378,
  "non_violation_precision": 0.8780487804878049,
  "violation_recall": 0.8611111111111112,
  "non_violation_recall": 0.8571428571428571,
  "confusion_matrix": [
    [
      36,
      6
    ],
    [
      5,
      31
    ]
  ]
}