{
  "model": "openai/gpt-4o-mini",
  "directory": "compareCommunities10/t5_2qhvo/t5_2qh2v",
  "num_tests": 100,
  "num_successes": 72,
  "batch_size": 10,
  "accuracy": 0.9166666666666666,
  "violation_precision": 0.9393939393939394,
  "non_violation_precision": 0.8974358974358975,
  "violation_recall": 0.8857142857142857,
  "non_violation_recall": 0.9459459459459459,
  "confusion_matrix": [
    [
      35,
      2
    ],
    [
      4,
      31
    ]
  ]
}