{
  "model": "openai/gpt-4o-mini",
  "directory": "compareCommunities5/t5_2rawz/t5_3h47q",
  "num_tests": 100,
  "num_successes": 96,
  "batch_size": 5,
  "accuracy": 0.7916666666666666,
  "violation_precision": 0.8947368421052632,
  "non_violation_precision": 0.7241379310344828,
  "violation_recall": 0.68,
  "non_violation_recall": 0.9130434782608695,
  "confusion_matrix": [
    [
      42,
      4
    ],
    [
      16,
      34
    ]
  ]
}