{
  "model": "openai/gpt-4o-mini",
  "directory": "compareCommunities5/t5_3560n/t5_2qh3p",
  "num_tests": 100,
  "num_successes": 90,
  "batch_size": 5,
  "accuracy": 0.7666666666666667,
  "violation_precision": 0.7090909090909091,
  "non_violation_precision": 0.8571428571428571,
  "violation_recall": 0.8863636363636364,
  "non_violation_recall": 0.6521739130434783,
  "confusion_matrix": [
    [
      30,
      16
    ],
    [
      5,
      39
    ]
  ]
}