{
  "model": "openai/gpt-4o-mini",
  "directory": "compareCommunities5/t5_2qh6c/t5_3onkg",
  "num_tests": 100,
  "num_successes": 94,
  "batch_size": 5,
  "accuracy": 0.8617021276595744,
  "violation_precision": 0.8837209302325582,
  "non_violation_precision": 0.8431372549019608,
  "violation_recall": 0.8260869565217391,
  "non_violation_recall": 0.8958333333333334,
  "confusion_matrix": [
    [
      43,
      5
    ],
    [
      8,
      38
    ]
  ]
}