{
  "model": "openai/gpt-oss-120b:free",
  "directory": "compareCommunities/t5_3560n/t5_3h47q",
  "num_tests": 100,
  "num_successes": 99,
  "batch_size": 20,
  "accuracy": 0.7676767676767676,
  "violation_precision": 0.9090909090909091,
  "non_violation_precision": 0.696969696969697,
  "violation_recall": 0.6,
  "non_violation_recall": 0.9387755102040817,
  "confusion_matrix": [
    [
      46,
      3
    ],
    [
      20,
      30
    ]
  ]
}