{
  "model": "openai/gpt-4o-mini",
  "directory": "compareCommunities10/t5_2qhw9/t5_2qh2v",
  "num_tests": 100,
  "num_successes": 71,
  "batch_size": 10,
  "accuracy": 0.9154929577464789,
  "violation_precision": 0.9375,
  "non_violation_precision": 0.8974358974358975,
  "violation_recall": 0.8823529411764706,
  "non_violation_recall": 0.9459459459459459,
  "confusion_matrix": [
    [
      35,
      2
    ],
    [
      4,
      30
    ]
  ]
}