{
  "model": "openai/gpt-4o-mini",
  "directory": "compareCommunities5/t5_2qlxw/t5_2qh2v",
  "num_tests": 100,
  "num_successes": 87,
  "batch_size": 5,
  "accuracy": 0.8735632183908046,
  "violation_precision": 0.8541666666666666,
  "non_violation_precision": 0.8974358974358975,
  "violation_recall": 0.9111111111111111,
  "non_violation_recall": 0.8333333333333334,
  "confusion_matrix": [
    [
      35,
      7
    ],
    [
      4,
      41
    ]
  ]
}