{
  "model": "openai/gpt-4o-mini",
  "directory": "compareCommunities10/t5_2qh6c/t5_2w2s8",
  "num_tests": 100,
  "num_successes": 71,
  "batch_size": 10,
  "accuracy": 0.8169014084507042,
  "violation_precision": 0.9032258064516129,
  "non_violation_precision": 0.75,
  "violation_recall": 0.7368421052631579,
  "non_violation_recall": 0.9090909090909091,
  "confusion_matrix": [
    [
      30,
      3
    ],
    [
      10,
      28
    ]
  ]
}