{
  "model": "openai/gpt-4o-mini",
  "directory": "compareCommunities5/t5_2xhvq/t5_2xhvq",
  "num_tests": 100,
  "num_successes": 96,
  "batch_size": 5,
  "accuracy": 0.8541666666666666,
  "violation_precision": 0.8888888888888888,
  "non_violation_precision": 0.8235294117647058,
  "violation_recall": 0.8163265306122449,
  "non_violation_recall": 0.8936170212765957,
  "confusion_matrix": [
    [
      42,
      5
    ],
    [
      9,
      40
    ]
  ]
}