{
  "model": "openai/gpt-4o-mini",
  "directory": "compareCommunities5/t5_3cr3o/t5_2xhvq",
  "num_tests": 100,
  "num_successes": 92,
  "batch_size": 5,
  "accuracy": 0.8478260869565217,
  "violation_precision": 0.8333333333333334,
  "non_violation_precision": 0.8636363636363636,
  "violation_recall": 0.8695652173913043,
  "non_violation_recall": 0.8260869565217391,
  "confusion_matrix": [
    [
      38,
      8
    ],
    [
      6,
      40
    ]
  ]
}