{
  "model": "openai/gpt-oss-120b:free",
  "directory": "compareCommunitiesOLDPROMPT/t5_2w2s8/t5_2qho4",
  "num_tests": 100,
  "num_successes": 100,
  "batch_size": 20,
  "accuracy": 0.84,
  "violation_precision": 0.8571428571428571,
  "non_violation_precision": 0.8235294117647058,
  "violation_recall": 0.8235294117647058,
  "non_violation_recall": 0.8571428571428571,
  "confusion_matrix": [
    [
      42,
      7
    ],
    [
      9,
      42
    ]
  ]
}