{
  "model": "openai/gpt-4o-mini",
  "directory": "compareCommunities5/t5_2vq0w/t5_2we2n",
  "num_tests": 100,
  "num_successes": 87,
  "batch_size": 5,
  "accuracy": 0.8275862068965517,
  "violation_precision": 0.8571428571428571,
  "non_violation_precision": 0.8076923076923077,
  "violation_recall": 0.75,
  "non_violation_recall": 0.8936170212765957,
  "confusion_matrix": [
    [
      42,
      5
    ],
    [
      10,
      30
    ]
  ]
}