{
  "model": "openai/gpt-4o-mini",
  "directory": "compareCommunities5/t5_3d4x4/t5_2w2s8",
  "num_tests": 100,
  "num_successes": 80,
  "batch_size": 5,
  "accuracy": 0.75,
  "violation_precision": 0.8518518518518519,
  "non_violation_precision": 0.6981132075471698,
  "violation_recall": 0.5897435897435898,
  "non_violation_recall": 0.9024390243902439,
  "confusion_matrix": [
    [
      37,
      4
    ],
    [
      16,
      23
    ]
  ]
}