{
  "model": "openai/gpt-4o-mini",
  "directory": "compareCommunities5/t5_2rnve/t5_2qho4",
  "num_tests": 100,
  "num_successes": 80,
  "batch_size": 5,
  "accuracy": 0.875,
  "violation_precision": 0.8043478260869565,
  "non_violation_precision": 0.9705882352941176,
  "violation_recall": 0.9736842105263158,
  "non_violation_recall": 0.7857142857142857,
  "confusion_matrix": [
    [
      33,
      9
    ],
    [
      1,
      37
    ]
  ]
}