{
  "model": "openai/gpt-4o-mini",
  "directory": "compareCommunities10/t5_3d4x4/t5_2qhw9",
  "num_tests": 100,
  "num_successes": 79,
  "batch_size": 10,
  "accuracy": 0.8607594936708861,
  "violation_precision": 0.9210526315789473,
  "non_violation_precision": 0.8048780487804879,
  "violation_recall": 0.813953488372093,
  "non_violation_recall": 0.9166666666666666,
  "confusion_matrix": [
    [
      33,
      3
    ],
    [
      8,
      35
    ]
  ]
}