{
  "model": "openai/gpt-4o-mini",
  "directory": "compareCommunities5/t5_3onkg/t5_2qknd",
  "num_tests": 100,
  "num_successes": 93,
  "batch_size": 5,
  "accuracy": 0.7634408602150538,
  "violation_precision": 0.9310344827586207,
  "non_violation_precision": 0.6875,
  "violation_recall": 0.574468085106383,
  "non_violation_recall": 0.9565217391304348,
  "confusion_matrix": [
    [
      44,
      2
    ],
    [
      20,
      27
    ]
  ]
}