{
  "model": "openai/gpt-4o-mini",
  "directory": "compareCommunities10/t5_2qh2s/t5_2vjre",
  "num_tests": 100,
  "num_successes": 88,
  "batch_size": 10,
  "accuracy": 0.8863636363636364,
  "violation_precision": 0.9024390243902439,
  "non_violation_precision": 0.8723404255319149,
  "violation_recall": 0.8604651162790697,
  "non_violation_recall": 0.9111111111111111,
  "confusion_matrix": [
    [
      41,
      4
    ],
    [
      6,
      37
    ]
  ]
}