{
  "model": "openai/gpt-4o-mini",
  "directory": "compareCommunities10/t5_2qh3p/t5_2r05i",
  "num_tests": 100,
  "num_successes": 84,
  "batch_size": 10,
  "accuracy": 0.8809523809523809,
  "violation_precision": 0.9428571428571428,
  "non_violation_precision": 0.8367346938775511,
  "violation_recall": 0.8048780487804879,
  "non_violation_recall": 0.9534883720930233,
  "confusion_matrix": [
    [
      41,
      2
    ],
    [
      8,
      33
    ]
  ]
}