{
  "model": "openai/gpt-4o-mini",
  "directory": "compareCommunities10/t5_2qh2v/t5_3onkg",
  "num_tests": 100,
  "num_successes": 90,
  "batch_size": 10,
  "accuracy": 0.8555555555555555,
  "violation_precision": 0.9230769230769231,
  "non_violation_precision": 0.803921568627451,
  "violation_recall": 0.782608695652174,
  "non_violation_recall": 0.9318181818181818,
  "confusion_matrix": [
    [
      41,
      3
    ],
    [
      10,
      36
    ]
  ]
}