{
  "model": "openai/gpt-4o-mini",
  "directory": "compareCommunities5/t5_2qlxw/t5_2qho4",
  "num_tests": 100,
  "num_successes": 89,
  "batch_size": 5,
  "accuracy": 0.8314606741573034,
  "violation_precision": 0.7818181818181819,
  "non_violation_precision": 0.9117647058823529,
  "violation_recall": 0.9347826086956522,
  "non_violation_recall": 0.7209302325581395,
  "confusion_matrix": [
    [
      31,
      12
    ],
    [
      3,
      43
    ]
  ]
}