{
  "model": "openai/gpt-4o-mini",
  "directory": "compareCommunities10/t5_3h47q/t5_2qhek",
  "num_tests": 100,
  "num_successes": 77,
  "batch_size": 10,
  "accuracy": 0.8831168831168831,
  "violation_precision": 0.9285714285714286,
  "non_violation_precision": 0.8571428571428571,
  "violation_recall": 0.7878787878787878,
  "non_violation_recall": 0.9545454545454546,
  "confusion_matrix": [
    [
      42,
      2
    ],
    [
      7,
      26
    ]
  ]
}