{
  "model": "openai/gpt-4o-mini",
  "directory": "compareCommunities5/t5_10qj6b/t5_2qhvo",
  "num_tests": 100,
  "num_successes": 85,
  "batch_size": 5,
  "accuracy": 0.7176470588235294,
  "violation_precision": 0.8108108108108109,
  "non_violation_precision": 0.6458333333333334,
  "violation_recall": 0.6382978723404256,
  "non_violation_recall": 0.8157894736842105,
  "confusion_matrix": [
    [
      31,
      7
    ],
    [
      17,
      30
    ]
  ]
}