{
  "model": "openai/gpt-4o-mini",
  "directory": "compareCommunities10/t5_2r05i/t5_2qh2v",
  "num_tests": 100,
  "num_successes": 80,
  "batch_size": 10,
  "accuracy": 0.875,
  "violation_precision": 0.8918918918918919,
  "non_violation_precision": 0.8604651162790697,
  "violation_recall": 0.8461538461538461,
  "non_violation_recall": 0.9024390243902439,
  "confusion_matrix": [
    [
      37,
      4
    ],
    [
      6,
      33
    ]
  ]
}