{
  "model": "openai/gpt-4o-mini",
  "directory": "compareCommunities/t5_2w2s8/t5_2xhvq",
  "num_tests": 100,
  "num_successes": 91,
  "batch_size": 20,
  "accuracy": 0.9010989010989011,
  "violation_precision": 0.9512195121951219,
  "non_violation_precision": 0.86,
  "violation_recall": 0.8478260869565217,
  "non_violation_recall": 0.9555555555555556,
  "confusion_matrix": [
    [
      43,
      2
    ],
    [
      7,
      39
    ]
  ]
}