{
  "model": "qwen2.5:7b-instruct",
  "prompt": "ThreeShot-Prescriptive",
  "num_tests": 100,
  "batch_size": 20,
  "accuracy": 0.7402597402597403,
  "violation_precision": 0.8285714285714286,
  "non_violation_precision": 0.6666666666666666,
  "violation_recall": 0.6744186046511628,
  "non_violation_recall": 0.8235294117647058,
  "confusion_matrix": [
    [
      28,
      6
    ],
    [
      14,
      29
    ]
  ]
}