{
  "model": "openai/gpt-4o-mini",
  "directory": "compareCommunities5/t5_2qhds/t5_2qknd",
  "num_tests": 100,
  "num_successes": 91,
  "batch_size": 5,
  "accuracy": 0.7472527472527473,
  "violation_precision": 0.9545454545454546,
  "non_violation_precision": 0.6811594202898551,
  "violation_recall": 0.4883720930232558,
  "non_violation_recall": 0.9791666666666666,
  "confusion_matrix": [
    [
      47,
      1
    ],
    [
      22,
      21
    ]
  ]
}