{
  "model": "openai/gpt-4o-mini",
  "directory": "compareCommunities5/t5_2vq0w/t5_2qh3p",
  "num_tests": 100,
  "num_successes": 94,
  "batch_size": 5,
  "accuracy": 0.7872340425531915,
  "violation_precision": 0.7454545454545455,
  "non_violation_precision": 0.8461538461538461,
  "violation_recall": 0.8723404255319149,
  "non_violation_recall": 0.7021276595744681,
  "confusion_matrix": [
    [
      33,
      14
    ],
    [
      6,
      41
    ]
  ]
}