{
  "model": "openai/gpt-4o-mini",
  "directory": "compareCommunities10/t5_2r05i/t5_2qlxw",
  "num_tests": 100,
  "num_successes": 87,
  "batch_size": 10,
  "accuracy": 0.8390804597701149,
  "violation_precision": 0.8372093023255814,
  "non_violation_precision": 0.8409090909090909,
  "violation_recall": 0.8372093023255814,
  "non_violation_recall": 0.8409090909090909,
  "confusion_matrix": [
    [
      37,
      7
    ],
    [
      7,
      36
    ]
  ]
}