{
  "model": "openai/gpt-4o-mini",
  "directory": "compareCommunities5/t5_2rawz/t5_2qhvo",
  "num_tests": 100,
  "num_successes": 78,
  "batch_size": 5,
  "accuracy": 0.6666666666666666,
  "violation_precision": 0.6428571428571429,
  "non_violation_precision": 0.6944444444444444,
  "violation_recall": 0.7105263157894737,
  "non_violation_recall": 0.625,
  "confusion_matrix": [
    [
      25,
      15
    ],
    [
      11,
      27
    ]
  ]
}