{
  "model": "openai/gpt-4o-mini",
  "directory": "compareCommunities10/t5_3cr3o/t5_2qhvo",
  "num_tests": 100,
  "num_successes": 81,
  "batch_size": 10,
  "accuracy": 0.8271604938271605,
  "violation_precision": 0.8709677419354839,
  "non_violation_precision": 0.8,
  "violation_recall": 0.7297297297297297,
  "non_violation_recall": 0.9090909090909091,
  "confusion_matrix": [
    [
      40,
      4
    ],
    [
      10,
      27
    ]
  ]
}