{
  "model": "openai/gpt-4o-mini",
  "directory": "compareCommunities5/t5_2w2s8/t5_2qhvo",
  "num_tests": 100,
  "num_successes": 83,
  "batch_size": 5,
  "accuracy": 0.7831325301204819,
  "violation_precision": 0.8157894736842105,
  "non_violation_precision": 0.7555555555555555,
  "violation_recall": 0.7380952380952381,
  "non_violation_recall": 0.8292682926829268,
  "confusion_matrix": [
    [
      34,
      7
    ],
    [
      11,
      31
    ]
  ]
}