{
  "model": "openai/gpt-4o-mini",
  "directory": "compareCommunities10/t5_3cr3o/t5_3d4x4",
  "num_tests": 100,
  "num_successes": 86,
  "batch_size": 10,
  "accuracy": 0.813953488372093,
  "violation_precision": 0.7547169811320755,
  "non_violation_precision": 0.9090909090909091,
  "violation_recall": 0.9302325581395349,
  "non_violation_recall": 0.6976744186046512,
  "confusion_matrix": [
    [
      30,
      13
    ],
    [
      3,
      40
    ]
  ]
}