{
  "model": "openai/gpt-4o-mini",
  "directory": "compareCommunities10/t5_3onkg/t5_2qhds",
  "num_tests": 100,
  "num_successes": 87,
  "batch_size": 10,
  "accuracy": 0.8045977011494253,
  "violation_precision": 0.8378378378378378,
  "non_violation_precision": 0.78,
  "violation_recall": 0.7380952380952381,
  "non_violation_recall": 0.8666666666666667,
  "confusion_matrix": [
    [
      39,
      6
    ],
    [
      11,
      31
    ]
  ]
}