{
  "model": "openai/gpt-4o-mini",
  "directory": "compareCommunities5/t5_2qh2s/t5_2qh6c",
  "num_tests": 100,
  "num_successes": 87,
  "batch_size": 5,
  "accuracy": 0.8505747126436781,
  "violation_precision": 0.8260869565217391,
  "non_violation_precision": 0.8780487804878049,
  "violation_recall": 0.8837209302325582,
  "non_violation_recall": 0.8181818181818182,
  "confusion_matrix": [
    [
      36,
      8
    ],
    [
      5,
      38
    ]
  ]
}