{
  "model": "openai/gpt-4o-mini",
  "directory": "compareCommunities5/t5_2qhw9/t5_2qhvo",
  "num_tests": 100,
  "num_successes": 84,
  "batch_size": 5,
  "accuracy": 0.7619047619047619,
  "violation_precision": 0.8666666666666667,
  "non_violation_precision": 0.7037037037037037,
  "violation_recall": 0.6190476190476191,
  "non_violation_recall": 0.9047619047619048,
  "confusion_matrix": [
    [
      38,
      4
    ],
    [
      16,
      26
    ]
  ]
}