{
  "model": "openai/gpt-4o-mini",
  "directory": "compareCommunities10/t5_2qhds/t5_2qh2v",
  "num_tests": 100,
  "num_successes": 81,
  "batch_size": 10,
  "accuracy": 0.8888888888888888,
  "violation_precision": 0.8974358974358975,
  "non_violation_precision": 0.8809523809523809,
  "violation_recall": 0.875,
  "non_violation_recall": 0.9024390243902439,
  "confusion_matrix": [
    [
      37,
      4
    ],
    [
      5,
      35
    ]
  ]
}