{
  "model": "openai/gpt-4o-mini",
  "directory": "compareCommunities5/t5_2qh2v/t5_2qh6c",
  "num_tests": 100,
  "num_successes": 89,
  "batch_size": 5,
  "accuracy": 0.8426966292134831,
  "violation_precision": 0.8222222222222222,
  "non_violation_precision": 0.8636363636363636,
  "violation_recall": 0.8604651162790697,
  "non_violation_recall": 0.8260869565217391,
  "confusion_matrix": [
    [
      38,
      8
    ],
    [
      6,
      37
    ]
  ]
}