{
  "model": "openai/gpt-4o-mini",
  "directory": "compareCommunities5/t5_2vq0w/t5_2qhvo",
  "num_tests": 100,
  "num_successes": 84,
  "batch_size": 5,
  "accuracy": 0.7380952380952381,
  "violation_precision": 0.7441860465116279,
  "non_violation_precision": 0.7317073170731707,
  "violation_recall": 0.7441860465116279,
  "non_violation_recall": 0.7317073170731707,
  "confusion_matrix": [
    [
      30,
      11
    ],
    [
      11,
      32
    ]
  ]
}