{
  "model": "openai/gpt-4o-mini",
  "directory": "compareCommunities5/t5_2vjre/t5_2qho4",
  "num_tests": 100,
  "num_successes": 97,
  "batch_size": 5,
  "accuracy": 0.8556701030927835,
  "violation_precision": 0.8301886792452831,
  "non_violation_precision": 0.8863636363636364,
  "violation_recall": 0.8979591836734694,
  "non_violation_recall": 0.8125,
  "confusion_matrix": [
    [
      39,
      9
    ],
    [
      5,
      44
    ]
  ]
}