{
  "model": "openai/gpt-4o-mini",
  "directory": "compareCommunities10/t5_2r05i/t5_2qhvo",
  "num_tests": 100,
  "num_successes": 72,
  "batch_size": 10,
  "accuracy": 0.7222222222222222,
  "violation_precision": 0.7916666666666666,
  "non_violation_precision": 0.6875,
  "violation_recall": 0.5588235294117647,
  "non_violation_recall": 0.868421052631579,
  "confusion_matrix": [
    [
      33,
      5
    ],
    [
      15,
      19
    ]
  ]
}