{
  "model": "openai/gpt-oss-120b:free",
  "directory": "compareCommunities5/t5_2qh2s/t5_2qhds",
  "num_tests": 100,
  "num_successes": 99,
  "batch_size": 5,
  "accuracy": 0.8282828282828283,
  "violation_precision": 0.8809523809523809,
  "non_violation_precision": 0.7894736842105263,
  "violation_recall": 0.7551020408163265,
  "non_violation_recall": 0.9,
  "confusion_matrix": [
    [
      45,
      5
    ],
    [
      12,
      37
    ]
  ]
}