{
  "model": "openai/gpt-4o-mini",
  "directory": "compareCommunities10/t5_2qhvo/t5_2sokd",
  "num_tests": 100,
  "num_successes": 85,
  "batch_size": 10,
  "accuracy": 0.8588235294117647,
  "violation_precision": 0.875,
  "non_violation_precision": 0.8444444444444444,
  "violation_recall": 0.8333333333333334,
  "non_violation_recall": 0.8837209302325582,
  "confusion_matrix": [
    [
      38,
      5
    ],
    [
      7,
      35
    ]
  ]
}