{
  "model": "openai/gpt-4o-mini",
  "directory": "compareCommunities5/t5_2vq0w/t5_2qh2v",
  "num_tests": 100,
  "num_successes": 91,
  "batch_size": 5,
  "accuracy": 0.8901098901098901,
  "violation_precision": 0.8958333333333334,
  "non_violation_precision": 0.8837209302325582,
  "violation_recall": 0.8958333333333334,
  "non_violation_recall": 0.8837209302325582,
  "confusion_matrix": [
    [
      38,
      5
    ],
    [
      5,
      43
    ]
  ]
}