{
  "model": "openai/gpt-4o-mini",
  "directory": "compareCommunities5/t5_2qh2v/t5_2qhvo",
  "num_tests": 100,
  "num_successes": 84,
  "batch_size": 5,
  "accuracy": 0.7380952380952381,
  "violation_precision": 0.9230769230769231,
  "non_violation_precision": 0.6551724137931034,
  "violation_recall": 0.5454545454545454,
  "non_violation_recall": 0.95,
  "confusion_matrix": [
    [
      38,
      2
    ],
    [
      20,
      24
    ]
  ]
}