{
  "model": "openai/gpt-4o-mini",
  "directory": "compareCommunities10/t5_2rawz/t5_2xhvq",
  "num_tests": 100,
  "num_successes": 90,
  "batch_size": 10,
  "accuracy": 0.9222222222222223,
  "violation_precision": 0.975609756097561,
  "non_violation_precision": 0.8775510204081632,
  "violation_recall": 0.8695652173913043,
  "non_violation_recall": 0.9772727272727273,
  "confusion_matrix": [
    [
      43,
      1
    ],
    [
      6,
      40
    ]
  ]
}