{
  "model": "openai/gpt-4o-mini",
  "directory": "compareCommunities5/t5_3h47q/t5_2qhvo",
  "num_tests": 100,
  "num_successes": 87,
  "batch_size": 5,
  "accuracy": 0.7931034482758621,
  "violation_precision": 0.7948717948717948,
  "non_violation_precision": 0.7916666666666666,
  "violation_recall": 0.7560975609756098,
  "non_violation_recall": 0.8260869565217391,
  "confusion_matrix": [
    [
      38,
      8
    ],
    [
      10,
      31
    ]
  ]
}