{
  "model": "openai/gpt-4o-mini",
  "directory": "compareCommunities10/t5_2qhff/t5_2qhds",
  "num_tests": 100,
  "num_successes": 88,
  "batch_size": 10,
  "accuracy": 0.8409090909090909,
  "violation_precision": 0.8717948717948718,
  "non_violation_precision": 0.8163265306122449,
  "violation_recall": 0.7906976744186046,
  "non_violation_recall": 0.8888888888888888,
  "confusion_matrix": [
    [
      40,
      5
    ],
    [
      9,
      34
    ]
  ]
}