{
  "model": "openai/gpt-4o-mini",
  "directory": "compareCommunities5/t5_2qhds/t5_2qh6c",
  "num_tests": 100,
  "num_successes": 89,
  "batch_size": 5,
  "accuracy": 0.8089887640449438,
  "violation_precision": 0.75,
  "non_violation_precision": 0.8918918918918919,
  "violation_recall": 0.9069767441860465,
  "non_violation_recall": 0.717391304347826,
  "confusion_matrix": [
    [
      33,
      13
    ],
    [
      4,
      39
    ]
  ]
}