{
  "model": "openai/gpt-4o-mini",
  "directory": "compareCommunities5/t5_2qky2/t5_2qhds",
  "num_tests": 100,
  "num_successes": 89,
  "batch_size": 5,
  "accuracy": 0.8764044943820225,
  "violation_precision": 0.9,
  "non_violation_precision": 0.8571428571428571,
  "violation_recall": 0.8372093023255814,
  "non_violation_recall": 0.9130434782608695,
  "confusion_matrix": [
    [
      42,
      4
    ],
    [
      7,
      36
    ]
  ]
}