{
  "model": "openai/gpt-4o-mini",
  "directory": "compareCommunities5/t5_2qky2/t5_2w2s8",
  "num_tests": 100,
  "num_successes": 86,
  "batch_size": 5,
  "accuracy": 0.7558139534883721,
  "violation_precision": 0.8285714285714286,
  "non_violation_precision": 0.7058823529411765,
  "violation_recall": 0.6590909090909091,
  "non_violation_recall": 0.8571428571428571,
  "confusion_matrix": [
    [
      36,
      6
    ],
    [
      15,
      29
    ]
  ]
}