{
  "model": "openai/gpt-4o-mini",
  "directory": "compareCommunities5/t5_2qky2/t5_3onkg",
  "num_tests": 100,
  "num_successes": 94,
  "batch_size": 5,
  "accuracy": 0.8617021276595744,
  "violation_precision": 0.8723404255319149,
  "non_violation_precision": 0.851063829787234,
  "violation_recall": 0.8541666666666666,
  "non_violation_recall": 0.8695652173913043,
  "confusion_matrix": [
    [
      40,
      6
    ],
    [
      7,
      41
    ]
  ]
}