{
  "model": "openai/gpt-4o-mini",
  "directory": "compareCommunities5/t5_2r05i/t5_2qho4",
  "num_tests": 100,
  "num_successes": 90,
  "batch_size": 5,
  "accuracy": 0.8222222222222222,
  "violation_precision": 0.7755102040816326,
  "non_violation_precision": 0.8780487804878049,
  "violation_recall": 0.8837209302325582,
  "non_violation_recall": 0.7659574468085106,
  "confusion_matrix": [
    [
      36,
      11
    ],
    [
      5,
      38
    ]
  ]
}