{
  "model": "openai/gpt-4o-mini",
  "directory": "compareCommunities5/t5_2qknd/t5_2qh2v",
  "num_tests": 100,
  "num_successes": 90,
  "batch_size": 5,
  "accuracy": 0.8222222222222222,
  "violation_precision": 0.7818181818181819,
  "non_violation_precision": 0.8857142857142857,
  "violation_recall": 0.9148936170212766,
  "non_violation_recall": 0.7209302325581395,
  "confusion_matrix": [
    [
      31,
      12
    ],
    [
      4,
      43
    ]
  ]
}