{
  "model": "openai/gpt-4o-mini",
  "directory": "compareCommunities5/t5_2qlxw/t5_2qhff",
  "num_tests": 100,
  "num_successes": 78,
  "batch_size": 5,
  "accuracy": 0.7948717948717948,
  "violation_precision": 0.7446808510638298,
  "non_violation_precision": 0.8709677419354839,
  "violation_recall": 0.8974358974358975,
  "non_violation_recall": 0.6923076923076923,
  "confusion_matrix": [
    [
      27,
      12
    ],
    [
      4,
      35
    ]
  ]
}