{
  "model": "openai/gpt-4o-mini",
  "directory": "compareCommunities10/t5_2qh2s/t5_2vq0w",
  "num_tests": 100,
  "num_successes": 83,
  "batch_size": 10,
  "accuracy": 0.8433734939759037,
  "violation_precision": 0.8205128205128205,
  "non_violation_precision": 0.8636363636363636,
  "violation_recall": 0.8421052631578947,
  "non_violation_recall": 0.8444444444444444,
  "confusion_matrix": [
    [
      38,
      7
    ],
    [
      6,
      32
    ]
  ]
}