{
  "model": "openai/gpt-4o-mini",
  "directory": "compareCommunities5/t5_2sokd/t5_2w2s8",
  "num_tests": 100,
  "num_successes": 93,
  "batch_size": 5,
  "accuracy": 0.7311827956989247,
  "violation_precision": 0.6896551724137931,
  "non_violation_precision": 0.8,
  "violation_recall": 0.851063829787234,
  "non_violation_recall": 0.6086956521739131,
  "confusion_matrix": [
    [
      28,
      18
    ],
    [
      7,
      40
    ]
  ]
}