{
  "model": "openai/gpt-4o-mini",
  "directory": "compareCommunities10/t5_2qhw9/t5_3d4x4",
  "num_tests": 100,
  "num_successes": 74,
  "batch_size": 10,
  "accuracy": 0.8378378378378378,
  "violation_precision": 0.7674418604651163,
  "non_violation_precision": 0.9354838709677419,
  "violation_recall": 0.9428571428571428,
  "non_violation_recall": 0.7435897435897436,
  "confusion_matrix": [
    [
      29,
      10
    ],
    [
      2,
      33
    ]
  ]
}