{
  "model": "openai/gpt-4o-mini",
  "directory": "compareCommunities10/t5_2rawz/t5_2qhvo",
  "num_tests": 100,
  "num_successes": 81,
  "batch_size": 10,
  "accuracy": 0.7407407407407407,
  "violation_precision": 0.6944444444444444,
  "non_violation_precision": 0.7777777777777778,
  "violation_recall": 0.7142857142857143,
  "non_violation_recall": 0.7608695652173914,
  "confusion_matrix": [
    [
      35,
      11
    ],
    [
      10,
      25
    ]
  ]
}