{
  "model": "openai/gpt-4o-mini",
  "directory": "compareCommunities10/t5_2qh6c/t5_2xhvq",
  "num_tests": 100,
  "num_successes": 90,
  "batch_size": 10,
  "accuracy": 0.9,
  "violation_precision": 0.9302325581395349,
  "non_violation_precision": 0.8723404255319149,
  "violation_recall": 0.8695652173913043,
  "non_violation_recall": 0.9318181818181818,
  "confusion_matrix": [
    [
      41,
      3
    ],
    [
      6,
      40
    ]
  ]
}