{
  "model": "openai/gpt-4o-mini",
  "directory": "compareCommunities10/t5_2qh3p/t5_2qhek",
  "num_tests": 100,
  "num_successes": 84,
  "batch_size": 10,
  "accuracy": 0.8690476190476191,
  "violation_precision": 0.8918918918918919,
  "non_violation_precision": 0.851063829787234,
  "violation_recall": 0.825,
  "non_violation_recall": 0.9090909090909091,
  "confusion_matrix": [
    [
      40,
      4
    ],
    [
      7,
      33
    ]
  ]
}