{
  "model": "openai/gpt-4o-mini",
  "directory": "compareCommunities5/t5_2qho4/t5_2qhw9",
  "num_tests": 100,
  "num_successes": 93,
  "batch_size": 5,
  "accuracy": 0.8494623655913979,
  "violation_precision": 0.8571428571428571,
  "non_violation_precision": 0.8409090909090909,
  "violation_recall": 0.8571428571428571,
  "non_violation_recall": 0.8409090909090909,
  "confusion_matrix": [
    [
      37,
      7
    ],
    [
      7,
      42
    ]
  ]
}