{
  "model": "openai/gpt-4o-mini",
  "directory": "compareCommunities10/t5_2qhff/t5_3d4x4",
  "num_tests": 100,
  "num_successes": 88,
  "batch_size": 10,
  "accuracy": 0.8522727272727273,
  "violation_precision": 0.7884615384615384,
  "non_violation_precision": 0.9444444444444444,
  "violation_recall": 0.9534883720930233,
  "non_violation_recall": 0.7555555555555555,
  "confusion_matrix": [
    [
      34,
      11
    ],
    [
      2,
      41
    ]
  ]
}