{
  "model": "openai/gpt-4o-mini",
  "directory": "compareCommunities5/t5_2qky2/t5_2qky2",
  "num_tests": 100,
  "num_successes": 91,
  "batch_size": 5,
  "accuracy": 0.7912087912087912,
  "violation_precision": 0.7777777777777778,
  "non_violation_precision": 0.8043478260869565,
  "violation_recall": 0.7954545454545454,
  "non_violation_recall": 0.7872340425531915,
  "confusion_matrix": [
    [
      37,
      10
    ],
    [
      9,
      35
    ]
  ]
}