{
  "model": "openai/gpt-4o-mini",
  "directory": "compareCommunities10/t5_2vjre/t5_2qhvo",
  "num_tests": 100,
  "num_successes": 90,
  "batch_size": 10,
  "accuracy": 0.7555555555555555,
  "violation_precision": 0.8064516129032258,
  "non_violation_precision": 0.7288135593220338,
  "violation_recall": 0.6097560975609756,
  "non_violation_recall": 0.8775510204081632,
  "confusion_matrix": [
    [
      43,
      6
    ],
    [
      16,
      25
    ]
  ]
}