{
  "model": "openai/gpt-4o-mini",
  "directory": "compareCommunities10/t5_2qhek/t5_3onkg",
  "num_tests": 100,
  "num_successes": 98,
  "batch_size": 10,
  "accuracy": 0.8571428571428571,
  "violation_precision": 0.8461538461538461,
  "non_violation_precision": 0.8695652173913043,
  "violation_recall": 0.88,
  "non_violation_recall": 0.8333333333333334,
  "confusion_matrix": [
    [
      40,
      8
    ],
    [
      6,
      44
    ]
  ]
}