{
  "model": "openai/gpt-4o-mini",
  "directory": "compareCommunities5/t5_2qhek/t5_2qhff",
  "num_tests": 100,
  "num_successes": 87,
  "batch_size": 5,
  "accuracy": 0.7931034482758621,
  "violation_precision": 0.7307692307692307,
  "non_violation_precision": 0.8857142857142857,
  "violation_recall": 0.9047619047619048,
  "non_violation_recall": 0.6888888888888889,
  "confusion_matrix": [
    [
      31,
      14
    ],
    [
      4,
      38
    ]
  ]
}