{
  "model": "openai/gpt-4o-mini",
  "directory": "compareCommunities10/t5_2w2s8/t5_2qky2",
  "num_tests": 100,
  "num_successes": 95,
  "batch_size": 10,
  "accuracy": 0.8,
  "violation_precision": 0.7843137254901961,
  "non_violation_precision": 0.8181818181818182,
  "violation_recall": 0.8333333333333334,
  "non_violation_recall": 0.7659574468085106,
  "confusion_matrix": [
    [
      36,
      11
    ],
    [
      8,
      40
    ]
  ]
}