{
  "model": "openai/gpt-4o-mini",
  "directory": "compareCommunities10/t5_2qhw9/t5_2vjre",
  "num_tests": 100,
  "num_successes": 96,
  "batch_size": 10,
  "accuracy": 0.875,
  "violation_precision": 0.9069767441860465,
  "non_violation_precision": 0.8490566037735849,
  "violation_recall": 0.8297872340425532,
  "non_violation_recall": 0.9183673469387755,
  "confusion_matrix": [
    [
      45,
      4
    ],
    [
      8,
      39
    ]
  ]
}