{
  "model": "openai/gpt-4o-mini",
  "directory": "compareCommunities5/t5_2qhvo/t5_2vq0w",
  "num_tests": 100,
  "num_successes": 91,
  "batch_size": 5,
  "accuracy": 0.8681318681318682,
  "violation_precision": 0.8636363636363636,
  "non_violation_precision": 0.8723404255319149,
  "violation_recall": 0.8636363636363636,
  "non_violation_recall": 0.8723404255319149,
  "confusion_matrix": [
    [
      41,
      6
    ],
    [
      6,
      38
    ]
  ]
}