{
  "model": "openai/gpt-4o-mini",
  "directory": "compareCommunities10/t5_2sokd/t5_2vjre",
  "num_tests": 100,
  "num_successes": 97,
  "batch_size": 10,
  "accuracy": 0.8969072164948454,
  "violation_precision": 0.88,
  "non_violation_precision": 0.9148936170212766,
  "violation_recall": 0.9166666666666666,
  "non_violation_recall": 0.8775510204081632,
  "confusion_matrix": [
    [
      43,
      6
    ],
    [
      4,
      44
    ]
  ]
}