{
  "model": "openai/gpt-4o-mini",
  "directory": "compareCommunities5/t5_2qhek/t5_2qhds",
  "num_tests": 100,
  "num_successes": 85,
  "batch_size": 5,
  "accuracy": 0.8470588235294118,
  "violation_precision": 0.8372093023255814,
  "non_violation_precision": 0.8571428571428571,
  "violation_recall": 0.8571428571428571,
  "non_violation_recall": 0.8372093023255814,
  "confusion_matrix": [
    [
      36,
      7
    ],
    [
      6,
      36
    ]
  ]
}