{
  "model": "openai/gpt-4o-mini",
  "directory": "compareCommunities10/t5_2qhff/t5_2qhff",
  "num_tests": 100,
  "num_successes": 80,
  "batch_size": 10,
  "accuracy": 0.85,
  "violation_precision": 0.7954545454545454,
  "non_violation_precision": 0.9166666666666666,
  "violation_recall": 0.9210526315789473,
  "non_violation_recall": 0.7857142857142857,
  "confusion_matrix": [
    [
      33,
      9
    ],
    [
      3,
      35
    ]
  ]
}