{
  "model": "openai/gpt-4o-mini",
  "directory": "compareCommunities10/t5_2r05i/t5_2qh3p",
  "num_tests": 100,
  "num_successes": 71,
  "batch_size": 10,
  "accuracy": 0.8169014084507042,
  "violation_precision": 0.7894736842105263,
  "non_violation_precision": 0.8484848484848485,
  "violation_recall": 0.8571428571428571,
  "non_violation_recall": 0.7777777777777778,
  "confusion_matrix": [
    [
      28,
      8
    ],
    [
      5,
      30
    ]
  ]
}