{
  "model": "qwen2.5:7b-instruct",
  "prompt": "ZeroShot-COT",
  "num_tests": 100,
  "batch_size": 20,
  "accuracy": 0.8089887640449438,
  "violation_precision": 0.8333333333333334,
  "non_violation_precision": 0.7872340425531915,
  "violation_recall": 0.7777777777777778,
  "non_violation_recall": 0.8409090909090909,
  "f1": 0.8045977011494253,
  "confusion_matrix": [
    [
      37,
      7
    ],
    [
      10,
      35
    ]
  ]
}
