{
  "model": "openai/gpt-4o-mini",
  "directory": "compareCommunities10/t5_2qh2s/t5_2qlxw",
  "num_tests": 100,
  "num_successes": 81,
  "batch_size": 10,
  "accuracy": 0.8641975308641975,
  "violation_precision": 0.8823529411764706,
  "non_violation_precision": 0.851063829787234,
  "violation_recall": 0.8108108108108109,
  "non_violation_recall": 0.9090909090909091,
  "confusion_matrix": [
    [
      40,
      4
    ],
    [
      7,
      30
    ]
  ]
}