{
  "model": "openai/gpt-4o-mini",
  "directory": "compareCommunities10/t5_2w2s8/t5_2vjre",
  "num_tests": 100,
  "num_successes": 90,
  "batch_size": 10,
  "accuracy": 0.8777777777777778,
  "violation_precision": 0.8666666666666667,
  "non_violation_precision": 0.8888888888888888,
  "violation_recall": 0.8863636363636364,
  "non_violation_recall": 0.8695652173913043,
  "confusion_matrix": [
    [
      40,
      6
    ],
    [
      5,
      39
    ]
  ]
}