{
  "model": "openai/gpt-4o-mini",
  "directory": "compareCommunities10/t5_2qh3p/t5_2qh2v",
  "num_tests": 100,
  "num_successes": 87,
  "batch_size": 10,
  "accuracy": 0.8850574712643678,
  "violation_precision": 0.9090909090909091,
  "non_violation_precision": 0.8604651162790697,
  "violation_recall": 0.8695652173913043,
  "non_violation_recall": 0.9024390243902439,
  "confusion_matrix": [
    [
      37,
      4
    ],
    [
      6,
      40
    ]
  ]
}