{
  "model": "openai/gpt-4o-mini",
  "directory": "compareCommunities10/t5_2qh3p/t5_2vq0w",
  "num_tests": 100,
  "num_successes": 90,
  "batch_size": 10,
  "accuracy": 0.8777777777777778,
  "violation_precision": 0.9069767441860465,
  "non_violation_precision": 0.851063829787234,
  "violation_recall": 0.8478260869565217,
  "non_violation_recall": 0.9090909090909091,
  "confusion_matrix": [
    [
      40,
      4
    ],
    [
      7,
      39
    ]
  ]
}