{
  "model": "openai/gpt-4o-mini",
  "directory": "compareCommunities10/t5_2we2n/t5_2w2s8",
  "num_tests": 100,
  "num_successes": 72,
  "batch_size": 10,
  "accuracy": 0.7777777777777778,
  "violation_precision": 0.8666666666666667,
  "non_violation_precision": 0.7142857142857143,
  "violation_recall": 0.6842105263157895,
  "non_violation_recall": 0.8823529411764706,
  "confusion_matrix": [
    [
      30,
      4
    ],
    [
      12,
      26
    ]
  ]
}