{
  "model": "openai/gpt-4o-mini",
  "directory": "compareCommunities10/t5_2qh3p/t5_2we2n",
  "num_tests": 100,
  "num_successes": 93,
  "batch_size": 10,
  "accuracy": 0.8279569892473119,
  "violation_precision": 0.9444444444444444,
  "non_violation_precision": 0.7543859649122807,
  "violation_recall": 0.7083333333333334,
  "non_violation_recall": 0.9555555555555556,
  "confusion_matrix": [
    [
      43,
      2
    ],
    [
      14,
      34
    ]
  ]
}