{
  "model": "openai/gpt-4o-mini",
  "directory": "compareCommunities10/t5_2qky2/t5_hcycg",
  "num_tests": 100,
  "num_successes": 84,
  "batch_size": 10,
  "accuracy": 0.7976190476190477,
  "violation_precision": 0.9032258064516129,
  "non_violation_precision": 0.7358490566037735,
  "violation_recall": 0.6666666666666666,
  "non_violation_recall": 0.9285714285714286,
  "confusion_matrix": [
    [
      39,
      3
    ],
    [
      14,
      28
    ]
  ]
}