{
  "model": "openai/gpt-4o-mini",
  "directory": "compareCommunities5/t5_2we2n/t5_2qh3p",
  "num_tests": 100,
  "num_successes": 94,
  "batch_size": 5,
  "accuracy": 0.776595744680851,
  "violation_precision": 0.7192982456140351,
  "non_violation_precision": 0.8648648648648649,
  "violation_recall": 0.8913043478260869,
  "non_violation_recall": 0.6666666666666666,
  "confusion_matrix": [
    [
      32,
      16
    ],
    [
      5,
      41
    ]
  ]
}