{
  "model": "openai/gpt-4o-mini",
  "directory": "compareCommunities5/t5_2rnve/t5_2sokd",
  "num_tests": 100,
  "num_successes": 94,
  "batch_size": 5,
  "accuracy": 0.7978723404255319,
  "violation_precision": 0.7407407407407407,
  "non_violation_precision": 0.875,
  "violation_recall": 0.8888888888888888,
  "non_violation_recall": 0.7142857142857143,
  "confusion_matrix": [
    [
      35,
      14
    ],
    [
      5,
      40
    ]
  ]
}