{
  "model": "openai/gpt-4o-mini",
  "directory": "compareCommunities10/t5_2te6p/t5_2qky2",
  "num_tests": 100,
  "num_successes": 87,
  "batch_size": 10,
  "accuracy": 0.8275862068965517,
  "violation_precision": 0.8,
  "non_violation_precision": 0.8648648648648649,
  "violation_recall": 0.8888888888888888,
  "non_violation_recall": 0.7619047619047619,
  "confusion_matrix": [
    [
      32,
      10
    ],
    [
      5,
      40
    ]
  ]
}