{
  "model": "openai/gpt-4o-mini",
  "directory": "compareCommunities5/t5_2xhvq/t5_2w2s8",
  "num_tests": 100,
  "num_successes": 85,
  "batch_size": 5,
  "accuracy": 0.8117647058823529,
  "violation_precision": 0.813953488372093,
  "non_violation_precision": 0.8095238095238095,
  "violation_recall": 0.813953488372093,
  "non_violation_recall": 0.8095238095238095,
  "confusion_matrix": [
    [
      34,
      8
    ],
    [
      8,
      35
    ]
  ]
}