{
  "model": "openai/gpt-4o-mini",
  "directory": "compareCommunities5/t5_2qhek/t5_2qknd",
  "num_tests": 100,
  "num_successes": 90,
  "batch_size": 5,
  "accuracy": 0.8,
  "violation_precision": 0.9310344827586207,
  "non_violation_precision": 0.7377049180327869,
  "violation_recall": 0.627906976744186,
  "non_violation_recall": 0.9574468085106383,
  "confusion_matrix": [
    [
      45,
      2
    ],
    [
      16,
      27
    ]
  ]
}