{
  "model": "openai/gpt-oss-120b:free",
  "directory": "compareCommunitiesNEW/t5_2xhvq",
  "num_tests": 100,
  "num_successes": 100,
  "batch_size": 20,
  "accuracy": 0.86,
  "violation_precision": 0.8653846153846154,
  "non_violation_precision": 0.8541666666666666,
  "violation_recall": 0.8653846153846154,
  "non_violation_recall": 0.8541666666666666,
  "confusion_matrix": [
    [
      41,
      7
    ],
    [
      7,
      45
    ]
  ]
}