{
  "model": "openai/gpt-4o-mini",
  "directory": "compareCommunities10/t5_2rnve/t5_2qh2s",
  "num_tests": 100,
  "num_successes": 82,
  "batch_size": 10,
  "accuracy": 0.8048780487804879,
  "violation_precision": 0.8333333333333334,
  "non_violation_precision": 0.782608695652174,
  "violation_recall": 0.75,
  "non_violation_recall": 0.8571428571428571,
  "confusion_matrix": [
    [
      36,
      6
    ],
    [
      10,
      30
    ]
  ]
}