{
  "model": "openai/gpt-4o-mini",
  "directory": "compareCommunities10/t5_2vjre/t5_hcycg",
  "num_tests": 100,
  "num_successes": 91,
  "batch_size": 10,
  "accuracy": 0.7472527472527473,
  "violation_precision": 0.9259259259259259,
  "non_violation_precision": 0.671875,
  "violation_recall": 0.5434782608695652,
  "non_violation_recall": 0.9555555555555556,
  "confusion_matrix": [
    [
      43,
      2
    ],
    [
      21,
      25
    ]
  ]
}