{
  "model": "openai/gpt-4o-mini",
  "directory": "compareCommunities10/t5_2qhff/t5_2we2n",
  "num_tests": 100,
  "num_successes": 89,
  "batch_size": 10,
  "accuracy": 0.8089887640449438,
  "violation_precision": 0.9090909090909091,
  "non_violation_precision": 0.75,
  "violation_recall": 0.6818181818181818,
  "non_violation_recall": 0.9333333333333333,
  "confusion_matrix": [
    [
      42,
      3
    ],
    [
      14,
      30
    ]
  ]
}