{
  "model": "openai/gpt-4o-mini",
  "directory": "compareCommunities10/t5_3d4x4/t5_10qj6b",
  "num_tests": 100,
  "num_successes": 83,
  "batch_size": 10,
  "accuracy": 0.7951807228915663,
  "violation_precision": 0.8157894736842105,
  "non_violation_precision": 0.7777777777777778,
  "violation_recall": 0.7560975609756098,
  "non_violation_recall": 0.8333333333333334,
  "confusion_matrix": [
    [
      35,
      7
    ],
    [
      10,
      31
    ]
  ]
}