{
  "model": "openai/gpt-4o-mini",
  "directory": "compareCommunities5/t5_2qhek/t5_2we2n",
  "num_tests": 100,
  "num_successes": 88,
  "batch_size": 5,
  "accuracy": 0.8295454545454546,
  "violation_precision": 0.8372093023255814,
  "non_violation_precision": 0.8222222222222222,
  "violation_recall": 0.8181818181818182,
  "non_violation_recall": 0.8409090909090909,
  "confusion_matrix": [
    [
      37,
      7
    ],
    [
      8,
      36
    ]
  ]
}