{
  "model": "openai/gpt-4o-mini",
  "directory": "compareCommunities10/t5_3d4x4/t5_2qlxw",
  "num_tests": 100,
  "num_successes": 92,
  "batch_size": 10,
  "accuracy": 0.8804347826086957,
  "violation_precision": 0.8837209302325582,
  "non_violation_precision": 0.8775510204081632,
  "violation_recall": 0.8636363636363636,
  "non_violation_recall": 0.8958333333333334,
  "confusion_matrix": [
    [
      43,
      5
    ],
    [
      6,
      38
    ]
  ]
}