{
  "model": "openai/gpt-4o-mini",
  "directory": "compareCommunities5/t5_3cr3o/t5_2qh3p",
  "num_tests": 100,
  "num_successes": 90,
  "batch_size": 5,
  "accuracy": 0.8111111111111111,
  "violation_precision": 0.7333333333333333,
  "non_violation_precision": 0.9666666666666667,
  "violation_recall": 0.9777777777777777,
  "non_violation_recall": 0.6444444444444445,
  "confusion_matrix": [
    [
      29,
      16
    ],
    [
      1,
      44
    ]
  ]
}