{
  "model": "openai/gpt-4o-mini",
  "directory": "compareCommunities5/t5_2qstm/t5_2qho4",
  "num_tests": 100,
  "num_successes": 89,
  "batch_size": 5,
  "accuracy": 0.8426966292134831,
  "violation_precision": 0.7678571428571429,
  "non_violation_precision": 0.9696969696969697,
  "violation_recall": 0.9772727272727273,
  "non_violation_recall": 0.7111111111111111,
  "confusion_matrix": [
    [
      32,
      13
    ],
    [
      1,
      43
    ]
  ]
}