{
  "model": "openai/gpt-4o-mini",
  "directory": "compareCommunities10/t5_2xhvq/t5_2qh2v",
  "num_tests": 100,
  "num_successes": 71,
  "batch_size": 10,
  "accuracy": 0.9014084507042254,
  "violation_precision": 0.8974358974358975,
  "non_violation_precision": 0.90625,
  "violation_recall": 0.9210526315789473,
  "non_violation_recall": 0.8787878787878788,
  "confusion_matrix": [
    [
      29,
      4
    ],
    [
      3,
      35
    ]
  ]
}