{
  "model": "openai/gpt-4o-mini",
  "directory": "compareCommunities5/t5_2vjre/t5_2qky2",
  "num_tests": 100,
  "num_successes": 85,
  "batch_size": 5,
  "accuracy": 0.8235294117647058,
  "violation_precision": 0.825,
  "non_violation_precision": 0.8222222222222222,
  "violation_recall": 0.8048780487804879,
  "non_violation_recall": 0.8409090909090909,
  "confusion_matrix": [
    [
      37,
      7
    ],
    [
      8,
      33
    ]
  ]
}