{
  "model": "openai/gpt-4o-mini",
  "directory": "compareCommunities10/t5_2qh3p/t5_2qky2",
  "num_tests": 100,
  "num_successes": 92,
  "batch_size": 10,
  "accuracy": 0.8152173913043478,
  "violation_precision": 0.7777777777777778,
  "non_violation_precision": 0.868421052631579,
  "violation_recall": 0.8936170212765957,
  "non_violation_recall": 0.7333333333333333,
  "confusion_matrix": [
    [
      33,
      12
    ],
    [
      5,
      42
    ]
  ]
}