{
  "model": "openai/gpt-4o-mini",
  "directory": "compareCommunities5/t5_3560n/t5_2qhds",
  "num_tests": 100,
  "num_successes": 91,
  "batch_size": 5,
  "accuracy": 0.8351648351648352,
  "violation_precision": 0.8947368421052632,
  "non_violation_precision": 0.7924528301886793,
  "violation_recall": 0.7555555555555555,
  "non_violation_recall": 0.9130434782608695,
  "confusion_matrix": [
    [
      42,
      4
    ],
    [
      11,
      34
    ]
  ]
}