{
  "model": "openai/gpt-4o-mini",
  "directory": "compareCommunities5/t5_3d4x4/t5_2qh3p",
  "num_tests": 100,
  "num_successes": 98,
  "batch_size": 5,
  "accuracy": 0.7755102040816326,
  "violation_precision": 0.7755102040816326,
  "non_violation_precision": 0.7755102040816326,
  "violation_recall": 0.7755102040816326,
  "non_violation_recall": 0.7755102040816326,
  "confusion_matrix": [
    [
      38,
      11
    ],
    [
      11,
      38
    ]
  ]
}