{
  "model": "openai/gpt-4o-mini",
  "directory": "compareCommunities5/t5_2qhff/t5_2xhvq",
  "num_tests": 100,
  "num_successes": 96,
  "batch_size": 5,
  "accuracy": 0.8541666666666666,
  "violation_precision": 0.8571428571428571,
  "non_violation_precision": 0.851063829787234,
  "violation_recall": 0.8571428571428571,
  "non_violation_recall": 0.851063829787234,
  "confusion_matrix": [
    [
      40,
      7
    ],
    [
      7,
      42
    ]
  ]
}