{
  "model": "openai/gpt-4o-mini",
  "directory": "compareCommunities5/t5_2qhds/t5_2qhvo",
  "num_tests": 100,
  "num_successes": 86,
  "batch_size": 5,
  "accuracy": 0.7558139534883721,
  "violation_precision": 0.8108108108108109,
  "non_violation_precision": 0.7142857142857143,
  "violation_recall": 0.6818181818181818,
  "non_violation_recall": 0.8333333333333334,
  "confusion_matrix": [
    [
      35,
      7
    ],
    [
      14,
      30
    ]
  ]
}