{
  "model": "openai/gpt-4o-mini",
  "directory": "compareCommunities5/t5_2qhvo/t5_hcycg",
  "num_tests": 100,
  "num_successes": 91,
  "batch_size": 5,
  "accuracy": 0.8351648351648352,
  "violation_precision": 0.9393939393939394,
  "non_violation_precision": 0.7758620689655172,
  "violation_recall": 0.7045454545454546,
  "non_violation_recall": 0.9574468085106383,
  "confusion_matrix": [
    [
      45,
      2
    ],
    [
      13,
      31
    ]
  ]
}