{
  "model": "openai/gpt-4o-mini",
  "directory": "compareCommunities5/t5_2xhvq/t5_2qho4",
  "num_tests": 100,
  "num_successes": 84,
  "batch_size": 5,
  "accuracy": 0.8571428571428571,
  "violation_precision": 0.8095238095238095,
  "non_violation_precision": 0.9047619047619048,
  "violation_recall": 0.8947368421052632,
  "non_violation_recall": 0.8260869565217391,
  "confusion_matrix": [
    [
      38,
      8
    ],
    [
      4,
      34
    ]
  ]
}