{
  "model": "openai/gpt-4o-mini",
  "directory": "compareCommunities5/t5_3onkg/t5_hcycg",
  "num_tests": 100,
  "num_successes": 88,
  "batch_size": 5,
  "accuracy": 0.7840909090909091,
  "violation_precision": 0.8709677419354839,
  "non_violation_precision": 0.7368421052631579,
  "violation_recall": 0.6428571428571429,
  "non_violation_recall": 0.9130434782608695,
  "confusion_matrix": [
    [
      42,
      4
    ],
    [
      15,
      27
    ]
  ]
}