{
  "model": "openai/gpt-4o-mini",
  "directory": "compareCommunities5/t5_2xhvq/t5_2qhvo",
  "num_tests": 100,
  "num_successes": 87,
  "batch_size": 5,
  "accuracy": 0.7586206896551724,
  "violation_precision": 0.8125,
  "non_violation_precision": 0.7272727272727273,
  "violation_recall": 0.6341463414634146,
  "non_violation_recall": 0.8695652173913043,
  "confusion_matrix": [
    [
      40,
      6
    ],
    [
      15,
      26
    ]
  ]
}