{
  "model": "openai/gpt-4o-mini",
  "directory": "compareCommunities10/t5_2qho4/t5_2qh6c",
  "num_tests": 100,
  "num_successes": 86,
  "batch_size": 10,
  "accuracy": 0.8255813953488372,
  "violation_precision": 0.7777777777777778,
  "non_violation_precision": 0.90625,
  "violation_recall": 0.9333333333333333,
  "non_violation_recall": 0.7073170731707317,
  "confusion_matrix": [
    [
      29,
      12
    ],
    [
      3,
      42
    ]
  ]
}