{
  "model": "openai/gpt-4o-mini",
  "directory": "compareCommunities5/t5_2qlxw/t5_2w2s8",
  "num_tests": 100,
  "num_successes": 80,
  "batch_size": 5,
  "accuracy": 0.75,
  "violation_precision": 0.8387096774193549,
  "non_violation_precision": 0.6938775510204082,
  "violation_recall": 0.6341463414634146,
  "non_violation_recall": 0.8717948717948718,
  "confusion_matrix": [
    [
      34,
      5
    ],
    [
      15,
      26
    ]
  ]
}