{
  "model": "openai/gpt-4o-mini",
  "directory": "compareCommunities10/t5_2vjre/t5_2qky2",
  "num_tests": 100,
  "num_successes": 81,
  "batch_size": 10,
  "accuracy": 0.8271604938271605,
  "violation_precision": 0.7954545454545454,
  "non_violation_precision": 0.8648648648648649,
  "violation_recall": 0.875,
  "non_violation_recall": 0.7804878048780488,
  "confusion_matrix": [
    [
      32,
      9
    ],
    [
      5,
      35
    ]
  ]
}