{
  "model": "openai/gpt-4o-mini",
  "directory": "compareCommunities5/t5_2we2n/t5_2w2s8",
  "num_tests": 100,
  "num_successes": 93,
  "batch_size": 5,
  "accuracy": 0.8279569892473119,
  "violation_precision": 0.8604651162790697,
  "non_violation_precision": 0.8,
  "violation_recall": 0.7872340425531915,
  "non_violation_recall": 0.8695652173913043,
  "confusion_matrix": [
    [
      40,
      6
    ],
    [
      10,
      37
    ]
  ]
}