{
  "model": "openai/gpt-4o-mini",
  "directory": "compareCommunities10/t5_2qho4/t5_3560n",
  "num_tests": 100,
  "num_successes": 86,
  "batch_size": 10,
  "accuracy": 0.8488372093023255,
  "violation_precision": 0.8536585365853658,
  "non_violation_precision": 0.8444444444444444,
  "violation_recall": 0.8333333333333334,
  "non_violation_recall": 0.8636363636363636,
  "confusion_matrix": [
    [
      38,
      6
    ],
    [
      7,
      35
    ]
  ]
}