{
  "model": "openai/gpt-4o-mini",
  "directory": "compareCommunities5/t5_2qh2v/t5_3h47q",
  "num_tests": 100,
  "num_successes": 95,
  "batch_size": 5,
  "accuracy": 0.7473684210526316,
  "violation_precision": 0.8787878787878788,
  "non_violation_precision": 0.6774193548387096,
  "violation_recall": 0.5918367346938775,
  "non_violation_recall": 0.9130434782608695,
  "confusion_matrix": [
    [
      42,
      4
    ],
    [
      20,
      29
    ]
  ]
}