{
  "model": "openai/gpt-4o-mini",
  "directory": "compareCommunities10/t5_2vjre/t5_2qh2v",
  "num_tests": 100,
  "num_successes": 84,
  "batch_size": 10,
  "accuracy": 0.8928571428571429,
  "violation_precision": 0.9166666666666666,
  "non_violation_precision": 0.875,
  "violation_recall": 0.8461538461538461,
  "non_violation_recall": 0.9333333333333333,
  "confusion_matrix": [
    [
      42,
      3
    ],
    [
      6,
      33
    ]
  ]
}