{
  "model": "openai/gpt-4o-mini",
  "directory": "compareCommunities5/t5_2vjre/t5_2qh2v",
  "num_tests": 100,
  "num_successes": 85,
  "batch_size": 5,
  "accuracy": 0.8705882352941177,
  "violation_precision": 0.9024390243902439,
  "non_violation_precision": 0.8409090909090909,
  "violation_recall": 0.8409090909090909,
  "non_violation_recall": 0.9024390243902439,
  "confusion_matrix": [
    [
      37,
      4
    ],
    [
      7,
      37
    ]
  ]
}