{
  "model": "openai/gpt-4o-mini",
  "directory": "compareCommunities5/t5_2we2n/t5_2qho4",
  "num_tests": 100,
  "num_successes": 92,
  "batch_size": 5,
  "accuracy": 0.8152173913043478,
  "violation_precision": 0.7678571428571429,
  "non_violation_precision": 0.8888888888888888,
  "violation_recall": 0.9148936170212766,
  "non_violation_recall": 0.7111111111111111,
  "confusion_matrix": [
    [
      32,
      13
    ],
    [
      4,
      43
    ]
  ]
}