{
  "model": "openai/gpt-4o-mini",
  "directory": "compareCommunities10/t5_2qknd/t5_2r05i",
  "num_tests": 100,
  "num_successes": 74,
  "batch_size": 10,
  "accuracy": 0.8918918918918919,
  "violation_precision": 0.9642857142857143,
  "non_violation_precision": 0.8478260869565217,
  "violation_recall": 0.7941176470588235,
  "non_violation_recall": 0.975,
  "confusion_matrix": [
    [
      39,
      1
    ],
    [
      7,
      27
    ]
  ]
}