{
  "model": "openai/gpt-4o-mini",
  "directory": "compareCommunities5/t5_2sokd/t5_2sokd",
  "num_tests": 100,
  "num_successes": 99,
  "batch_size": 5,
  "accuracy": 0.7676767676767676,
  "violation_precision": 0.7213114754098361,
  "non_violation_precision": 0.8421052631578947,
  "violation_recall": 0.88,
  "non_violation_recall": 0.6530612244897959,
  "confusion_matrix": [
    [
      32,
      17
    ],
    [
      6,
      44
    ]
  ]
}