{
  "model": "openai/gpt-oss-120b:free",
  "directory": "compareCommunities/t5_2rbdu",
  "num_tests": 100,
  "num_successes": 99,
  "batch_size": 20,
  "accuracy": 0.7676767676767676,
  "violation_precision": 0.7166666666666667,
  "non_violation_precision": 0.8461538461538461,
  "violation_recall": 0.8775510204081632,
  "non_violation_recall": 0.66,
  "confusion_matrix": [
    [
      33,
      17
    ],
    [
      6,
      43
    ]
  ]
}