{
  "model": "openai/gpt-4o-mini",
  "directory": "compareCommunities10/t5_2rnve/t5_2rawz",
  "num_tests": 100,
  "num_successes": 92,
  "batch_size": 10,
  "accuracy": 0.9130434782608695,
  "violation_precision": 0.975609756097561,
  "non_violation_precision": 0.8627450980392157,
  "violation_recall": 0.851063829787234,
  "non_violation_recall": 0.9777777777777777,
  "confusion_matrix": [
    [
      44,
      1
    ],
    [
      7,
      40
    ]
  ]
}