{
  "model": "openai/gpt-4o-mini",
  "directory": "compareCommunities10/t5_2vq0w/t5_2qho4",
  "num_tests": 100,
  "num_successes": 86,
  "batch_size": 10,
  "accuracy": 0.8372093023255814,
  "violation_precision": 0.8043478260869565,
  "non_violation_precision": 0.875,
  "violation_recall": 0.8809523809523809,
  "non_violation_recall": 0.7954545454545454,
  "confusion_matrix": [
    [
      35,
      9
    ],
    [
      5,
      37
    ]
  ]
}