{
  "model": "openai/gpt-oss-120b:free",
  "directory": "compareCommunities/t5_2qho4/t5_2w2s8",
  "num_tests": 100,
  "num_successes": 100,
  "batch_size": 20,
  "accuracy": 0.59,
  "violation_precision": 0.569620253164557,
  "non_violation_precision": 0.6666666666666666,
  "violation_recall": 0.8653846153846154,
  "non_violation_recall": 0.2916666666666667,
  "confusion_matrix": [
    [
      14,
      34
    ],
    [
      7,
      45
    ]
  ]
}