{
  "model": "openai/gpt-4o-mini",
  "directory": "compareCommunities5/t5_10qj6b/t5_2w2s8",
  "num_tests": 100,
  "num_successes": 87,
  "batch_size": 5,
  "accuracy": 0.8275862068965517,
  "violation_precision": 0.8717948717948718,
  "non_violation_precision": 0.7916666666666666,
  "violation_recall": 0.7727272727272727,
  "non_violation_recall": 0.8837209302325582,
  "confusion_matrix": [
    [
      38,
      5
    ],
    [
      10,
      34
    ]
  ]
}