{
  "model": "openai/gpt-4o-mini",
  "directory": "compareCommunities5/t5_2qho4/t5_hcycg",
  "num_tests": 100,
  "num_successes": 91,
  "batch_size": 5,
  "accuracy": 0.8021978021978022,
  "violation_precision": 0.8571428571428571,
  "non_violation_precision": 0.7678571428571429,
  "violation_recall": 0.6976744186046512,
  "non_violation_recall": 0.8958333333333334,
  "confusion_matrix": [
    [
      43,
      5
    ],
    [
      13,
      30
    ]
  ]
}