{
  "model": "openai/gpt-oss-120b:free",
  "directory": "compareCommunitiesNEW/t5_2qhw9",
  "num_tests": 100,
  "num_successes": 100,
  "batch_size": 20,
  "accuracy": 0.88,
  "violation_precision": 0.8857142857142857,
  "non_violation_precision": 0.8769230769230769,
  "violation_recall": 0.7948717948717948,
  "non_violation_recall": 0.9344262295081968,
  "confusion_matrix": [
    [
      57,
      4
    ],
    [
      8,
      31
    ]
  ]
}