{
  "model": "openai/gpt-4o-mini",
  "directory": "compareCommunities10/t5_2qh6c/t5_2qhw9",
  "num_tests": 100,
  "num_successes": 65,
  "batch_size": 10,
  "accuracy": 0.8769230769230769,
  "violation_precision": 0.9666666666666667,
  "non_violation_precision": 0.8,
  "violation_recall": 0.8055555555555556,
  "non_violation_recall": 0.9655172413793104,
  "confusion_matrix": [
    [
      28,
      1
    ],
    [
      7,
      29
    ]
  ]
}