{
  "model": "openai/gpt-4o-mini",
  "directory": "compareCommunities5/t5_2vq0w/t5_2qhw9",
  "num_tests": 100,
  "num_successes": 93,
  "batch_size": 5,
  "accuracy": 0.8602150537634409,
  "violation_precision": 0.875,
  "non_violation_precision": 0.8444444444444444,
  "violation_recall": 0.8571428571428571,
  "non_violation_recall": 0.8636363636363636,
  "confusion_matrix": [
    [
      38,
      6
    ],
    [
      7,
      42
    ]
  ]
}