{
  "model": "openai/gpt-4o-mini",
  "directory": "compareCommunities5/t5_2sokd/t5_2vq0w",
  "num_tests": 100,
  "num_successes": 90,
  "batch_size": 5,
  "accuracy": 0.8555555555555555,
  "violation_precision": 0.8478260869565217,
  "non_violation_precision": 0.8636363636363636,
  "violation_recall": 0.8666666666666667,
  "non_violation_recall": 0.8444444444444444,
  "confusion_matrix": [
    [
      38,
      7
    ],
    [
      6,
      39
    ]
  ]
}