{
  "model": "openai/gpt-4o-mini",
  "directory": "compareCommunities10/t5_2rnve/t5_2qstm",
  "num_tests": 100,
  "num_successes": 88,
  "batch_size": 10,
  "accuracy": 0.875,
  "violation_precision": 0.8863636363636364,
  "non_violation_precision": 0.8636363636363636,
  "violation_recall": 0.8666666666666667,
  "non_violation_recall": 0.8837209302325582,
  "confusion_matrix": [
    [
      38,
      5
    ],
    [
      6,
      39
    ]
  ]
}