{
  "model": "openai/gpt-4o-mini",
  "directory": "compareCommunities5/t5_3onkg/t5_2qh6c",
  "num_tests": 100,
  "num_successes": 90,
  "batch_size": 5,
  "accuracy": 0.8333333333333334,
  "violation_precision": 0.8085106382978723,
  "non_violation_precision": 0.8604651162790697,
  "violation_recall": 0.8636363636363636,
  "non_violation_recall": 0.8043478260869565,
  "confusion_matrix": [
    [
      37,
      9
    ],
    [
      6,
      38
    ]
  ]
}