{
  "model": "openai/gpt-4o-mini",
  "directory": "compareCommunities10/t5_2qho4/t5_hcycg",
  "num_tests": 100,
  "num_successes": 91,
  "batch_size": 10,
  "accuracy": 0.7912087912087912,
  "violation_precision": 0.8787878787878788,
  "non_violation_precision": 0.7413793103448276,
  "violation_recall": 0.6590909090909091,
  "non_violation_recall": 0.9148936170212766,
  "confusion_matrix": [
    [
      43,
      4
    ],
    [
      15,
      29
    ]
  ]
}