{
  "model": "openai/gpt-4o-mini",
  "directory": "compareCommunities5/t5_2qh2v/t5_2qhds",
  "num_tests": 100,
  "num_successes": 89,
  "batch_size": 5,
  "accuracy": 0.8202247191011236,
  "violation_precision": 0.8918918918918919,
  "non_violation_precision": 0.7692307692307693,
  "violation_recall": 0.7333333333333333,
  "non_violation_recall": 0.9090909090909091,
  "confusion_matrix": [
    [
      40,
      4
    ],
    [
      12,
      33
    ]
  ]
}