{
  "model": "openai/gpt-oss-120b:free",
  "directory": "compareCommunities/t5_2te6p",
  "num_tests": 100,
  "num_successes": 99,
  "batch_size": 20,
  "accuracy": 0.7777777777777778,
  "violation_precision": 0.7368421052631579,
  "non_violation_precision": 0.8333333333333334,
  "violation_recall": 0.8571428571428571,
  "non_violation_recall": 0.7,
  "confusion_matrix": [
    [
      35,
      15
    ],
    [
      7,
      42
    ]
  ]
}