{
  "model": "openai/gpt-4o-mini",
  "directory": "compareCommunities5/t5_2vq0w/t5_2vq0w",
  "num_tests": 100,
  "num_successes": 89,
  "batch_size": 5,
  "accuracy": 0.8539325842696629,
  "violation_precision": 0.8604651162790697,
  "non_violation_precision": 0.8478260869565217,
  "violation_recall": 0.8409090909090909,
  "non_violation_recall": 0.8666666666666667,
  "confusion_matrix": [
    [
      39,
      6
    ],
    [
      7,
      37
    ]
  ]
}