{
  "model": "openai/gpt-4o-mini",
  "directory": "compareCommunities5/t5_2rawz/t5_2qh2v",
  "num_tests": 100,
  "num_successes": 92,
  "batch_size": 5,
  "accuracy": 0.9130434782608695,
  "violation_precision": 0.9166666666666666,
  "non_violation_precision": 0.9090909090909091,
  "violation_recall": 0.9166666666666666,
  "non_violation_recall": 0.9090909090909091,
  "confusion_matrix": [
    [
      40,
      4
    ],
    [
      4,
      44
    ]
  ]
}