{
  "model": "openai/gpt-4o-mini",
  "directory": "compareCommunities10/t5_2qh3p/t5_2qstm",
  "num_tests": 100,
  "num_successes": 91,
  "batch_size": 10,
  "accuracy": 0.8571428571428571,
  "violation_precision": 0.9230769230769231,
  "non_violation_precision": 0.8076923076923077,
  "violation_recall": 0.782608695652174,
  "non_violation_recall": 0.9333333333333333,
  "confusion_matrix": [
    [
      42,
      3
    ],
    [
      10,
      36
    ]
  ]
}