{
  "model": "openai/gpt-4o-mini",
  "directory": "compareCommunities10/t5_2rawz/t5_2qh3p",
  "num_tests": 100,
  "num_successes": 70,
  "batch_size": 10,
  "accuracy": 0.7,
  "violation_precision": 0.7045454545454546,
  "non_violation_precision": 0.6923076923076923,
  "violation_recall": 0.7948717948717948,
  "non_violation_recall": 0.5806451612903226,
  "confusion_matrix": [
    [
      18,
      13
    ],
    [
      8,
      31
    ]
  ]
}