{
  "model": "openai/gpt-4o-mini",
  "directory": "compareCommunities10/t5_2qh3p/t5_2w2s8",
  "num_tests": 100,
  "num_successes": 86,
  "batch_size": 10,
  "accuracy": 0.7906976744186046,
  "violation_precision": 0.8709677419354839,
  "non_violation_precision": 0.7454545454545455,
  "violation_recall": 0.6585365853658537,
  "non_violation_recall": 0.9111111111111111,
  "confusion_matrix": [
    [
      41,
      4
    ],
    [
      14,
      27
    ]
  ]
}