{
  "model": "openai/gpt-4o-mini",
  "directory": "compareCommunities10/t5_2vjre/t5_2qhek",
  "num_tests": 100,
  "num_successes": 88,
  "batch_size": 10,
  "accuracy": 0.8181818181818182,
  "violation_precision": 0.896551724137931,
  "non_violation_precision": 0.7796610169491526,
  "violation_recall": 0.6666666666666666,
  "non_violation_recall": 0.9387755102040817,
  "confusion_matrix": [
    [
      46,
      3
    ],
    [
      13,
      26
    ]
  ]
}