{
  "model": "openai/gpt-4o-mini",
  "directory": "compareCommunities10/t5_2qhek/t5_2we2n",
  "num_tests": 100,
  "num_successes": 74,
  "batch_size": 10,
  "accuracy": 0.8648648648648649,
  "violation_precision": 0.8857142857142857,
  "non_violation_precision": 0.8461538461538461,
  "violation_recall": 0.8378378378378378,
  "non_violation_recall": 0.8918918918918919,
  "confusion_matrix": [
    [
      33,
      4
    ],
    [
      6,
      31
    ]
  ]
}