{
  "model": "openai/gpt-4o-mini",
  "directory": "compareCommunities5/t5_2qh6c/t5_2qhff",
  "num_tests": 100,
  "num_successes": 82,
  "batch_size": 5,
  "accuracy": 0.8536585365853658,
  "violation_precision": 0.8409090909090909,
  "non_violation_precision": 0.868421052631579,
  "violation_recall": 0.8809523809523809,
  "non_violation_recall": 0.825,
  "confusion_matrix": [
    [
      33,
      7
    ],
    [
      5,
      37
    ]
  ]
}