{
  "model": "openai/gpt-4o-mini",
  "directory": "compareCommunities5/t5_2qh6c/t5_2qho4",
  "num_tests": 100,
  "num_successes": 90,
  "batch_size": 5,
  "accuracy": 0.8777777777777778,
  "violation_precision": 0.8235294117647058,
  "non_violation_precision": 0.9487179487179487,
  "violation_recall": 0.9545454545454546,
  "non_violation_recall": 0.8043478260869565,
  "confusion_matrix": [
    [
      37,
      9
    ],
    [
      2,
      42
    ]
  ]
}