{
  "model": "openai/gpt-oss-120b:free",
  "directory": "compareCommunities/t5_2qky2/t5_2qhw9",
  "num_tests": 100,
  "num_successes": 99,
  "batch_size": 20,
  "accuracy": 0.8181818181818182,
  "violation_precision": 0.8780487804878049,
  "non_violation_precision": 0.7758620689655172,
  "violation_recall": 0.7346938775510204,
  "non_violation_recall": 0.9,
  "confusion_matrix": [
    [
      45,
      5
    ],
    [
      13,
      36
    ]
  ]
}