{
  "model": "openai/gpt-4o-mini",
  "directory": "compareCommunities10/t5_hcycg/t5_2qhek",
  "num_tests": 100,
  "num_successes": 85,
  "batch_size": 10,
  "accuracy": 0.8705882352941177,
  "violation_precision": 0.9696969696969697,
  "non_violation_precision": 0.8076923076923077,
  "violation_recall": 0.7619047619047619,
  "non_violation_recall": 0.9767441860465116,
  "confusion_matrix": [
    [
      42,
      1
    ],
    [
      10,
      32
    ]
  ]
}