{
  "model": "openai/gpt-oss-120b:free",
  "directory": "compareCommunities/t5_2qho4/t5_2xhvq",
  "num_tests": 100,
  "num_successes": 100,
  "batch_size": 20,
  "accuracy": 0.85,
  "violation_precision": 0.8627450980392157,
  "non_violation_precision": 0.8367346938775511,
  "violation_recall": 0.8461538461538461,
  "non_violation_recall": 0.8541666666666666,
  "confusion_matrix": [
    [
      41,
      7
    ],
    [
      8,
      44
    ]
  ]
}