{
  "model": "openai/gpt-4o-mini",
  "directory": "compareCommunities5/t5_2xhvq/t5_2vq0w",
  "num_tests": 100,
  "num_successes": 95,
  "batch_size": 5,
  "accuracy": 0.8631578947368421,
  "violation_precision": 0.86,
  "non_violation_precision": 0.8666666666666667,
  "violation_recall": 0.8775510204081632,
  "non_violation_recall": 0.8478260869565217,
  "confusion_matrix": [
    [
      39,
      7
    ],
    [
      6,
      43
    ]
  ]
}