{
  "model": "openai/gpt-4o-mini",
  "directory": "compareCommunities10/t5_2qky2/t5_2qh6c",
  "num_tests": 100,
  "num_successes": 68,
  "batch_size": 10,
  "accuracy": 0.8235294117647058,
  "violation_precision": 0.7317073170731707,
  "non_violation_precision": 0.9629629629629629,
  "violation_recall": 0.967741935483871,
  "non_violation_recall": 0.7027027027027027,
  "confusion_matrix": [
    [
      26,
      11
    ],
    [
      1,
      30
    ]
  ]
}