{
  "model": "openai/gpt-oss-120b:free",
  "directory": "compareCommunities5/t5_3h47q/t5_2we2n",
  "num_tests": 100,
  "num_successes": 99,
  "batch_size": 5,
  "accuracy": 0.8484848484848485,
  "violation_precision": 0.9473684210526315,
  "non_violation_precision": 0.7868852459016393,
  "violation_recall": 0.7346938775510204,
  "non_violation_recall": 0.96,
  "confusion_matrix": [
    [
      48,
      2
    ],
    [
      13,
      36
    ]
  ]
}