{
  "model": "meta-llama/llama-3.3-70b-instruct:free",
  "prompt": "ZeroShot",
  "num_tests": 100,
  "batch_size": 20,
  "accuracy": 0.86,
  "violation_precision": 0.9230769230769231,
  "non_violation_precision": 0.819672131147541,
  "violation_recall": 0.7659574468085106,
  "non_violation_recall": 0.9433962264150944,
  "f1": 0.8372093023255814,
  "confusion_matrix": [
    [
      50,
      3
    ],
    [
      11,
      36
    ]
  ]
}