{
  "model": "openai/gpt-4o-mini",
  "directory": "compareCommunities5/t5_hcycg/t5_2qhds",
  "num_tests": 100,
  "num_successes": 93,
  "batch_size": 5,
  "accuracy": 0.8924731182795699,
  "violation_precision": 0.9047619047619048,
  "non_violation_precision": 0.8823529411764706,
  "violation_recall": 0.8636363636363636,
  "non_violation_recall": 0.9183673469387755,
  "confusion_matrix": [
    [
      45,
      4
    ],
    [
      6,
      38
    ]
  ]
}