{
  "model": "openai/gpt-4o-mini",
  "directory": "compareCommunities10/t5_2rawz/t5_2qlxw",
  "num_tests": 100,
  "num_successes": 85,
  "batch_size": 10,
  "accuracy": 0.9176470588235294,
  "violation_precision": 0.925,
  "non_violation_precision": 0.9111111111111111,
  "violation_recall": 0.9024390243902439,
  "non_violation_recall": 0.9318181818181818,
  "confusion_matrix": [
    [
      41,
      3
    ],
    [
      4,
      37
    ]
  ]
}