{
  "model": "openai/gpt-oss-120b:free",
  "directory": "compareCommunitiesOLDPROMPT/t5_2w2s8/t5_2xhvq",
  "num_tests": 100,
  "num_successes": 100,
  "batch_size": 20,
  "accuracy": 0.88,
  "violation_precision": 0.8571428571428571,
  "non_violation_precision": 0.9090909090909091,
  "violation_recall": 0.9230769230769231,
  "non_violation_recall": 0.8333333333333334,
  "confusion_matrix": [
    [
      40,
      8
    ],
    [
      4,
      48
    ]
  ]
}