{
  "model": "openai/gpt-4o-mini",
  "directory": "compareCommunities5/t5_2r05i/t5_2qhek",
  "num_tests": 100,
  "num_successes": 95,
  "batch_size": 5,
  "accuracy": 0.8315789473684211,
  "violation_precision": 0.8947368421052632,
  "non_violation_precision": 0.7894736842105263,
  "violation_recall": 0.7391304347826086,
  "non_violation_recall": 0.9183673469387755,
  "confusion_matrix": [
    [
      45,
      4
    ],
    [
      12,
      34
    ]
  ]
}