{
  "model": "openai/gpt-4o-mini",
  "directory": "compareCommunities10/t5_2qho4/t5_2qhff",
  "num_tests": 100,
  "num_successes": 93,
  "batch_size": 10,
  "accuracy": 0.8817204301075269,
  "violation_precision": 0.86,
  "non_violation_precision": 0.9069767441860465,
  "violation_recall": 0.9148936170212766,
  "non_violation_recall": 0.8478260869565217,
  "confusion_matrix": [
    [
      39,
      7
    ],
    [
      4,
      43
    ]
  ]
}