{
  "model": "openai/gpt-4o-mini",
  "directory": "compareCommunities10/t5_2w2s8/t5_3h47q",
  "num_tests": 100,
  "num_successes": 99,
  "batch_size": 10,
  "accuracy": 0.7676767676767676,
  "violation_precision": 0.8823529411764706,
  "non_violation_precision": 0.7076923076923077,
  "violation_recall": 0.6122448979591837,
  "non_violation_recall": 0.92,
  "confusion_matrix": [
    [
      46,
      4
    ],
    [
      19,
      30
    ]
  ]
}