{
  "model": "openai/gpt-4o-mini",
  "directory": "compareCommunities10/t5_3d4x4/t5_2qhek",
  "num_tests": 100,
  "num_successes": 88,
  "batch_size": 10,
  "accuracy": 0.8068181818181818,
  "violation_precision": 0.9642857142857143,
  "non_violation_precision": 0.7333333333333333,
  "violation_recall": 0.627906976744186,
  "non_violation_recall": 0.9777777777777777,
  "confusion_matrix": [
    [
      44,
      1
    ],
    [
      16,
      27
    ]
  ]
}