{
  "model": "openai/gpt-4o-mini",
  "directory": "compareCommunities5/t5_2te6p/t5_2qhds",
  "num_tests": 100,
  "num_successes": 91,
  "batch_size": 5,
  "accuracy": 0.8241758241758241,
  "violation_precision": 0.8780487804878049,
  "non_violation_precision": 0.78,
  "violation_recall": 0.7659574468085106,
  "non_violation_recall": 0.8863636363636364,
  "confusion_matrix": [
    [
      39,
      5
    ],
    [
      11,
      36
    ]
  ]
}