{
  "model": "openai/gpt-4o-mini",
  "directory": "compareCommunities10/t5_2xhvq/t5_2te6p",
  "num_tests": 100,
  "num_successes": 98,
  "batch_size": 10,
  "accuracy": 0.8061224489795918,
  "violation_precision": 0.8717948717948718,
  "non_violation_precision": 0.7627118644067796,
  "violation_recall": 0.7083333333333334,
  "non_violation_recall": 0.9,
  "confusion_matrix": [
    [
      45,
      5
    ],
    [
      14,
      34
    ]
  ]
}