{
  "model": "openai/gpt-4o-mini",
  "directory": "compareCommunities5/t5_10qj6b/t5_2qh3p",
  "num_tests": 100,
  "num_successes": 95,
  "batch_size": 5,
  "accuracy": 0.8,
  "violation_precision": 0.7543859649122807,
  "non_violation_precision": 0.868421052631579,
  "violation_recall": 0.8958333333333334,
  "non_violation_recall": 0.7021276595744681,
  "confusion_matrix": [
    [
      33,
      14
    ],
    [
      5,
      43
    ]
  ]
}