{
  "model": "openai/gpt-4o-mini",
  "directory": "compareCommunities5/t5_2qhds/t5_2qhds",
  "num_tests": 100,
  "num_successes": 93,
  "batch_size": 5,
  "accuracy": 0.8279569892473119,
  "violation_precision": 0.8780487804878049,
  "non_violation_precision": 0.7884615384615384,
  "violation_recall": 0.7659574468085106,
  "non_violation_recall": 0.8913043478260869,
  "confusion_matrix": [
    [
      41,
      5
    ],
    [
      11,
      36
    ]
  ]
}