{
  "model": "openai/gpt-oss-120b:free",
  "directory": "compareCommunitiesOLDPROMPT/t5_2qhw9/t5_2w2s8",
  "num_tests": 100,
  "num_successes": 100,
  "batch_size": 20,
  "accuracy": 0.82,
  "violation_precision": 0.8035714285714286,
  "non_violation_precision": 0.8409090909090909,
  "violation_recall": 0.8653846153846154,
  "non_violation_recall": 0.7708333333333334,
  "confusion_matrix": [
    [
      37,
      11
    ],
    [
      7,
      45
    ]
  ]
}