{
  "model": "openai/gpt-4o-mini",
  "directory": "compareCommunities10/t5_3d4x4/t5_3onkg",
  "num_tests": 100,
  "num_successes": 93,
  "batch_size": 10,
  "accuracy": 0.8602150537634409,
  "violation_precision": 0.8723404255319149,
  "non_violation_precision": 0.8478260869565217,
  "violation_recall": 0.8541666666666666,
  "non_violation_recall": 0.8666666666666667,
  "confusion_matrix": [
    [
      39,
      6
    ],
    [
      7,
      41
    ]
  ]
}