{
  "model": "openai/gpt-4o-mini",
  "directory": "compareCommunities5/t5_2qh6c/t5_2vq0w",
  "num_tests": 100,
  "num_successes": 90,
  "batch_size": 5,
  "accuracy": 0.8444444444444444,
  "violation_precision": 0.8478260869565217,
  "non_violation_precision": 0.8409090909090909,
  "violation_recall": 0.8478260869565217,
  "non_violation_recall": 0.8409090909090909,
  "confusion_matrix": [
    [
      37,
      7
    ],
    [
      7,
      39
    ]
  ]
}