{
  "model": "openai/gpt-4o-mini",
  "directory": "compareCommunities10/t5_10qj6b/t5_2qhek",
  "num_tests": 100,
  "num_successes": 91,
  "batch_size": 10,
  "accuracy": 0.8791208791208791,
  "violation_precision": 0.9705882352941176,
  "non_violation_precision": 0.8245614035087719,
  "violation_recall": 0.7674418604651163,
  "non_violation_recall": 0.9791666666666666,
  "confusion_matrix": [
    [
      47,
      1
    ],
    [
      10,
      33
    ]
  ]
}