{
  "model": "openai/gpt-4o-mini",
  "directory": "compareCommunities10/t5_2vjre/t5_2r05i",
  "num_tests": 100,
  "num_successes": 85,
  "batch_size": 10,
  "accuracy": 0.8588235294117647,
  "violation_precision": 0.96875,
  "non_violation_precision": 0.7924528301886793,
  "violation_recall": 0.7380952380952381,
  "non_violation_recall": 0.9767441860465116,
  "confusion_matrix": [
    [
      42,
      1
    ],
    [
      11,
      31
    ]
  ]
}