{
  "model": "openai/gpt-4o-mini",
  "directory": "compareCommunities10/t5_2r05i/t5_2te6p",
  "num_tests": 100,
  "num_successes": 94,
  "batch_size": 10,
  "accuracy": 0.8297872340425532,
  "violation_precision": 0.875,
  "non_violation_precision": 0.7962962962962963,
  "violation_recall": 0.7608695652173914,
  "non_violation_recall": 0.8958333333333334,
  "confusion_matrix": [
    [
      43,
      5
    ],
    [
      11,
      35
    ]
  ]
}