{
  "model": "openai/gpt-4o-mini",
  "directory": "compareCommunities5/t5_3560n/t5_2qknd",
  "num_tests": 100,
  "num_successes": 94,
  "batch_size": 5,
  "accuracy": 0.7978723404255319,
  "violation_precision": 0.9375,
  "non_violation_precision": 0.7258064516129032,
  "violation_recall": 0.6382978723404256,
  "non_violation_recall": 0.9574468085106383,
  "confusion_matrix": [
    [
      45,
      2
    ],
    [
      17,
      30
    ]
  ]
}