{
  "model": "openai/gpt-4o-mini",
  "directory": "compareCommunities5/t5_3onkg/t5_2qho4",
  "num_tests": 100,
  "num_successes": 92,
  "batch_size": 5,
  "accuracy": 0.8369565217391305,
  "violation_precision": 0.7924528301886793,
  "non_violation_precision": 0.8974358974358975,
  "violation_recall": 0.9130434782608695,
  "non_violation_recall": 0.7608695652173914,
  "confusion_matrix": [
    [
      35,
      11
    ],
    [
      4,
      42
    ]
  ]
}