{
  "model": "openai/gpt-4o-mini",
  "directory": "compareCommunities10/t5_2xhvq/t5_2qh3p",
  "num_tests": 100,
  "num_successes": 78,
  "batch_size": 10,
  "accuracy": 0.7435897435897436,
  "violation_precision": 0.7346938775510204,
  "non_violation_precision": 0.7586206896551724,
  "violation_recall": 0.8372093023255814,
  "non_violation_recall": 0.6285714285714286,
  "confusion_matrix": [
    [
      22,
      13
    ],
    [
      7,
      36
    ]
  ]
}