{
  "model": "openai/gpt-4o-mini",
  "directory": "compareCommunities10/t5_hcycg/t5_2qlxw",
  "num_tests": 100,
  "num_successes": 80,
  "batch_size": 10,
  "accuracy": 0.8625,
  "violation_precision": 0.8648648648648649,
  "non_violation_precision": 0.8604651162790697,
  "violation_recall": 0.8421052631578947,
  "non_violation_recall": 0.8809523809523809,
  "confusion_matrix": [
    [
      37,
      5
    ],
    [
      6,
      32
    ]
  ]
}