{
  "model": "openai/gpt-4o-mini",
  "directory": "compareCommunities5/t5_3560n/t5_2qh2v",
  "num_tests": 100,
  "num_successes": 94,
  "batch_size": 5,
  "accuracy": 0.8617021276595744,
  "violation_precision": 0.8269230769230769,
  "non_violation_precision": 0.9047619047619048,
  "violation_recall": 0.9148936170212766,
  "non_violation_recall": 0.8085106382978723,
  "confusion_matrix": [
    [
      38,
      9
    ],
    [
      4,
      43
    ]
  ]
}