{
  "model": "openai/gpt-oss-120b:free",
  "directory": "compareCommunities/t5_2we2n/t5_3h47q",
  "num_tests": 100,
  "num_successes": 97,
  "batch_size": 20,
  "accuracy": 0.7731958762886598,
  "violation_precision": 0.9354838709677419,
  "non_violation_precision": 0.696969696969697,
  "violation_recall": 0.5918367346938775,
  "non_violation_recall": 0.9583333333333334,
  "confusion_matrix": [
    [
      46,
      2
    ],
    [
      20,
      29
    ]
  ]
}