{
  "model": "openai/gpt-4o-mini",
  "directory": "compareCommunities10/t5_2rnve/t5_2qh6c",
  "num_tests": 100,
  "num_successes": 78,
  "batch_size": 10,
  "accuracy": 0.8333333333333334,
  "violation_precision": 0.7608695652173914,
  "non_violation_precision": 0.9375,
  "violation_recall": 0.9459459459459459,
  "non_violation_recall": 0.7317073170731707,
  "confusion_matrix": [
    [
      30,
      11
    ],
    [
      2,
      35
    ]
  ]
}