{
  "model": "openai/gpt-4o-mini",
  "directory": "compareCommunities10/t5_2qh2v/t5_2sokd",
  "num_tests": 100,
  "num_successes": 90,
  "batch_size": 10,
  "accuracy": 0.8222222222222222,
  "violation_precision": 0.8823529411764706,
  "non_violation_precision": 0.7857142857142857,
  "violation_recall": 0.7142857142857143,
  "non_violation_recall": 0.9166666666666666,
  "confusion_matrix": [
    [
      44,
      4
    ],
    [
      12,
      30
    ]
  ]
}