{
  "model": "openai/gpt-4o-mini",
  "directory": "compareCommunities5/t5_2vq0w/t5_2qh6c",
  "num_tests": 100,
  "num_successes": 93,
  "batch_size": 5,
  "accuracy": 0.8279569892473119,
  "violation_precision": 0.7592592592592593,
  "non_violation_precision": 0.9230769230769231,
  "violation_recall": 0.9318181818181818,
  "non_violation_recall": 0.7346938775510204,
  "confusion_matrix": [
    [
      36,
      13
    ],
    [
      3,
      41
    ]
  ]
}