{
  "model": "openai/gpt-4o-mini",
  "directory": "compareCommunities5/t5_2qhds/t5_2qho4",
  "num_tests": 100,
  "num_successes": 96,
  "batch_size": 5,
  "accuracy": 0.8541666666666666,
  "violation_precision": 0.8,
  "non_violation_precision": 0.926829268292683,
  "violation_recall": 0.9361702127659575,
  "non_violation_recall": 0.7755102040816326,
  "confusion_matrix": [
    [
      38,
      11
    ],
    [
      3,
      44
    ]
  ]
}