{
  "model": "openai/gpt-4o-mini",
  "directory": "compareCommunities10/t5_2te6p/t5_2we2n",
  "num_tests": 100,
  "num_successes": 80,
  "batch_size": 10,
  "accuracy": 0.775,
  "violation_precision": 0.8571428571428571,
  "non_violation_precision": 0.7307692307692307,
  "violation_recall": 0.631578947368421,
  "non_violation_recall": 0.9047619047619048,
  "confusion_matrix": [
    [
      38,
      4
    ],
    [
      14,
      24
    ]
  ]
}