{
  "model": "openai/gpt-4o-mini",
  "directory": "compareCommunities5/t5_3cr3o/t5_2qhff",
  "num_tests": 100,
  "num_successes": 75,
  "batch_size": 5,
  "accuracy": 0.84,
  "violation_precision": 0.8222222222222222,
  "non_violation_precision": 0.8666666666666667,
  "violation_recall": 0.9024390243902439,
  "non_violation_recall": 0.7647058823529411,
  "confusion_matrix": [
    [
      26,
      8
    ],
    [
      4,
      37
    ]
  ]
}