{
  "model": "openai/gpt-4o-mini",
  "directory": "compareCommunities10/t5_2qhek/t5_10qj6b",
  "num_tests": 100,
  "num_successes": 98,
  "batch_size": 10,
  "accuracy": 0.7551020408163265,
  "violation_precision": 0.7450980392156863,
  "non_violation_precision": 0.7659574468085106,
  "violation_recall": 0.7755102040816326,
  "non_violation_recall": 0.7346938775510204,
  "confusion_matrix": [
    [
      36,
      13
    ],
    [
      11,
      38
    ]
  ]
}