{
  "model": "openai/gpt-4o-mini",
  "directory": "compareCommunities5/t5_3onkg/t5_2qhff",
  "num_tests": 100,
  "num_successes": 89,
  "batch_size": 5,
  "accuracy": 0.8202247191011236,
  "violation_precision": 0.8260869565217391,
  "non_violation_precision": 0.813953488372093,
  "violation_recall": 0.8260869565217391,
  "non_violation_recall": 0.813953488372093,
  "confusion_matrix": [
    [
      35,
      8
    ],
    [
      8,
      38
    ]
  ]
}