{
  "model": "openai/gpt-4o-mini",
  "directory": "compareCommunities5/t5_2qky2/t5_2qhff",
  "num_tests": 100,
  "num_successes": 73,
  "batch_size": 5,
  "accuracy": 0.821917808219178,
  "violation_precision": 0.8648648648648649,
  "non_violation_precision": 0.7777777777777778,
  "violation_recall": 0.8,
  "non_violation_recall": 0.8484848484848485,
  "confusion_matrix": [
    [
      28,
      5
    ],
    [
      8,
      32
    ]
  ]
}