{
  "model": "openai/gpt-4o-mini",
  "directory": "compareCommunities10/t5_2vjre/t5_2qh2s",
  "num_tests": 100,
  "num_successes": 90,
  "batch_size": 10,
  "accuracy": 0.8111111111111111,
  "violation_precision": 0.8947368421052632,
  "non_violation_precision": 0.75,
  "violation_recall": 0.723404255319149,
  "non_violation_recall": 0.9069767441860465,
  "confusion_matrix": [
    [
      39,
      4
    ],
    [
      13,
      34
    ]
  ]
}