{
  "model": "openai/gpt-4o-mini",
  "directory": "compareCommunities10/t5_2qh2s/t5_2qhds",
  "num_tests": 100,
  "num_successes": 93,
  "batch_size": 10,
  "accuracy": 0.8279569892473119,
  "violation_precision": 0.8918918918918919,
  "non_violation_precision": 0.7857142857142857,
  "violation_recall": 0.7333333333333333,
  "non_violation_recall": 0.9166666666666666,
  "confusion_matrix": [
    [
      44,
      4
    ],
    [
      12,
      33
    ]
  ]
}