{
  "model": "openai/gpt-4o-mini",
  "directory": "compareCommunities10/t5_2vq0w/t5_2qh2s",
  "num_tests": 100,
  "num_successes": 90,
  "batch_size": 10,
  "accuracy": 0.8333333333333334,
  "violation_precision": 0.8611111111111112,
  "non_violation_precision": 0.8148148148148148,
  "violation_recall": 0.7560975609756098,
  "non_violation_recall": 0.8979591836734694,
  "confusion_matrix": [
    [
      44,
      5
    ],
    [
      10,
      31
    ]
  ]
}