{
  "model": "openai/gpt-4o-mini",
  "directory": "compareCommunities10/t5_2qh2v/t5_2qhff",
  "num_tests": 100,
  "num_successes": 78,
  "batch_size": 10,
  "accuracy": 0.8717948717948718,
  "violation_precision": 0.8857142857142857,
  "non_violation_precision": 0.8604651162790697,
  "violation_recall": 0.8378378378378378,
  "non_violation_recall": 0.9024390243902439,
  "confusion_matrix": [
    [
      37,
      4
    ],
    [
      6,
      31
    ]
  ]
}