{
  "model": "openai/gpt-4o-mini",
  "directory": "compareCommunities10/t5_2vjre/t5_2qh3p",
  "num_tests": 100,
  "num_successes": 77,
  "batch_size": 10,
  "accuracy": 0.7272727272727273,
  "violation_precision": 0.7317073170731707,
  "non_violation_precision": 0.7222222222222222,
  "violation_recall": 0.75,
  "non_violation_recall": 0.7027027027027027,
  "confusion_matrix": [
    [
      26,
      11
    ],
    [
      10,
      30
    ]
  ]
}