{
  "model": "openai/gpt-4o-mini",
  "directory": "compareCommunities10/t5_2we2n/t5_2sokd",
  "num_tests": 100,
  "num_successes": 87,
  "batch_size": 10,
  "accuracy": 0.8620689655172413,
  "violation_precision": 0.8837209302325582,
  "non_violation_precision": 0.8409090909090909,
  "violation_recall": 0.8444444444444444,
  "non_violation_recall": 0.8809523809523809,
  "confusion_matrix": [
    [
      37,
      5
    ],
    [
      7,
      38
    ]
  ]
}