{
  "model": "openai/gpt-4o-mini",
  "directory": "compareCommunities10/t5_2vjre/t5_2we2n",
  "num_tests": 100,
  "num_successes": 90,
  "batch_size": 10,
  "accuracy": 0.8111111111111111,
  "violation_precision": 0.9655172413793104,
  "non_violation_precision": 0.7377049180327869,
  "violation_recall": 0.6363636363636364,
  "non_violation_recall": 0.9782608695652174,
  "confusion_matrix": [
    [
      45,
      1
    ],
    [
      16,
      28
    ]
  ]
}