{
  "model": "openai/gpt-4o-mini",
  "directory": "compareCommunities10/t5_3d4x4/t5_3560n",
  "num_tests": 100,
  "num_successes": 96,
  "batch_size": 10,
  "accuracy": 0.8125,
  "violation_precision": 0.9428571428571428,
  "non_violation_precision": 0.7377049180327869,
  "violation_recall": 0.673469387755102,
  "non_violation_recall": 0.9574468085106383,
  "confusion_matrix": [
    [
      45,
      2
    ],
    [
      16,
      33
    ]
  ]
}