{
  "model": "openai/gpt-4o-mini",
  "directory": "compareCommunities10/t5_3h47q/t5_2vjre",
  "num_tests": 100,
  "num_successes": 95,
  "batch_size": 10,
  "accuracy": 0.8631578947368421,
  "violation_precision": 0.8695652173913043,
  "non_violation_precision": 0.8571428571428571,
  "violation_recall": 0.851063829787234,
  "non_violation_recall": 0.875,
  "confusion_matrix": [
    [
      42,
      6
    ],
    [
      7,
      40
    ]
  ]
}