{
  "model": "openai/gpt-4o-mini",
  "directory": "compareCommunities10/t5_2qh2v/t5_hcycg",
  "num_tests": 100,
  "num_successes": 84,
  "batch_size": 10,
  "accuracy": 0.8095238095238095,
  "violation_precision": 0.9629629629629629,
  "non_violation_precision": 0.7368421052631579,
  "violation_recall": 0.6341463414634146,
  "non_violation_recall": 0.9767441860465116,
  "confusion_matrix": [
    [
      42,
      1
    ],
    [
      15,
      26
    ]
  ]
}