{
  "model": "openai/gpt-4o-mini",
  "directory": "compareCommunities10/t5_2qhw9/t5_2w2s8",
  "num_tests": 100,
  "num_successes": 81,
  "batch_size": 10,
  "accuracy": 0.8024691358024691,
  "violation_precision": 0.8484848484848485,
  "non_violation_precision": 0.7708333333333334,
  "violation_recall": 0.717948717948718,
  "non_violation_recall": 0.8809523809523809,
  "confusion_matrix": [
    [
      37,
      5
    ],
    [
      11,
      28
    ]
  ]
}