{
  "model": "openai/gpt-4o-mini",
  "directory": "compareCommunities5/t5_10qj6b/t5_2qhw9",
  "num_tests": 100,
  "num_successes": 95,
  "batch_size": 5,
  "accuracy": 0.8736842105263158,
  "violation_precision": 0.9111111111111111,
  "non_violation_precision": 0.84,
  "violation_recall": 0.8367346938775511,
  "non_violation_recall": 0.9130434782608695,
  "confusion_matrix": [
    [
      42,
      4
    ],
    [
      8,
      41
    ]
  ]
}