{
  "model": "openai/gpt-4o-mini",
  "directory": "compareCommunities5/t5_3h47q/t5_2qky2",
  "num_tests": 100,
  "num_successes": 91,
  "batch_size": 5,
  "accuracy": 0.8241758241758241,
  "violation_precision": 0.7708333333333334,
  "non_violation_precision": 0.8837209302325582,
  "violation_recall": 0.8809523809523809,
  "non_violation_recall": 0.7755102040816326,
  "confusion_matrix": [
    [
      38,
      11
    ],
    [
      5,
      37
    ]
  ]
}