{
  "model": "openai/gpt-4o-mini",
  "directory": "compareCommunities5/t5_2qh2s/t5_2qhek",
  "num_tests": 100,
  "num_successes": 96,
  "batch_size": 5,
  "accuracy": 0.8229166666666666,
  "violation_precision": 0.9166666666666666,
  "non_violation_precision": 0.7666666666666667,
  "violation_recall": 0.7021276595744681,
  "non_violation_recall": 0.9387755102040817,
  "confusion_matrix": [
    [
      46,
      3
    ],
    [
      14,
      33
    ]
  ]
}