{
  "model": "openai/gpt-4o-mini",
  "directory": "compareCommunities10/t5_2qstm/t5_2qho4",
  "num_tests": 100,
  "num_successes": 76,
  "batch_size": 10,
  "accuracy": 0.8289473684210527,
  "violation_precision": 0.76,
  "non_violation_precision": 0.9615384615384616,
  "violation_recall": 0.9743589743589743,
  "non_violation_recall": 0.6756756756756757,
  "confusion_matrix": [
    [
      25,
      12
    ],
    [
      1,
      38
    ]
  ]
}