{
  "model": "openai/gpt-4o-mini",
  "directory": "compareCommunities5/t5_2vjre/t5_hcycg",
  "num_tests": 100,
  "num_successes": 92,
  "batch_size": 5,
  "accuracy": 0.8043478260869565,
  "violation_precision": 0.9655172413793104,
  "non_violation_precision": 0.7301587301587301,
  "violation_recall": 0.6222222222222222,
  "non_violation_recall": 0.9787234042553191,
  "confusion_matrix": [
    [
      46,
      1
    ],
    [
      17,
      28
    ]
  ]
}