{
  "model": "openai/gpt-4o-mini",
  "directory": "compareCommunities5/t5_2rnve/t5_2xhvq",
  "num_tests": 100,
  "num_successes": 96,
  "batch_size": 5,
  "accuracy": 0.84375,
  "violation_precision": 0.8541666666666666,
  "non_violation_precision": 0.8333333333333334,
  "violation_recall": 0.8367346938775511,
  "non_violation_recall": 0.851063829787234,
  "confusion_matrix": [
    [
      40,
      7
    ],
    [
      8,
      41
    ]
  ]
}