{
  "model": "openai/gpt-4o-mini",
  "directory": "compareCommunities5/t5_2qho4/t5_2qh6c",
  "num_tests": 100,
  "num_successes": 87,
  "batch_size": 5,
  "accuracy": 0.8275862068965517,
  "violation_precision": 0.7307692307692307,
  "non_violation_precision": 0.9714285714285714,
  "violation_recall": 0.9743589743589743,
  "non_violation_recall": 0.7083333333333334,
  "confusion_matrix": [
    [
      34,
      14
    ],
    [
      1,
      38
    ]
  ]
}