{
  "model": "openai/gpt-4o-mini",
  "directory": "compareCommunities10/t5_2qh2s/t5_2r05i",
  "num_tests": 100,
  "num_successes": 96,
  "batch_size": 10,
  "accuracy": 0.8645833333333334,
  "violation_precision": 0.9722222222222222,
  "non_violation_precision": 0.8,
  "violation_recall": 0.7446808510638298,
  "non_violation_recall": 0.9795918367346939,
  "confusion_matrix": [
    [
      48,
      1
    ],
    [
      12,
      35
    ]
  ]
}