{
  "model": "openai/gpt-4o-mini",
  "directory": "compareCommunities10/t5_2qhff/t5_3560n",
  "num_tests": 100,
  "num_successes": 91,
  "batch_size": 10,
  "accuracy": 0.8351648351648352,
  "violation_precision": 0.8809523809523809,
  "non_violation_precision": 0.7959183673469388,
  "violation_recall": 0.7872340425531915,
  "non_violation_recall": 0.8863636363636364,
  "confusion_matrix": [
    [
      39,
      5
    ],
    [
      10,
      37
    ]
  ]
}