{
  "model": "openai/gpt-4o-mini",
  "directory": "compareCommunities10/t5_2xhvq/t5_3d4x4",
  "num_tests": 100,
  "num_successes": 90,
  "batch_size": 10,
  "accuracy": 0.8222222222222222,
  "violation_precision": 0.7692307692307693,
  "non_violation_precision": 0.8947368421052632,
  "violation_recall": 0.9090909090909091,
  "non_violation_recall": 0.7391304347826086,
  "confusion_matrix": [
    [
      34,
      12
    ],
    [
      4,
      40
    ]
  ]
}