{
  "model": "openai/gpt-4o-mini",
  "directory": "compareCommunities10/t5_2qky2/t5_2qh2v",
  "num_tests": 100,
  "num_successes": 71,
  "batch_size": 10,
  "accuracy": 0.8873239436619719,
  "violation_precision": 0.8717948717948718,
  "non_violation_precision": 0.90625,
  "violation_recall": 0.918918918918919,
  "non_violation_recall": 0.8529411764705882,
  "confusion_matrix": [
    [
      29,
      5
    ],
    [
      3,
      34
    ]
  ]
}