{
  "model": "openai/gpt-4o-mini",
  "directory": "compareCommunities5/t5_2qhvo/t5_2qh3p",
  "num_tests": 100,
  "num_successes": 88,
  "batch_size": 5,
  "accuracy": 0.7613636363636364,
  "violation_precision": 0.7254901960784313,
  "non_violation_precision": 0.8108108108108109,
  "violation_recall": 0.8409090909090909,
  "non_violation_recall": 0.6818181818181818,
  "confusion_matrix": [
    [
      30,
      14
    ],
    [
      7,
      37
    ]
  ]
}