{
  "model": "openai/gpt-4o-mini",
  "directory": "compareCommunities10/t5_10qj6b/t5_2r05i",
  "num_tests": 100,
  "num_successes": 86,
  "batch_size": 10,
  "accuracy": 0.8604651162790697,
  "violation_precision": 0.96875,
  "non_violation_precision": 0.7962962962962963,
  "violation_recall": 0.7380952380952381,
  "non_violation_recall": 0.9772727272727273,
  "confusion_matrix": [
    [
      43,
      1
    ],
    [
      11,
      31
    ]
  ]
}