{
  "model": "openai/gpt-4o-mini",
  "directory": "compareCommunities10/t5_3cr3o/t5_hcycg",
  "num_tests": 100,
  "num_successes": 84,
  "batch_size": 10,
  "accuracy": 0.7738095238095238,
  "violation_precision": 0.8666666666666667,
  "non_violation_precision": 0.7222222222222222,
  "violation_recall": 0.6341463414634146,
  "non_violation_recall": 0.9069767441860465,
  "confusion_matrix": [
    [
      39,
      4
    ],
    [
      15,
      26
    ]
  ]
}