{
  "model": "openai/gpt-4o-mini",
  "directory": "compareCommunities10/t5_2qho4/t5_2qh3p",
  "num_tests": 100,
  "num_successes": 67,
  "batch_size": 10,
  "accuracy": 0.7014925373134329,
  "violation_precision": 0.7,
  "non_violation_precision": 0.7037037037037037,
  "violation_recall": 0.7777777777777778,
  "non_violation_recall": 0.6129032258064516,
  "confusion_matrix": [
    [
      19,
      12
    ],
    [
      8,
      28
    ]
  ]
}