{
  "model": "openai/gpt-4o-mini",
  "directory": "compareCommunities10/t5_2rnve/t5_2qh2v",
  "num_tests": 100,
  "num_successes": 88,
  "batch_size": 10,
  "accuracy": 0.8409090909090909,
  "violation_precision": 0.8367346938775511,
  "non_violation_precision": 0.8461538461538461,
  "violation_recall": 0.8723404255319149,
  "non_violation_recall": 0.8048780487804879,
  "confusion_matrix": [
    [
      33,
      8
    ],
    [
      6,
      41
    ]
  ]
}