{
  "model": "openai/gpt-4o-mini",
  "directory": "compareCommunities5/t5_3560n/t5_2qhvo",
  "num_tests": 100,
  "num_successes": 87,
  "batch_size": 5,
  "accuracy": 0.7471264367816092,
  "violation_precision": 0.7727272727272727,
  "non_violation_precision": 0.7209302325581395,
  "violation_recall": 0.7391304347826086,
  "non_violation_recall": 0.7560975609756098,
  "confusion_matrix": [
    [
      31,
      10
    ],
    [
      12,
      34
    ]
  ]
}