{
  "model": "openai/gpt-4o-mini",
  "directory": "compareCommunities10/t5_2qhw9/t5_2qhw9",
  "num_tests": 100,
  "num_successes": 93,
  "batch_size": 10,
  "accuracy": 0.8709677419354839,
  "violation_precision": 0.9512195121951219,
  "non_violation_precision": 0.8076923076923077,
  "violation_recall": 0.7959183673469388,
  "non_violation_recall": 0.9545454545454546,
  "confusion_matrix": [
    [
      42,
      2
    ],
    [
      10,
      39
    ]
  ]
}