{
  "model": "openai/gpt-4o-mini",
  "directory": "compareCommunities5/t5_2qhff/t5_2qhvo",
  "num_tests": 100,
  "num_successes": 83,
  "batch_size": 5,
  "accuracy": 0.7469879518072289,
  "violation_precision": 0.7380952380952381,
  "non_violation_precision": 0.7560975609756098,
  "violation_recall": 0.7560975609756098,
  "non_violation_recall": 0.7380952380952381,
  "confusion_matrix": [
    [
      31,
      11
    ],
    [
      10,
      31
    ]
  ]
}