{
  "model": "openai/gpt-4o-mini",
  "directory": "compareCommunities5/t5_2qhvo/t5_2qhw9",
  "num_tests": 100,
  "num_successes": 96,
  "batch_size": 5,
  "accuracy": 0.84375,
  "violation_precision": 0.8863636363636364,
  "non_violation_precision": 0.8076923076923077,
  "violation_recall": 0.7959183673469388,
  "non_violation_recall": 0.8936170212765957,
  "confusion_matrix": [
    [
      42,
      5
    ],
    [
      10,
      39
    ]
  ]
}