{
  "model": "openai/gpt-4o-mini",
  "directory": "compareCommunities5/t5_2qh6c/t5_2we2n",
  "num_tests": 100,
  "num_successes": 80,
  "batch_size": 5,
  "accuracy": 0.825,
  "violation_precision": 0.896551724137931,
  "non_violation_precision": 0.7843137254901961,
  "violation_recall": 0.7027027027027027,
  "non_violation_recall": 0.9302325581395349,
  "confusion_matrix": [
    [
      40,
      3
    ],
    [
      11,
      26
    ]
  ]
}