{
  "model": "openai/gpt-4o-mini",
  "directory": "compareCommunities5/t5_2rawz/t5_2qky2",
  "num_tests": 100,
  "num_successes": 88,
  "batch_size": 5,
  "accuracy": 0.7954545454545454,
  "violation_precision": 0.723404255319149,
  "non_violation_precision": 0.8780487804878049,
  "violation_recall": 0.8717948717948718,
  "non_violation_recall": 0.7346938775510204,
  "confusion_matrix": [
    [
      36,
      13
    ],
    [
      5,
      34
    ]
  ]
}