{
  "model": "openai/gpt-4o-mini",
  "directory": "compareCommunities5/t5_2we2n/t5_2qky2",
  "num_tests": 100,
  "num_successes": 87,
  "batch_size": 5,
  "accuracy": 0.735632183908046,
  "violation_precision": 0.68,
  "non_violation_precision": 0.8108108108108109,
  "violation_recall": 0.8292682926829268,
  "non_violation_recall": 0.6521739130434783,
  "confusion_matrix": [
    [
      30,
      16
    ],
    [
      7,
      34
    ]
  ]
}