{
  "model": "openai/gpt-4o-mini",
  "directory": "compareCommunities5/t5_2qhek/t5_2sokd",
  "num_tests": 100,
  "num_successes": 94,
  "batch_size": 5,
  "accuracy": 0.7978723404255319,
  "violation_precision": 0.7321428571428571,
  "non_violation_precision": 0.8947368421052632,
  "violation_recall": 0.9111111111111111,
  "non_violation_recall": 0.6938775510204082,
  "confusion_matrix": [
    [
      34,
      15
    ],
    [
      4,
      41
    ]
  ]
}