{
  "model": "openai/gpt-4o-mini",
  "directory": "compareCommunities5/t5_3d4x4/t5_2qhds",
  "num_tests": 100,
  "num_successes": 86,
  "batch_size": 5,
  "accuracy": 0.7906976744186046,
  "violation_precision": 0.8529411764705882,
  "non_violation_precision": 0.75,
  "violation_recall": 0.6904761904761905,
  "non_violation_recall": 0.8863636363636364,
  "confusion_matrix": [
    [
      39,
      5
    ],
    [
      13,
      29
    ]
  ]
}