{
  "model": "openai/gpt-4o-mini",
  "directory": "compareCommunities5/t5_2qknd/t5_2vq0w",
  "num_tests": 100,
  "num_successes": 90,
  "batch_size": 5,
  "accuracy": 0.8555555555555555,
  "violation_precision": 0.8541666666666666,
  "non_violation_precision": 0.8571428571428571,
  "violation_recall": 0.8723404255319149,
  "non_violation_recall": 0.8372093023255814,
  "confusion_matrix": [
    [
      36,
      7
    ],
    [
      6,
      41
    ]
  ]
}