{
  "model": "openai/gpt-4o-mini",
  "directory": "compareCommunities10/t5_3d4x4/t5_2w2s8",
  "num_tests": 100,
  "num_successes": 88,
  "batch_size": 10,
  "accuracy": 0.7727272727272727,
  "violation_precision": 0.8823529411764706,
  "non_violation_precision": 0.7037037037037037,
  "violation_recall": 0.6521739130434783,
  "non_violation_recall": 0.9047619047619048,
  "confusion_matrix": [
    [
      38,
      4
    ],
    [
      16,
      30
    ]
  ]
}