{
  "model": "openai/gpt-4o-mini",
  "directory": "compareCommunities10/t5_2rawz/t5_2qhds",
  "num_tests": 100,
  "num_successes": 95,
  "batch_size": 10,
  "accuracy": 0.8210526315789474,
  "violation_precision": 0.8918918918918919,
  "non_violation_precision": 0.7758620689655172,
  "violation_recall": 0.717391304347826,
  "non_violation_recall": 0.9183673469387755,
  "confusion_matrix": [
    [
      45,
      4
    ],
    [
      13,
      33
    ]
  ]
}