{
  "model": "openai/gpt-4o-mini",
  "directory": "compareCommunities5/t5_hcycg/t5_2qho4",
  "num_tests": 100,
  "num_successes": 91,
  "batch_size": 5,
  "accuracy": 0.8681318681318682,
  "violation_precision": 0.8,
  "non_violation_precision": 0.9512195121951219,
  "violation_recall": 0.9523809523809523,
  "non_violation_recall": 0.7959183673469388,
  "confusion_matrix": [
    [
      39,
      10
    ],
    [
      2,
      40
    ]
  ]
}