{
  "model": "openai/gpt-4o-mini",
  "directory": "compareCommunities10/t5_2qh2v/t5_2qh2s",
  "num_tests": 100,
  "num_successes": 94,
  "batch_size": 10,
  "accuracy": 0.776595744680851,
  "violation_precision": 0.9090909090909091,
  "non_violation_precision": 0.7049180327868853,
  "violation_recall": 0.625,
  "non_violation_recall": 0.9347826086956522,
  "confusion_matrix": [
    [
      43,
      3
    ],
    [
      18,
      30
    ]
  ]
}