{
  "model": "openai/gpt-4o-mini",
  "directory": "compareCommunities5/t5_10qj6b/t5_2qhff",
  "num_tests": 100,
  "num_successes": 88,
  "batch_size": 5,
  "accuracy": 0.8181818181818182,
  "violation_precision": 0.8043478260869565,
  "non_violation_precision": 0.8333333333333334,
  "violation_recall": 0.8409090909090909,
  "non_violation_recall": 0.7954545454545454,
  "confusion_matrix": [
    [
      35,
      9
    ],
    [
      7,
      37
    ]
  ]
}