{
  "model": "openai/gpt-4o-mini",
  "directory": "compareCommunities5/t5_2qstm/t5_2qknd",
  "num_tests": 100,
  "num_successes": 93,
  "batch_size": 5,
  "accuracy": 0.7741935483870968,
  "violation_precision": 0.9310344827586207,
  "non_violation_precision": 0.703125,
  "violation_recall": 0.5869565217391305,
  "non_violation_recall": 0.9574468085106383,
  "confusion_matrix": [
    [
      45,
      2
    ],
    [
      19,
      27
    ]
  ]
}