{
  "model": "openai/gpt-4o-mini",
  "directory": "compareCommunities5/t5_2vq0w/t5_2qknd",
  "num_tests": 100,
  "num_successes": 90,
  "batch_size": 5,
  "accuracy": 0.8,
  "violation_precision": 0.9642857142857143,
  "non_violation_precision": 0.7258064516129032,
  "violation_recall": 0.6136363636363636,
  "non_violation_recall": 0.9782608695652174,
  "confusion_matrix": [
    [
      45,
      1
    ],
    [
      17,
      27
    ]
  ]
}