{
  "model": "openai/gpt-4o-mini",
  "directory": "compareCommunities5/t5_2qky2/t5_2we2n",
  "num_tests": 100,
  "num_successes": 96,
  "batch_size": 5,
  "accuracy": 0.8333333333333334,
  "violation_precision": 0.8974358974358975,
  "non_violation_precision": 0.7894736842105263,
  "violation_recall": 0.7446808510638298,
  "non_violation_recall": 0.9183673469387755,
  "confusion_matrix": [
    [
      45,
      4
    ],
    [
      12,
      35
    ]
  ]
}