{
  "model": "openai/gpt-4o-mini",
  "directory": "compareCommunities10/t5_2qh2v/t5_2qho4",
  "num_tests": 100,
  "num_successes": 83,
  "batch_size": 10,
  "accuracy": 0.8554216867469879,
  "violation_precision": 0.8571428571428571,
  "non_violation_precision": 0.8536585365853658,
  "violation_recall": 0.8571428571428571,
  "non_violation_recall": 0.8536585365853658,
  "confusion_matrix": [
    [
      35,
      6
    ],
    [
      6,
      36
    ]
  ]
}