{
  "model": "openai/gpt-4o-mini",
  "directory": "compareCommunities5/t5_2vjre/t5_2w2s8",
  "num_tests": 100,
  "num_successes": 92,
  "batch_size": 5,
  "accuracy": 0.7934782608695652,
  "violation_precision": 0.9032258064516129,
  "non_violation_precision": 0.7377049180327869,
  "violation_recall": 0.6363636363636364,
  "non_violation_recall": 0.9375,
  "confusion_matrix": [
    [
      45,
      3
    ],
    [
      16,
      28
    ]
  ]
}