{
  "model": "openai/gpt-4o-mini",
  "directory": "compareCommunities5/t5_3onkg/t5_2w2s8",
  "num_tests": 100,
  "num_successes": 82,
  "batch_size": 5,
  "accuracy": 0.8048780487804879,
  "violation_precision": 0.8235294117647058,
  "non_violation_precision": 0.7916666666666666,
  "violation_recall": 0.7368421052631579,
  "non_violation_recall": 0.8636363636363636,
  "confusion_matrix": [
    [
      38,
      6
    ],
    [
      10,
      28
    ]
  ]
}