{
  "model": "openai/gpt-4o-mini",
  "directory": "compareCommunities/t5_2qknd/t5_2xhvq",
  "num_tests": 100,
  "num_successes": 96,
  "batch_size": 20,
  "accuracy": 0.875,
  "violation_precision": 0.8936170212765957,
  "non_violation_precision": 0.8571428571428571,
  "violation_recall": 0.8571428571428571,
  "non_violation_recall": 0.8936170212765957,
  "confusion_matrix": [
    [
      42,
      5
    ],
    [
      7,
      42
    ]
  ]
}