{
  "model": "openai/gpt-4o-mini",
  "directory": "compareCommunities5/t5_2qhff/t5_2sokd",
  "num_tests": 100,
  "num_successes": 93,
  "batch_size": 5,
  "accuracy": 0.7849462365591398,
  "violation_precision": 0.75,
  "non_violation_precision": 0.8222222222222222,
  "violation_recall": 0.8181818181818182,
  "non_violation_recall": 0.7551020408163265,
  "confusion_matrix": [
    [
      37,
      12
    ],
    [
      8,
      36
    ]
  ]
}