{
  "model": "openai/gpt-4o-mini",
  "directory": "compareCommunities10/t5_2qho4/t5_2sokd",
  "num_tests": 100,
  "num_successes": 90,
  "batch_size": 10,
  "accuracy": 0.8444444444444444,
  "violation_precision": 0.868421052631579,
  "non_violation_precision": 0.8269230769230769,
  "violation_recall": 0.7857142857142857,
  "non_violation_recall": 0.8958333333333334,
  "confusion_matrix": [
    [
      43,
      5
    ],
    [
      9,
      33
    ]
  ]
}