{
  "model": "openai/gpt-4o-mini",
  "directory": "compareCommunities5/t5_3cr3o/t5_2vq0w",
  "num_tests": 100,
  "num_successes": 92,
  "batch_size": 5,
  "accuracy": 0.8586956521739131,
  "violation_precision": 0.8431372549019608,
  "non_violation_precision": 0.8780487804878049,
  "violation_recall": 0.8958333333333334,
  "non_violation_recall": 0.8181818181818182,
  "confusion_matrix": [
    [
      36,
      8
    ],
    [
      5,
      43
    ]
  ]
}