{
  "model": "openai/gpt-4o-mini",
  "directory": "compareCommunities10/t5_3onkg/t5_2we2n",
  "num_tests": 100,
  "num_successes": 71,
  "batch_size": 10,
  "accuracy": 0.8169014084507042,
  "violation_precision": 0.8888888888888888,
  "non_violation_precision": 0.7727272727272727,
  "violation_recall": 0.7058823529411765,
  "non_violation_recall": 0.918918918918919,
  "confusion_matrix": [
    [
      34,
      3
    ],
    [
      10,
      24
    ]
  ]
}