{
  "model": "openai/gpt-4o-mini",
  "directory": "compareCommunities10/t5_2te6p/t5_2vjre",
  "num_tests": 100,
  "num_successes": 90,
  "batch_size": 10,
  "accuracy": 0.8666666666666667,
  "violation_precision": 0.8478260869565217,
  "non_violation_precision": 0.8863636363636364,
  "violation_recall": 0.8863636363636364,
  "non_violation_recall": 0.8478260869565217,
  "confusion_matrix": [
    [
      39,
      7
    ],
    [
      5,
      39
    ]
  ]
}