{
  "model": "openai/gpt-4o-mini",
  "directory": "compareCommunities10/t5_2qhek/t5_2vjre",
  "num_tests": 100,
  "num_successes": 93,
  "batch_size": 10,
  "accuracy": 0.8924731182795699,
  "violation_precision": 0.8723404255319149,
  "non_violation_precision": 0.9130434782608695,
  "violation_recall": 0.9111111111111111,
  "non_violation_recall": 0.875,
  "confusion_matrix": [
    [
      42,
      6
    ],
    [
      4,
      41
    ]
  ]
}