{
  "model": "openai/gpt-oss-120b:free",
  "directory": "compareCommunities/t5_2we2n/t5_2qh3p",
  "num_tests": 100,
  "num_successes": 99,
  "batch_size": 20,
  "accuracy": 0.6060606060606061,
  "violation_precision": 0.5833333333333334,
  "non_violation_precision": 0.6410256410256411,
  "violation_recall": 0.7142857142857143,
  "non_violation_recall": 0.5,
  "confusion_matrix": [
    [
      25,
      25
    ],
    [
      14,
      35
    ]
  ]
}