{
  "model": "openai/gpt-4o-mini",
  "directory": "compareCommunities10/t5_2qknd/t5_2qh2v",
  "num_tests": 100,
  "num_successes": 76,
  "batch_size": 10,
  "accuracy": 0.8421052631578947,
  "violation_precision": 0.8,
  "non_violation_precision": 0.9032258064516129,
  "violation_recall": 0.9230769230769231,
  "non_violation_recall": 0.7567567567567568,
  "confusion_matrix": [
    [
      28,
      9
    ],
    [
      3,
      36
    ]
  ]
}