{
  "model": "openai/gpt-4o-mini",
  "directory": "compareCommunities5/t5_2w2s8/t5_2we2n",
  "num_tests": 100,
  "num_successes": 90,
  "batch_size": 5,
  "accuracy": 0.8222222222222222,
  "violation_precision": 0.8857142857142857,
  "non_violation_precision": 0.7818181818181819,
  "violation_recall": 0.7209302325581395,
  "non_violation_recall": 0.9148936170212766,
  "confusion_matrix": [
    [
      43,
      4
    ],
    [
      12,
      31
    ]
  ]
}