{
  "model": "openai/gpt-4o-mini",
  "directory": "compareCommunities10/t5_2vjre/t5_3d4x4",
  "num_tests": 100,
  "num_successes": 78,
  "batch_size": 10,
  "accuracy": 0.8076923076923077,
  "violation_precision": 0.75,
  "non_violation_precision": 0.8823529411764706,
  "violation_recall": 0.8918918918918919,
  "non_violation_recall": 0.7317073170731707,
  "confusion_matrix": [
    [
      30,
      11
    ],
    [
      4,
      33
    ]
  ]
}