{
  "model": "openai/gpt-4o-mini",
  "directory": "compareCommunities10/t5_2sokd/t5_2qh3p",
  "num_tests": 100,
  "num_successes": 81,
  "batch_size": 10,
  "accuracy": 0.7530864197530864,
  "violation_precision": 0.75,
  "non_violation_precision": 0.7575757575757576,
  "violation_recall": 0.8181818181818182,
  "non_violation_recall": 0.6756756756756757,
  "confusion_matrix": [
    [
      25,
      12
    ],
    [
      8,
      36
    ]
  ]
}