{
  "model": "openai/gpt-4o-mini",
  "directory": "compareCommunities10/t5_2te6p/t5_2sokd",
  "num_tests": 100,
  "num_successes": 90,
  "batch_size": 10,
  "accuracy": 0.7888888888888889,
  "violation_precision": 0.8648648648648649,
  "non_violation_precision": 0.7358490566037735,
  "violation_recall": 0.6956521739130435,
  "non_violation_recall": 0.8863636363636364,
  "confusion_matrix": [
    [
      39,
      5
    ],
    [
      14,
      32
    ]
  ]
}