{
  "model": "openai/gpt-4o-mini",
  "directory": "compareCommunities5/t5_2qh2s/t5_2qh3p",
  "num_tests": 100,
  "num_successes": 97,
  "batch_size": 5,
  "accuracy": 0.7938144329896907,
  "violation_precision": 0.8181818181818182,
  "non_violation_precision": 0.7735849056603774,
  "violation_recall": 0.75,
  "non_violation_recall": 0.8367346938775511,
  "confusion_matrix": [
    [
      41,
      8
    ],
    [
      12,
      36
    ]
  ]
}