{
  "model": "openai/gpt-4o-mini",
  "directory": "compareCommunities10/t5_2rawz/t5_2w2s8",
  "num_tests": 100,
  "num_successes": 90,
  "batch_size": 10,
  "accuracy": 0.7666666666666667,
  "violation_precision": 0.8571428571428571,
  "non_violation_precision": 0.7090909090909091,
  "violation_recall": 0.6521739130434783,
  "non_violation_recall": 0.8863636363636364,
  "confusion_matrix": [
    [
      39,
      5
    ],
    [
      16,
      30
    ]
  ]
}