{
  "model": "openai/gpt-4o-mini",
  "directory": "compareCommunities5/t5_2te6p/t5_2qh2v",
  "num_tests": 100,
  "num_successes": 92,
  "batch_size": 5,
  "accuracy": 0.8913043478260869,
  "violation_precision": 0.86,
  "non_violation_precision": 0.9285714285714286,
  "violation_recall": 0.9347826086956522,
  "non_violation_recall": 0.8478260869565217,
  "confusion_matrix": [
    [
      39,
      7
    ],
    [
      3,
      43
    ]
  ]
}