{
  "model": "openai/gpt-4o-mini",
  "directory": "compareCommunities10/t5_2w2s8/t5_3560n",
  "num_tests": 100,
  "num_successes": 95,
  "batch_size": 10,
  "accuracy": 0.8631578947368421,
  "violation_precision": 0.8666666666666667,
  "non_violation_precision": 0.86,
  "violation_recall": 0.8478260869565217,
  "non_violation_recall": 0.8775510204081632,
  "confusion_matrix": [
    [
      43,
      6
    ],
    [
      7,
      39
    ]
  ]
}