subreddit,accuracy
r/buildapc (t5_2rnve),0.9382507183908046
r/AmItheAsshole (t5_2xhvq),0.8996875000000001
r/China (t5_2qh2v),0.8746875000000001
r/MMORPG (t5_2qlxw),0.874375
r/DestinyTheGame (t5_2vq0w),0.8721875000000002
r/legaladvice (t5_2rawz),0.8677209595959597
r/liberalgunowners (t5_2vjre),0.8467771464646463
r/UFOs (t5_2qhds),0.8346875
r/Dallas (t5_2qnkr),0.8282431534174294
r/Minecraft (t5_2r05i),0.8271338383838384
r/collapse (t5_2qhw9),0.8249431818181817
r/raidsecrets (t5_3560n),0.8243750000000001
r/Christianity (t5_2qh6c),0.8199526515151514
r/texas (t5_2qho4),0.8195982142857143
r/RPClipsGTA (t5_3onkg),0.8036837121212121
r/povertyfinance (t5_hcycg),0.8009374999999999
r/rpg (t5_2qh2s),0.7878125000000004
r/IndiaSpeaks (t5_3d4x4),0.7842739898989898
r/medicine (t5_2qhff),0.7838667929292934
r/ShingekiNoKyojin (t5_2we2n),0.7743815708101421
r/NintendoSwitch (t5_3h47q),0.7670504822711652
r/explainlikeimfive (t5_2sokd),0.7559073795180725
r/MorbidPodcast (t5_10qj6b),0.7558617424242422
r/doctorwho (t5_2qhek),0.7518750000000001
r/mormon (t5_2qky2),0.7504743975903613
r/WaltDisneyWorld (t5_2te6p),0.7497443181818181
r/personalfinance (t5_2qstm),0.7384375
r/Fantasy (t5_2qknd),0.7284375000000001
r/sex (t5_2qh3p),0.7087468434343436
r/changemyview (t5_2w2s8),0.7034375
r/Israel (t5_2qhvo),0.686875
r/AskTrumpSupporters (t5_3cr3o),0.6465624999999999
