{
  "model": "openai/gpt-4o-mini",
  "directory": "compareCommunities5/t5_2sokd/t5_2we2n",
  "num_tests": 100,
  "num_successes": 90,
  "batch_size": 5,
  "accuracy": 0.8222222222222222,
  "violation_precision": 0.8611111111111112,
  "non_violation_precision": 0.7962962962962963,
  "violation_recall": 0.7380952380952381,
  "non_violation_recall": 0.8958333333333334,
  "confusion_matrix": [
    [
      43,
      5
    ],
    [
      11,
      31
    ]
  ]
}