{
  "model": "openai/gpt-4o-mini",
  "directory": "compareCommunities5/t5_2qhff/t5_2qhw9",
  "num_tests": 100,
  "num_successes": 96,
  "batch_size": 5,
  "accuracy": 0.8645833333333334,
  "violation_precision": 0.8333333333333334,
  "non_violation_precision": 0.9047619047619048,
  "violation_recall": 0.9183673469387755,
  "non_violation_recall": 0.8085106382978723,
  "confusion_matrix": [
    [
      38,
      9
    ],
    [
      4,
      45
    ]
  ]
}