{
  "model": "openai/gpt-4o-mini",
  "directory": "compareCommunities5/t5_hcycg/t5_2qh2v",
  "num_tests": 100,
  "num_successes": 87,
  "batch_size": 5,
  "accuracy": 0.8620689655172413,
  "violation_precision": 0.8695652173913043,
  "non_violation_precision": 0.8536585365853658,
  "violation_recall": 0.8695652173913043,
  "non_violation_recall": 0.8536585365853658,
  "confusion_matrix": [
    [
      35,
      6
    ],
    [
      6,
      40
    ]
  ]
}