{
  "model": "openai/gpt-4o-mini",
  "directory": "compareCommunities5/t5_2r05i/t5_2qhw9",
  "num_tests": 100,
  "num_successes": 93,
  "batch_size": 5,
  "accuracy": 0.8279569892473119,
  "violation_precision": 0.851063829787234,
  "non_violation_precision": 0.8043478260869565,
  "violation_recall": 0.8163265306122449,
  "non_violation_recall": 0.8409090909090909,
  "confusion_matrix": [
    [
      37,
      7
    ],
    [
      9,
      40
    ]
  ]
}