{
  "model": "openai/gpt-4o-mini",
  "directory": "compareCommunities5/t5_3560n/t5_hcycg",
  "num_tests": 100,
  "num_successes": 90,
  "batch_size": 5,
  "accuracy": 0.7777777777777778,
  "violation_precision": 0.8333333333333334,
  "non_violation_precision": 0.7407407407407407,
  "violation_recall": 0.6818181818181818,
  "non_violation_recall": 0.8695652173913043,
  "confusion_matrix": [
    [
      40,
      6
    ],
    [
      14,
      30
    ]
  ]
}