{
  "model": "openai/gpt-oss-120b:free",
  "directory": "t5_2qhw9_to_t5_2w2s8",
  "num_tests": 100,
  "num_successes": 100,
  "batch_size": 20,
  "accuracy": 0.86,
  "violation_precision": 0.9318181818181818,
  "non_violation_precision": 0.8035714285714286,
  "violation_recall": 0.7884615384615384,
  "non_violation_recall": 0.9375,
  "confusion_matrix": [
    [
      45,
      3
    ],
    [
      11,
      41
    ]
  ]
}