{
  "model": "openai/gpt-4o-mini",
  "directory": "compareCommunities5/t5_2qh6c/t5_2w2s8",
  "num_tests": 100,
  "num_successes": 87,
  "batch_size": 5,
  "accuracy": 0.7931034482758621,
  "violation_precision": 0.8157894736842105,
  "non_violation_precision": 0.7755102040816326,
  "violation_recall": 0.7380952380952381,
  "non_violation_recall": 0.8444444444444444,
  "confusion_matrix": [
    [
      38,
      7
    ],
    [
      11,
      31
    ]
  ]
}