{
  "model": "openai/gpt-4o-mini",
  "directory": "compareCommunities5/t5_2qhff/t5_2qknd",
  "num_tests": 100,
  "num_successes": 91,
  "batch_size": 5,
  "accuracy": 0.7912087912087912,
  "violation_precision": 0.9629629629629629,
  "non_violation_precision": 0.71875,
  "violation_recall": 0.5909090909090909,
  "non_violation_recall": 0.9787234042553191,
  "confusion_matrix": [
    [
      46,
      1
    ],
    [
      18,
      26
    ]
  ]
}