{
  "model": "openai/gpt-4o-mini",
  "directory": "compareCommunities10/t5_2xhvq/t5_2qho4",
  "num_tests": 100,
  "num_successes": 78,
  "batch_size": 10,
  "accuracy": 0.8717948717948718,
  "violation_precision": 0.8648648648648649,
  "non_violation_precision": 0.8780487804878049,
  "violation_recall": 0.8648648648648649,
  "non_violation_recall": 0.8780487804878049,
  "confusion_matrix": [
    [
      36,
      5
    ],
    [
      5,
      32
    ]
  ]
}