{
  "model": "openai/gpt-4o-mini",
  "directory": "compareCommunities10/t5_2qhw9/t5_2sokd",
  "num_tests": 100,
  "num_successes": 77,
  "batch_size": 10,
  "accuracy": 0.8311688311688312,
  "violation_precision": 0.84375,
  "non_violation_precision": 0.8222222222222222,
  "violation_recall": 0.7714285714285715,
  "non_violation_recall": 0.8809523809523809,
  "confusion_matrix": [
    [
      37,
      5
    ],
    [
      8,
      27
    ]
  ]
}