{
  "model": "openai/gpt-4o-mini",
  "directory": "compareCommunities5/t5_2xhvq/t5_2qh3p",
  "num_tests": 100,
  "num_successes": 98,
  "batch_size": 5,
  "accuracy": 0.8367346938775511,
  "violation_precision": 0.7894736842105263,
  "non_violation_precision": 0.9024390243902439,
  "violation_recall": 0.9183673469387755,
  "non_violation_recall": 0.7551020408163265,
  "confusion_matrix": [
    [
      37,
      12
    ],
    [
      4,
      45
    ]
  ]
}