{
  "model": "openai/gpt-4o-mini",
  "directory": "compareCommunities10/t5_2sokd/t5_2r05i",
  "num_tests": 100,
  "num_successes": 85,
  "batch_size": 10,
  "accuracy": 0.8823529411764706,
  "violation_precision": 0.9705882352941176,
  "non_violation_precision": 0.8235294117647058,
  "violation_recall": 0.7857142857142857,
  "non_violation_recall": 0.9767441860465116,
  "confusion_matrix": [
    [
      42,
      1
    ],
    [
      9,
      33
    ]
  ]
}