{
  "model": "openai/gpt-4o-mini",
  "directory": "compareCommunities5/t5_2sokd/t5_2qh6c",
  "num_tests": 100,
  "num_successes": 91,
  "batch_size": 5,
  "accuracy": 0.8241758241758241,
  "violation_precision": 0.7457627118644068,
  "non_violation_precision": 0.96875,
  "violation_recall": 0.9777777777777777,
  "non_violation_recall": 0.6739130434782609,
  "confusion_matrix": [
    [
      31,
      15
    ],
    [
      1,
      44
    ]
  ]
}