{
  "model": "openai/gpt-4o-mini",
  "directory": "compareCommunities10/t5_2r05i/t5_2vq0w",
  "num_tests": 100,
  "num_successes": 71,
  "batch_size": 10,
  "accuracy": 0.8591549295774648,
  "violation_precision": 0.8484848484848485,
  "non_violation_precision": 0.868421052631579,
  "violation_recall": 0.8484848484848485,
  "non_violation_recall": 0.868421052631579,
  "confusion_matrix": [
    [
      33,
      5
    ],
    [
      5,
      28
    ]
  ]
}