{
  "model": "openai/gpt-oss-120b:free",
  "directory": "compareCommunities/t5_2qky2/t5_2qh3p",
  "num_tests": 100,
  "num_successes": 99,
  "batch_size": 20,
  "accuracy": 0.7575757575757576,
  "violation_precision": 0.8787878787878788,
  "non_violation_precision": 0.696969696969697,
  "violation_recall": 0.5918367346938775,
  "non_violation_recall": 0.92,
  "confusion_matrix": [
    [
      46,
      4
    ],
    [
      20,
      29
    ]
  ]
}