{
  "model": "openai/gpt-4o-mini",
  "directory": "compareCommunities10/t5_2r05i/t5_3560n",
  "num_tests": 100,
  "num_successes": 96,
  "batch_size": 10,
  "accuracy": 0.8229166666666666,
  "violation_precision": 0.8409090909090909,
  "non_violation_precision": 0.8076923076923077,
  "violation_recall": 0.7872340425531915,
  "non_violation_recall": 0.8571428571428571,
  "confusion_matrix": [
    [
      42,
      7
    ],
    [
      10,
      37
    ]
  ]
}