{
  "model": "openai/gpt-oss-120b:free",
  "directory": "compareCommunities/t5_2qhw9/t5_2we2n",
  "num_tests": 100,
  "num_successes": 99,
  "batch_size": 20,
  "accuracy": 0.8080808080808081,
  "violation_precision": 0.8947368421052632,
  "non_violation_precision": 0.7540983606557377,
  "violation_recall": 0.6938775510204082,
  "non_violation_recall": 0.92,
  "confusion_matrix": [
    [
      46,
      4
    ],
    [
      15,
      34
    ]
  ]
}