{
  "model": "openai/gpt-4o-mini",
  "directory": "compareCommunities10/t5_3onkg/t5_2vq0w",
  "num_tests": 100,
  "num_successes": 74,
  "batch_size": 10,
  "accuracy": 0.8783783783783784,
  "violation_precision": 0.8823529411764706,
  "non_violation_precision": 0.875,
  "violation_recall": 0.8571428571428571,
  "non_violation_recall": 0.8974358974358975,
  "confusion_matrix": [
    [
      35,
      4
    ],
    [
      5,
      30
    ]
  ]
}