{
  "model": "openai/gpt-4o-mini",
  "directory": "compareCommunities10/t5_2qlxw/t5_2w2s8",
  "num_tests": 100,
  "num_successes": 90,
  "batch_size": 10,
  "accuracy": 0.8222222222222222,
  "violation_precision": 0.8947368421052632,
  "non_violation_precision": 0.7692307692307693,
  "violation_recall": 0.7391304347826086,
  "non_violation_recall": 0.9090909090909091,
  "confusion_matrix": [
    [
      40,
      4
    ],
    [
      12,
      34
    ]
  ]
}