{
  "model": "openai/gpt-4o-mini",
  "directory": "compareCommunities5/t5_2qhvo/t5_3onkg",
  "num_tests": 100,
  "num_successes": 92,
  "batch_size": 5,
  "accuracy": 0.8369565217391305,
  "violation_precision": 0.7843137254901961,
  "non_violation_precision": 0.9024390243902439,
  "violation_recall": 0.9090909090909091,
  "non_violation_recall": 0.7708333333333334,
  "confusion_matrix": [
    [
      37,
      11
    ],
    [
      4,
      40
    ]
  ]
}