{
  "model": "openai/gpt-4o-mini",
  "directory": "compareCommunities5/t5_3h47q/t5_hcycg",
  "num_tests": 100,
  "num_successes": 93,
  "batch_size": 5,
  "accuracy": 0.8172043010752689,
  "violation_precision": 0.9117647058823529,
  "non_violation_precision": 0.7627118644067796,
  "violation_recall": 0.6888888888888889,
  "non_violation_recall": 0.9375,
  "confusion_matrix": [
    [
      45,
      3
    ],
    [
      14,
      31
    ]
  ]
}