{
  "model": "openai/gpt-4o-mini",
  "directory": "compareCommunities5/t5_10qj6b/t5_2sokd",
  "num_tests": 100,
  "num_successes": 93,
  "batch_size": 5,
  "accuracy": 0.7741935483870968,
  "violation_precision": 0.7555555555555555,
  "non_violation_precision": 0.7916666666666666,
  "violation_recall": 0.7727272727272727,
  "non_violation_recall": 0.7755102040816326,
  "confusion_matrix": [
    [
      38,
      11
    ],
    [
      10,
      34
    ]
  ]
}