{
  "model": "openai/gpt-4o-mini",
  "directory": "compareCommunities10/t5_2qh2s/t5_2qhvo",
  "num_tests": 100,
  "num_successes": 54,
  "batch_size": 10,
  "accuracy": 0.8148148148148148,
  "violation_precision": 0.8888888888888888,
  "non_violation_precision": 0.7777777777777778,
  "violation_recall": 0.6666666666666666,
  "non_violation_recall": 0.9333333333333333,
  "confusion_matrix": [
    [
      28,
      2
    ],
    [
      8,
      16
    ]
  ]
}