{
  "model": "openai/gpt-4o-mini",
  "directory": "compareCommunities5/t5_2qhek/t5_2vq0w",
  "num_tests": 100,
  "num_successes": 94,
  "batch_size": 5,
  "accuracy": 0.8723404255319149,
  "violation_precision": 0.8301886792452831,
  "non_violation_precision": 0.926829268292683,
  "violation_recall": 0.9361702127659575,
  "non_violation_recall": 0.8085106382978723,
  "confusion_matrix": [
    [
      38,
      9
    ],
    [
      3,
      44
    ]
  ]
}