{
  "model": "openai/gpt-4o-mini",
  "directory": "compareCommunities5/t5_2rawz/t5_2qhff",
  "num_tests": 100,
  "num_successes": 82,
  "batch_size": 5,
  "accuracy": 0.7926829268292683,
  "violation_precision": 0.7954545454545454,
  "non_violation_precision": 0.7894736842105263,
  "violation_recall": 0.813953488372093,
  "non_violation_recall": 0.7692307692307693,
  "confusion_matrix": [
    [
      30,
      9
    ],
    [
      8,
      35
    ]
  ]
}