{
  "model": "openai/gpt-4o-mini",
  "directory": "compareCommunities5/t5_2qhek/t5_2qhw9",
  "num_tests": 100,
  "num_successes": 91,
  "batch_size": 5,
  "accuracy": 0.7912087912087912,
  "violation_precision": 0.7692307692307693,
  "non_violation_precision": 0.8205128205128205,
  "violation_recall": 0.851063829787234,
  "non_violation_recall": 0.7272727272727273,
  "confusion_matrix": [
    [
      32,
      12
    ],
    [
      7,
      40
    ]
  ]
}