{
  "model": "openai/gpt-4o-mini",
  "directory": "compareCommunities10/t5_2qknd/t5_2qlxw",
  "num_tests": 100,
  "num_successes": 91,
  "batch_size": 10,
  "accuracy": 0.8791208791208791,
  "violation_precision": 0.8301886792452831,
  "non_violation_precision": 0.9473684210526315,
  "violation_recall": 0.9565217391304348,
  "non_violation_recall": 0.8,
  "confusion_matrix": [
    [
      36,
      9
    ],
    [
      2,
      44
    ]
  ]
}