{
  "model": "openai/gpt-4o-mini",
  "directory": "compareCommunities10/t5_2qlxw/t5_2qh2s",
  "num_tests": 100,
  "num_successes": 78,
  "batch_size": 10,
  "accuracy": 0.8076923076923077,
  "violation_precision": 0.8666666666666667,
  "non_violation_precision": 0.7708333333333334,
  "violation_recall": 0.7027027027027027,
  "non_violation_recall": 0.9024390243902439,
  "confusion_matrix": [
    [
      37,
      4
    ],
    [
      11,
      26
    ]
  ]
}