{
  "model": "openai/gpt-4o-mini",
  "directory": "compareCommunities5/t5_2qhff/t5_2qhek",
  "num_tests": 100,
  "num_successes": 94,
  "batch_size": 5,
  "accuracy": 0.851063829787234,
  "violation_precision": 0.9444444444444444,
  "non_violation_precision": 0.7931034482758621,
  "violation_recall": 0.7391304347826086,
  "non_violation_recall": 0.9583333333333334,
  "confusion_matrix": [
    [
      46,
      2
    ],
    [
      12,
      34
    ]
  ]
}