{
  "model": "openai/gpt-4o-mini",
  "directory": "compareCommunities10/t5_3onkg/t5_2qlxw",
  "num_tests": 100,
  "num_successes": 91,
  "batch_size": 10,
  "accuracy": 0.9230769230769231,
  "violation_precision": 0.9090909090909091,
  "non_violation_precision": 0.9361702127659575,
  "violation_recall": 0.9302325581395349,
  "non_violation_recall": 0.9166666666666666,
  "confusion_matrix": [
    [
      44,
      4
    ],
    [
      3,
      40
    ]
  ]
}