{
  "model": "openai/gpt-4o-mini",
  "directory": "compareCommunities10/t5_3cr3o/t5_2vq0w",
  "num_tests": 100,
  "num_successes": 77,
  "batch_size": 10,
  "accuracy": 0.8831168831168831,
  "violation_precision": 0.8717948717948718,
  "non_violation_precision": 0.8947368421052632,
  "violation_recall": 0.8947368421052632,
  "non_violation_recall": 0.8717948717948718,
  "confusion_matrix": [
    [
      34,
      5
    ],
    [
      4,
      34
    ]
  ]
}