{
  "model": "openai/gpt-4o-mini",
  "directory": "compareCommunities10/t5_2sokd/t5_3560n",
  "num_tests": 100,
  "num_successes": 87,
  "batch_size": 10,
  "accuracy": 0.8275862068965517,
  "violation_precision": 0.85,
  "non_violation_precision": 0.8085106382978723,
  "violation_recall": 0.7906976744186046,
  "non_violation_recall": 0.8636363636363636,
  "confusion_matrix": [
    [
      38,
      6
    ],
    [
      9,
      34
    ]
  ]
}