{
  "model": "openai/gpt-4o-mini",
  "directory": "compareCommunities10/t5_2qstm/t5_2qhds",
  "num_tests": 100,
  "num_successes": 92,
  "batch_size": 10,
  "accuracy": 0.8369565217391305,
  "violation_precision": 0.918918918918919,
  "non_violation_precision": 0.7818181818181819,
  "violation_recall": 0.7391304347826086,
  "non_violation_recall": 0.9347826086956522,
  "confusion_matrix": [
    [
      43,
      3
    ],
    [
      12,
      34
    ]
  ]
}