{
  "model": "openai/gpt-4o-mini",
  "directory": "compareCommunities10/t5_2r05i/t5_2sokd",
  "num_tests": 100,
  "num_successes": 89,
  "batch_size": 10,
  "accuracy": 0.8876404494382022,
  "violation_precision": 0.9047619047619048,
  "non_violation_precision": 0.8723404255319149,
  "violation_recall": 0.8636363636363636,
  "non_violation_recall": 0.9111111111111111,
  "confusion_matrix": [
    [
      41,
      4
    ],
    [
      6,
      38
    ]
  ]
}