{
  "model": "openai/gpt-4o-mini",
  "directory": "compareCommunities5/t5_2qhvo/t5_2qky2",
  "num_tests": 100,
  "num_successes": 81,
  "batch_size": 5,
  "accuracy": 0.7283950617283951,
  "violation_precision": 0.6379310344827587,
  "non_violation_precision": 0.9565217391304348,
  "violation_recall": 0.9736842105263158,
  "non_violation_recall": 0.5116279069767442,
  "confusion_matrix": [
    [
      22,
      21
    ],
    [
      1,
      37
    ]
  ]
}