{
  "model": "openai/gpt-4o-mini",
  "directory": "compareCommunities5/t5_10qj6b/t5_2qh6c",
  "num_tests": 100,
  "num_successes": 79,
  "batch_size": 5,
  "accuracy": 0.810126582278481,
  "violation_precision": 0.7631578947368421,
  "non_violation_precision": 0.8536585365853658,
  "violation_recall": 0.8285714285714286,
  "non_violation_recall": 0.7954545454545454,
  "confusion_matrix": [
    [
      35,
      9
    ],
    [
      6,
      29
    ]
  ]
}