{
  "model": "openai/gpt-4o-mini",
  "directory": "compareCommunities10/t5_2rnve/t5_2qhff",
  "num_tests": 100,
  "num_successes": 78,
  "batch_size": 10,
  "accuracy": 0.8717948717948718,
  "violation_precision": 0.7954545454545454,
  "non_violation_precision": 0.9705882352941176,
  "violation_recall": 0.9722222222222222,
  "non_violation_recall": 0.7857142857142857,
  "confusion_matrix": [
    [
      33,
      9
    ],
    [
      1,
      35
    ]
  ]
}