{
  "model": "openai/gpt-4o-mini",
  "directory": "compareCommunities5/t5_2sokd/t5_2qhek",
  "num_tests": 100,
  "num_successes": 99,
  "batch_size": 5,
  "accuracy": 0.797979797979798,
  "violation_precision": 0.8409090909090909,
  "non_violation_precision": 0.7636363636363637,
  "violation_recall": 0.74,
  "non_violation_recall": 0.8571428571428571,
  "confusion_matrix": [
    [
      42,
      7
    ],
    [
      13,
      37
    ]
  ]
}