{
  "model": "openai/gpt-4o-mini",
  "directory": "compareCommunities10/t5_2sokd/t5_2qhw9",
  "num_tests": 100,
  "num_successes": 84,
  "batch_size": 10,
  "accuracy": 0.8571428571428571,
  "violation_precision": 0.8541666666666666,
  "non_violation_precision": 0.8611111111111112,
  "violation_recall": 0.8913043478260869,
  "non_violation_recall": 0.8157894736842105,
  "confusion_matrix": [
    [
      31,
      7
    ],
    [
      5,
      41
    ]
  ]
}