{
  "model": "openai/gpt-4o-mini",
  "directory": "compareCommunities10/t5_2qh6c/t5_3560n",
  "num_tests": 100,
  "num_successes": 82,
  "batch_size": 10,
  "accuracy": 0.8414634146341463,
  "violation_precision": 0.8611111111111112,
  "non_violation_precision": 0.8260869565217391,
  "violation_recall": 0.7948717948717948,
  "non_violation_recall": 0.8837209302325582,
  "confusion_matrix": [
    [
      38,
      5
    ],
    [
      8,
      31
    ]
  ]
}