{
  "model": "openai/gpt-4o-mini",
  "directory": "compareCommunities5/t5_2vq0w/t5_hcycg",
  "num_tests": 100,
  "num_successes": 94,
  "batch_size": 5,
  "accuracy": 0.7872340425531915,
  "violation_precision": 0.8857142857142857,
  "non_violation_precision": 0.7288135593220338,
  "violation_recall": 0.6595744680851063,
  "non_violation_recall": 0.9148936170212766,
  "confusion_matrix": [
    [
      43,
      4
    ],
    [
      16,
      31
    ]
  ]
}