{
  "model": "openai/gpt-4o-mini",
  "directory": "compareCommunities5/t5_2w2s8/t5_2qh3p",
  "num_tests": 100,
  "num_successes": 92,
  "batch_size": 5,
  "accuracy": 0.7934782608695652,
  "violation_precision": 0.7368421052631579,
  "non_violation_precision": 0.8857142857142857,
  "violation_recall": 0.9130434782608695,
  "non_violation_recall": 0.6739130434782609,
  "confusion_matrix": [
    [
      31,
      15
    ],
    [
      4,
      42
    ]
  ]
}