{
  "model": "openai/gpt-4o-mini",
  "directory": "compareCommunities10/t5_2w2s8/t5_2qhw9",
  "num_tests": 100,
  "num_successes": 66,
  "batch_size": 10,
  "accuracy": 0.8636363636363636,
  "violation_precision": 0.9090909090909091,
  "non_violation_precision": 0.8181818181818182,
  "violation_recall": 0.8333333333333334,
  "non_violation_recall": 0.9,
  "confusion_matrix": [
    [
      27,
      3
    ],
    [
      6,
      30
    ]
  ]
}