{
  "model": "openai/gpt-4o-mini",
  "directory": "compareCommunities5/t5_2qh2v/t5_2w2s8",
  "num_tests": 100,
  "num_successes": 82,
  "batch_size": 5,
  "accuracy": 0.7804878048780488,
  "violation_precision": 0.8529411764705882,
  "non_violation_precision": 0.7291666666666666,
  "violation_recall": 0.6904761904761905,
  "non_violation_recall": 0.875,
  "confusion_matrix": [
    [
      35,
      5
    ],
    [
      13,
      29
    ]
  ]
}