{
  "model": "openai/gpt-4o-mini",
  "directory": "compareCommunities5/t5_3560n/t5_2qhff",
  "num_tests": 100,
  "num_successes": 82,
  "batch_size": 5,
  "accuracy": 0.8658536585365854,
  "violation_precision": 0.8478260869565217,
  "non_violation_precision": 0.8888888888888888,
  "violation_recall": 0.9069767441860465,
  "non_violation_recall": 0.8205128205128205,
  "confusion_matrix": [
    [
      32,
      7
    ],
    [
      4,
      39
    ]
  ]
}