{
  "model": "openai/gpt-4o-mini",
  "directory": "compareCommunities5/t5_2qhff/t5_2qh6c",
  "num_tests": 100,
  "num_successes": 73,
  "batch_size": 5,
  "accuracy": 0.726027397260274,
  "violation_precision": 0.6136363636363636,
  "non_violation_precision": 0.896551724137931,
  "violation_recall": 0.9,
  "non_violation_recall": 0.6046511627906976,
  "confusion_matrix": [
    [
      26,
      17
    ],
    [
      3,
      27
    ]
  ]
}