{
  "model": "openai/gpt-4o-mini",
  "directory": "compareCommunities10/t5_2qlxw/t5_10qj6b",
  "num_tests": 100,
  "num_successes": 92,
  "batch_size": 10,
  "accuracy": 0.7717391304347826,
  "violation_precision": 0.7777777777777778,
  "non_violation_precision": 0.7659574468085106,
  "violation_recall": 0.7608695652173914,
  "non_violation_recall": 0.782608695652174,
  "confusion_matrix": [
    [
      36,
      10
    ],
    [
      11,
      35
    ]
  ]
}