{
  "model": "openai/gpt-4o-mini",
  "directory": "compareCommunities10/t5_2vq0w/t5_2qh3p",
  "num_tests": 100,
  "num_successes": 85,
  "batch_size": 10,
  "accuracy": 0.8235294117647058,
  "violation_precision": 0.803921568627451,
  "non_violation_precision": 0.8529411764705882,
  "violation_recall": 0.8913043478260869,
  "non_violation_recall": 0.7435897435897436,
  "confusion_matrix": [
    [
      29,
      10
    ],
    [
      5,
      41
    ]
  ]
}