{
  "model": "openai/gpt-4o-mini",
  "directory": "compareCommunities5/t5_2rnve/t5_2qhff",
  "num_tests": 100,
  "num_successes": 77,
  "batch_size": 5,
  "accuracy": 0.8181818181818182,
  "violation_precision": 0.7727272727272727,
  "non_violation_precision": 0.8787878787878788,
  "violation_recall": 0.8947368421052632,
  "non_violation_recall": 0.7435897435897436,
  "confusion_matrix": [
    [
      29,
      10
    ],
    [
      4,
      34
    ]
  ]
}