{
  "model": "openai/gpt-4o-mini",
  "directory": "compareCommunities5/t5_2te6p/t5_2qknd",
  "num_tests": 100,
  "num_successes": 88,
  "batch_size": 5,
  "accuracy": 0.75,
  "violation_precision": 0.9565217391304348,
  "non_violation_precision": 0.676923076923077,
  "violation_recall": 0.5116279069767442,
  "non_violation_recall": 0.9777777777777777,
  "confusion_matrix": [
    [
      44,
      1
    ],
    [
      21,
      22
    ]
  ]
}