{
  "model": "openai/gpt-4o-mini",
  "directory": "compareCommunities10/t5_2qh6c/t5_2qhff",
  "num_tests": 100,
  "num_successes": 88,
  "batch_size": 10,
  "accuracy": 0.875,
  "violation_precision": 0.8604651162790697,
  "non_violation_precision": 0.8888888888888888,
  "violation_recall": 0.8809523809523809,
  "non_violation_recall": 0.8695652173913043,
  "confusion_matrix": [
    [
      40,
      6
    ],
    [
      5,
      37
    ]
  ]
}