{
  "model": "openai/gpt-4o-mini",
  "directory": "compareCommunities5/t5_2qhds/t5_2qh2v",
  "num_tests": 100,
  "num_successes": 91,
  "batch_size": 5,
  "accuracy": 0.9010989010989011,
  "violation_precision": 0.8958333333333334,
  "non_violation_precision": 0.9069767441860465,
  "violation_recall": 0.9148936170212766,
  "non_violation_recall": 0.8863636363636364,
  "confusion_matrix": [
    [
      39,
      5
    ],
    [
      4,
      43
    ]
  ]
}