{
  "model": "openai/gpt-4o-mini",
  "directory": "compareCommunities10/t5_2qh2s/t5_hcycg",
  "num_tests": 100,
  "num_successes": 91,
  "batch_size": 10,
  "accuracy": 0.7582417582417582,
  "violation_precision": 0.9,
  "non_violation_precision": 0.6885245901639344,
  "violation_recall": 0.5869565217391305,
  "non_violation_recall": 0.9333333333333333,
  "confusion_matrix": [
    [
      42,
      3
    ],
    [
      19,
      27
    ]
  ]
}