{
  "model": "openai/gpt-4o-mini",
  "directory": "compareCommunities5/t5_3onkg/t5_2qky2",
  "num_tests": 100,
  "num_successes": 82,
  "batch_size": 5,
  "accuracy": 0.7926829268292683,
  "violation_precision": 0.8055555555555556,
  "non_violation_precision": 0.782608695652174,
  "violation_recall": 0.7435897435897436,
  "non_violation_recall": 0.8372093023255814,
  "confusion_matrix": [
    [
      36,
      7
    ],
    [
      10,
      29
    ]
  ]
}