{
  "model": "openai/gpt-4o-mini",
  "directory": "compareCommunities5/t5_hcycg/t5_2w2s8",
  "num_tests": 100,
  "num_successes": 90,
  "batch_size": 5,
  "accuracy": 0.8,
  "violation_precision": 0.8461538461538461,
  "non_violation_precision": 0.7647058823529411,
  "violation_recall": 0.7333333333333333,
  "non_violation_recall": 0.8666666666666667,
  "confusion_matrix": [
    [
      39,
      6
    ],
    [
      12,
      33
    ]
  ]
}