{
  "model": "qwen3:14b",
  "prompt": "SixShot-RANDOMTEST-2.0",
  "num_tests": 100,
  "num_successes": 97,
  "batch_size": 20,
  "accuracy": 0.845360824742268,
  "violation_precision": 0.926829268292683,
  "non_violation_precision": 0.7857142857142857,
  "violation_recall": 0.76,
  "non_violation_recall": 0.9361702127659575,
  "confusion_matrix": [
    [
      44,
      3
    ],
    [
      12,
      38
    ]
  ]
}