{
  "model": "openai/gpt-4o-mini",
  "directory": "compareCommunities5/t5_2rawz/t5_2w2s8",
  "num_tests": 100,
  "num_successes": 91,
  "batch_size": 5,
  "accuracy": 0.8021978021978022,
  "violation_precision": 0.8888888888888888,
  "non_violation_precision": 0.7454545454545455,
  "violation_recall": 0.6956521739130435,
  "non_violation_recall": 0.9111111111111111,
  "confusion_matrix": [
    [
      41,
      4
    ],
    [
      14,
      32
    ]
  ]
}