{
  "model": "openai/gpt-4o-mini",
  "directory": "compareCommunities5/t5_3onkg/t5_2qhvo",
  "num_tests": 100,
  "num_successes": 79,
  "batch_size": 5,
  "accuracy": 0.7088607594936709,
  "violation_precision": 0.7352941176470589,
  "non_violation_precision": 0.6888888888888889,
  "violation_recall": 0.6410256410256411,
  "non_violation_recall": 0.775,
  "confusion_matrix": [
    [
      31,
      9
    ],
    [
      14,
      25
    ]
  ]
}