{
  "model": "openai/gpt-4o-mini",
  "directory": "compareCommunities5/t5_3cr3o/t5_2w2s8",
  "num_tests": 100,
  "num_successes": 84,
  "batch_size": 5,
  "accuracy": 0.8214285714285714,
  "violation_precision": 0.76,
  "non_violation_precision": 0.9117647058823529,
  "violation_recall": 0.926829268292683,
  "non_violation_recall": 0.7209302325581395,
  "confusion_matrix": [
    [
      31,
      12
    ],
    [
      3,
      38
    ]
  ]
}