{
  "model": "openai/gpt-4o-mini",
  "directory": "compareCommunities5/t5_2qh2s/t5_2w2s8",
  "num_tests": 100,
  "num_successes": 86,
  "batch_size": 5,
  "accuracy": 0.8023255813953488,
  "violation_precision": 0.8611111111111112,
  "non_violation_precision": 0.76,
  "violation_recall": 0.7209302325581395,
  "non_violation_recall": 0.8837209302325582,
  "confusion_matrix": [
    [
      38,
      5
    ],
    [
      12,
      31
    ]
  ]
}