{
  "model": "openai/gpt-4o-mini",
  "directory": "compareCommunities5/t5_2vjre/t5_2vq0w",
  "num_tests": 100,
  "num_successes": 92,
  "batch_size": 5,
  "accuracy": 0.8369565217391305,
  "violation_precision": 0.851063829787234,
  "non_violation_precision": 0.8222222222222222,
  "violation_recall": 0.8333333333333334,
  "non_violation_recall": 0.8409090909090909,
  "confusion_matrix": [
    [
      37,
      7
    ],
    [
      8,
      40
    ]
  ]
}