{
  "model": "openai/gpt-oss-120b:free",
  "directory": "compareCommunities/t5_2sokd/t5_3h47q",
  "num_tests": 100,
  "num_successes": 99,
  "batch_size": 20,
  "accuracy": 0.7777777777777778,
  "violation_precision": 0.8888888888888888,
  "non_violation_precision": 0.7142857142857143,
  "violation_recall": 0.64,
  "non_violation_recall": 0.9183673469387755,
  "confusion_matrix": [
    [
      45,
      4
    ],
    [
      18,
      32
    ]
  ]
}