{
  "model": "openai/gpt-4o-mini",
  "directory": "compareCommunities10/t5_2qh2v/t5_2r05i",
  "num_tests": 100,
  "num_successes": 98,
  "batch_size": 10,
  "accuracy": 0.8775510204081632,
  "violation_precision": 0.9743589743589743,
  "non_violation_precision": 0.8135593220338984,
  "violation_recall": 0.7755102040816326,
  "non_violation_recall": 0.9795918367346939,
  "confusion_matrix": [
    [
      48,
      1
    ],
    [
      11,
      38
    ]
  ]
}