{
  "model": "openai/gpt-4o-mini",
  "directory": "compareCommunities5/t5_2qh6c/t5_hcycg",
  "num_tests": 100,
  "num_successes": 89,
  "batch_size": 5,
  "accuracy": 0.797752808988764,
  "violation_precision": 0.9333333333333333,
  "non_violation_precision": 0.7288135593220338,
  "violation_recall": 0.6363636363636364,
  "non_violation_recall": 0.9555555555555556,
  "confusion_matrix": [
    [
      43,
      2
    ],
    [
      16,
      28
    ]
  ]
}