{
  "model": "openai/gpt-4o-mini",
  "directory": "compareCommunities5/t5_2sokd/t5_2qhff",
  "num_tests": 100,
  "num_successes": 81,
  "batch_size": 5,
  "accuracy": 0.8148148148148148,
  "violation_precision": 0.8043478260869565,
  "non_violation_precision": 0.8285714285714286,
  "violation_recall": 0.8604651162790697,
  "non_violation_recall": 0.7631578947368421,
  "confusion_matrix": [
    [
      29,
      9
    ],
    [
      6,
      37
    ]
  ]
}