{
  "model": "llama3.1:8b",
  "prompt": "SixShot-RANDOMTEST-2.0",
  "num_tests": 100,
  "num_successes": 91,
  "batch_size": 20,
  "accuracy": 0.6813186813186813,
  "violation_precision": 0.6666666666666666,
  "non_violation_precision": 0.7027027027027027,
  "violation_recall": 0.7659574468085106,
  "non_violation_recall": 0.5909090909090909,
  "confusion_matrix": [
    [
      26,
      18
    ],
    [
      11,
      36
    ]
  ]
}