{
  "model": "openai/gpt-4o-mini",
  "directory": "compareCommunities5/t5_3d4x4/t5_hcycg",
  "num_tests": 100,
  "num_successes": 90,
  "batch_size": 5,
  "accuracy": 0.7777777777777778,
  "violation_precision": 0.875,
  "non_violation_precision": 0.7241379310344828,
  "violation_recall": 0.6363636363636364,
  "non_violation_recall": 0.9130434782608695,
  "confusion_matrix": [
    [
      42,
      4
    ],
    [
      16,
      28
    ]
  ]
}