{
  "model": "openai/gpt-4o-mini",
  "directory": "compareCommunities10/t5_3d4x4/t5_2qh6c",
  "num_tests": 100,
  "num_successes": 88,
  "batch_size": 10,
  "accuracy": 0.8295454545454546,
  "violation_precision": 0.7608695652173914,
  "non_violation_precision": 0.9047619047619048,
  "violation_recall": 0.8974358974358975,
  "non_violation_recall": 0.7755102040816326,
  "confusion_matrix": [
    [
      38,
      11
    ],
    [
      4,
      35
    ]
  ]
}