{
  "model": "openai/gpt-4o-mini",
  "directory": "compareCommunities10/t5_2vjre/t5_2qhds",
  "num_tests": 100,
  "num_successes": 88,
  "batch_size": 10,
  "accuracy": 0.8181818181818182,
  "violation_precision": 0.8918918918918919,
  "non_violation_precision": 0.7647058823529411,
  "violation_recall": 0.7333333333333333,
  "non_violation_recall": 0.9069767441860465,
  "confusion_matrix": [
    [
      39,
      4
    ],
    [
      12,
      33
    ]
  ]
}