{
  "model": "openai/gpt-4o-mini",
  "directory": "compareCommunities10/t5_2qh3p/t5_hcycg",
  "num_tests": 100,
  "num_successes": 81,
  "batch_size": 10,
  "accuracy": 0.7654320987654321,
  "violation_precision": 0.9259259259259259,
  "non_violation_precision": 0.6851851851851852,
  "violation_recall": 0.5952380952380952,
  "non_violation_recall": 0.9487179487179487,
  "confusion_matrix": [
    [
      37,
      2
    ],
    [
      17,
      25
    ]
  ]
}