{
  "model": "openai/gpt-4o-mini",
  "directory": "compareCommunities5/t5_3cr3o/t5_2qho4",
  "num_tests": 100,
  "num_successes": 96,
  "batch_size": 5,
  "accuracy": 0.8541666666666666,
  "violation_precision": 0.7931034482758621,
  "non_violation_precision": 0.9473684210526315,
  "violation_recall": 0.9583333333333334,
  "non_violation_recall": 0.75,
  "confusion_matrix": [
    [
      36,
      12
    ],
    [
      2,
      46
    ]
  ]
}