{
  "model": "openai/gpt-4o-mini",
  "directory": "compareCommunities5/t5_2qh6c/t5_2qh3p",
  "num_tests": 100,
  "num_successes": 95,
  "batch_size": 5,
  "accuracy": 0.8,
  "violation_precision": 0.7592592592592593,
  "non_violation_precision": 0.8536585365853658,
  "violation_recall": 0.8723404255319149,
  "non_violation_recall": 0.7291666666666666,
  "confusion_matrix": [
    [
      35,
      13
    ],
    [
      6,
      41
    ]
  ]
}