{
  "model": "openai/gpt-4o-mini",
  "directory": "compareCommunities10/t5_2rawz/t5_3onkg",
  "num_tests": 100,
  "num_successes": 90,
  "batch_size": 10,
  "accuracy": 0.8555555555555555,
  "violation_precision": 0.9024390243902439,
  "non_violation_precision": 0.8163265306122449,
  "violation_recall": 0.8043478260869565,
  "non_violation_recall": 0.9090909090909091,
  "confusion_matrix": [
    [
      40,
      4
    ],
    [
      9,
      37
    ]
  ]
}