{
  "model": "openai/gpt-4o-mini",
  "directory": "compareCommunities5/t5_2qh3p/t5_2we2n",
  "num_tests": 100,
  "num_successes": 79,
  "batch_size": 5,
  "accuracy": 0.810126582278481,
  "violation_precision": 0.9259259259259259,
  "non_violation_precision": 0.75,
  "violation_recall": 0.6578947368421053,
  "non_violation_recall": 0.9512195121951219,
  "confusion_matrix": [
    [
      39,
      2
    ],
    [
      13,
      25
    ]
  ]
}