{
  "model": "openai/gpt-oss-120b:free",
  "directory": "compareCommunities/t5_2qh3p/t5_2qnkr",
  "num_tests": 100,
  "num_successes": 98,
  "batch_size": 20,
  "accuracy": 0.8367346938775511,
  "violation_precision": 0.8367346938775511,
  "non_violation_precision": 0.8367346938775511,
  "violation_recall": 0.8367346938775511,
  "non_violation_recall": 0.8367346938775511,
  "confusion_matrix": [
    [
      41,
      8
    ],
    [
      8,
      41
    ]
  ]
}