{
  "model": "openai/gpt-4o-mini",
  "directory": "compareCommunities5/t5_hcycg/t5_2qh6c",
  "num_tests": 100,
  "num_successes": 88,
  "batch_size": 5,
  "accuracy": 0.8295454545454546,
  "violation_precision": 0.7454545454545455,
  "non_violation_precision": 0.9696969696969697,
  "violation_recall": 0.9761904761904762,
  "non_violation_recall": 0.6956521739130435,
  "confusion_matrix": [
    [
      32,
      14
    ],
    [
      1,
      41
    ]
  ]
}