{
  "model": "openai/gpt-4o-mini",
  "directory": "compareCommunities5/t5_2r05i/t5_2qh6c",
  "num_tests": 100,
  "num_successes": 82,
  "batch_size": 5,
  "accuracy": 0.8048780487804879,
  "violation_precision": 0.7254901960784313,
  "non_violation_precision": 0.9354838709677419,
  "violation_recall": 0.9487179487179487,
  "non_violation_recall": 0.6744186046511628,
  "confusion_matrix": [
    [
      29,
      14
    ],
    [
      2,
      37
    ]
  ]
}