{
  "model": "openai/gpt-4o-mini",
  "directory": "compareCommunities10/t5_3560n/t5_2w2s8",
  "num_tests": 100,
  "num_successes": 74,
  "batch_size": 10,
  "accuracy": 0.8243243243243243,
  "violation_precision": 0.8333333333333334,
  "non_violation_precision": 0.8157894736842105,
  "violation_recall": 0.8108108108108109,
  "non_violation_recall": 0.8378378378378378,
  "confusion_matrix": [
    [
      31,
      6
    ],
    [
      7,
      30
    ]
  ]
}