{
  "model": "openai/gpt-4o-mini",
  "directory": "compareCommunities10/t5_2qhw9/t5_3onkg",
  "num_tests": 100,
  "num_successes": 80,
  "batch_size": 10,
  "accuracy": 0.9,
  "violation_precision": 0.9459459459459459,
  "non_violation_precision": 0.8604651162790697,
  "violation_recall": 0.8536585365853658,
  "non_violation_recall": 0.9487179487179487,
  "confusion_matrix": [
    [
      37,
      2
    ],
    [
      6,
      35
    ]
  ]
}