{
  "model": "openai/gpt-4o-mini",
  "directory": "compareCommunities5/t5_2qhvo/t5_2qhff",
  "num_tests": 100,
  "num_successes": 89,
  "batch_size": 5,
  "accuracy": 0.8426966292134831,
  "violation_precision": 0.8367346938775511,
  "non_violation_precision": 0.85,
  "violation_recall": 0.8723404255319149,
  "non_violation_recall": 0.8095238095238095,
  "confusion_matrix": [
    [
      34,
      8
    ],
    [
      6,
      41
    ]
  ]
}