{
  "model": "openai/gpt-4o-mini",
  "directory": "compareCommunities10/t5_10qj6b/t5_10qj6b",
  "num_tests": 100,
  "num_successes": 95,
  "batch_size": 10,
  "accuracy": 0.8210526315789474,
  "violation_precision": 0.8444444444444444,
  "non_violation_precision": 0.8,
  "violation_recall": 0.7916666666666666,
  "non_violation_recall": 0.851063829787234,
  "confusion_matrix": [
    [
      40,
      7
    ],
    [
      10,
      38
    ]
  ]
}