{
  "model": "openai/gpt-4o-mini",
  "directory": "compareCommunities10/t5_2xhvq/t5_2qhff",
  "num_tests": 100,
  "num_successes": 81,
  "batch_size": 10,
  "accuracy": 0.8765432098765432,
  "violation_precision": 0.8222222222222222,
  "non_violation_precision": 0.9444444444444444,
  "violation_recall": 0.9487179487179487,
  "non_violation_recall": 0.8095238095238095,
  "confusion_matrix": [
    [
      34,
      8
    ],
    [
      2,
      37
    ]
  ]
}