{
  "model": "openai/gpt-4o-mini",
  "directory": "compareCommunities10/t5_hcycg/t5_2qhff",
  "num_tests": 100,
  "num_successes": 77,
  "batch_size": 10,
  "accuracy": 0.8571428571428571,
  "violation_precision": 0.8048780487804879,
  "non_violation_precision": 0.9166666666666666,
  "violation_recall": 0.9166666666666666,
  "non_violation_recall": 0.8048780487804879,
  "confusion_matrix": [
    [
      33,
      8
    ],
    [
      3,
      33
    ]
  ]
}