{
  "model": "openai/gpt-4o-mini",
  "directory": "compareCommunities10/t5_2vjre/t5_2xhvq",
  "num_tests": 100,
  "num_successes": 99,
  "batch_size": 10,
  "accuracy": 0.898989898989899,
  "violation_precision": 0.9148936170212766,
  "non_violation_precision": 0.8846153846153846,
  "violation_recall": 0.8775510204081632,
  "non_violation_recall": 0.92,
  "confusion_matrix": [
    [
      46,
      4
    ],
    [
      6,
      43
    ]
  ]
}