{
  "model": "openai/gpt-4o-mini",
  "directory": "compareCommunities5/t5_3cr3o/t5_2qh2v",
  "num_tests": 100,
  "num_successes": 98,
  "batch_size": 5,
  "accuracy": 0.8673469387755102,
  "violation_precision": 0.8333333333333334,
  "non_violation_precision": 0.9090909090909091,
  "violation_recall": 0.9183673469387755,
  "non_violation_recall": 0.8163265306122449,
  "confusion_matrix": [
    [
      40,
      9
    ],
    [
      4,
      45
    ]
  ]
}