{
  "model": "openai/gpt-4o-mini",
  "directory": "compareCommunities5/t5_2xhvq/t5_2sokd",
  "num_tests": 100,
  "num_successes": 97,
  "batch_size": 5,
  "accuracy": 0.7628865979381443,
  "violation_precision": 0.8048780487804879,
  "non_violation_precision": 0.7321428571428571,
  "violation_recall": 0.6875,
  "non_violation_recall": 0.8367346938775511,
  "confusion_matrix": [
    [
      41,
      8
    ],
    [
      15,
      33
    ]
  ]
}