{
  "model": "openai/gpt-4o-mini",
  "directory": "compareCommunities10/t5_2vjre/t5_2vq0w",
  "num_tests": 100,
  "num_successes": 91,
  "batch_size": 10,
  "accuracy": 0.8461538461538461,
  "violation_precision": 0.8409090909090909,
  "non_violation_precision": 0.851063829787234,
  "violation_recall": 0.8409090909090909,
  "non_violation_recall": 0.851063829787234,
  "confusion_matrix": [
    [
      40,
      7
    ],
    [
      7,
      37
    ]
  ]
}