{
  "model": "openai/gpt-4o-mini",
  "directory": "compareCommunities10/t5_hcycg/t5_hcycg",
  "num_tests": 100,
  "num_successes": 84,
  "batch_size": 10,
  "accuracy": 0.7976190476190477,
  "violation_precision": 0.9,
  "non_violation_precision": 0.7407407407407407,
  "violation_recall": 0.6585365853658537,
  "non_violation_recall": 0.9302325581395349,
  "confusion_matrix": [
    [
      40,
      3
    ],
    [
      14,
      27
    ]
  ]
}