{
  "model": "openai/gpt-4o-mini",
  "directory": "compareCommunities5/t5_2qh2v/t5_2qho4",
  "num_tests": 100,
  "num_successes": 81,
  "batch_size": 5,
  "accuracy": 0.8888888888888888,
  "violation_precision": 0.8333333333333334,
  "non_violation_precision": 0.9487179487179487,
  "violation_recall": 0.9459459459459459,
  "non_violation_recall": 0.8409090909090909,
  "confusion_matrix": [
    [
      37,
      7
    ],
    [
      2,
      35
    ]
  ]
}