{
  "model": "openai/gpt-oss-120b:free",
  "directory": "compareCommunities/t5_2w2s8/t5_2qnkr",
  "num_tests": 100,
  "num_successes": 98,
  "batch_size": 20,
  "accuracy": 0.8673469387755102,
  "violation_precision": 0.8913043478260869,
  "non_violation_precision": 0.8461538461538461,
  "violation_recall": 0.8367346938775511,
  "non_violation_recall": 0.8979591836734694,
  "confusion_matrix": [
    [
      44,
      5
    ],
    [
      8,
      41
    ]
  ]
}