{
  "model": "openai/gpt-oss-120b:free",
  "directory": "t5_2w2s8_to_t5_2w2s8",
  "num_tests": 100,
  "num_successes": 100,
  "batch_size": 20,
  "accuracy": 0.75,
  "violation_precision": 0.684931506849315,
  "non_violation_precision": 0.9259259259259259,
  "violation_recall": 0.9615384615384616,
  "non_violation_recall": 0.5208333333333334,
  "confusion_matrix": [
    [
      25,
      23
    ],
    [
      2,
      50
    ]
  ]
}