{
  "model": "openai/gpt-4o-mini",
  "directory": "compareCommunities10/t5_2qho4/t5_10qj6b",
  "num_tests": 100,
  "num_successes": 96,
  "batch_size": 10,
  "accuracy": 0.78125,
  "violation_precision": 0.7708333333333334,
  "non_violation_precision": 0.7916666666666666,
  "violation_recall": 0.7872340425531915,
  "non_violation_recall": 0.7755102040816326,
  "confusion_matrix": [
    [
      38,
      11
    ],
    [
      10,
      37
    ]
  ]
}