{
  "model": "openai/gpt-4o-mini",
  "directory": "compareCommunities10/t5_3onkg/t5_2qho4",
  "num_tests": 100,
  "num_successes": 86,
  "batch_size": 10,
  "accuracy": 0.8488372093023255,
  "violation_precision": 0.8222222222222222,
  "non_violation_precision": 0.8780487804878049,
  "violation_recall": 0.8809523809523809,
  "non_violation_recall": 0.8181818181818182,
  "confusion_matrix": [
    [
      36,
      8
    ],
    [
      5,
      37
    ]
  ]
}