{
  "model": "openai/gpt-4o-mini",
  "directory": "compareCommunities10/t5_2qhvo/t5_2qhw9",
  "num_tests": 100,
  "num_successes": 89,
  "batch_size": 10,
  "accuracy": 0.8539325842696629,
  "violation_precision": 0.9024390243902439,
  "non_violation_precision": 0.8125,
  "violation_recall": 0.8043478260869565,
  "non_violation_recall": 0.9069767441860465,
  "confusion_matrix": [
    [
      39,
      4
    ],
    [
      9,
      37
    ]
  ]
}