{
  "model": "openai/gpt-4o-mini",
  "directory": "compareCommunities5/t5_2rnve/t5_2qh2v",
  "num_tests": 100,
  "num_successes": 83,
  "batch_size": 5,
  "accuracy": 0.8674698795180723,
  "violation_precision": 0.8367346938775511,
  "non_violation_precision": 0.9117647058823529,
  "violation_recall": 0.9318181818181818,
  "non_violation_recall": 0.7948717948717948,
  "confusion_matrix": [
    [
      31,
      8
    ],
    [
      3,
      41
    ]
  ]
}