{
  "model": "openai/gpt-4o-mini",
  "directory": "compareCommunities5/t5_2qlxw/t5_2qh6c",
  "num_tests": 100,
  "num_successes": 87,
  "batch_size": 5,
  "accuracy": 0.8390804597701149,
  "violation_precision": 0.7872340425531915,
  "non_violation_precision": 0.9,
  "violation_recall": 0.9024390243902439,
  "non_violation_recall": 0.782608695652174,
  "confusion_matrix": [
    [
      36,
      10
    ],
    [
      4,
      37
    ]
  ]
}