{
  "model": "openai/gpt-4o-mini",
  "directory": "compareCommunities10/t5_3d4x4/t5_2sokd",
  "num_tests": 100,
  "num_successes": 73,
  "batch_size": 10,
  "accuracy": 0.8082191780821918,
  "violation_precision": 0.8888888888888888,
  "non_violation_precision": 0.7608695652173914,
  "violation_recall": 0.6857142857142857,
  "non_violation_recall": 0.9210526315789473,
  "confusion_matrix": [
    [
      35,
      3
    ],
    [
      11,
      24
    ]
  ]
}