{
  "model": "openai/gpt-4o-mini",
  "directory": "compareCommunities5/t5_2qh2s/t5_2qhds",
  "num_tests": 100,
  "num_successes": 91,
  "batch_size": 5,
  "accuracy": 0.8461538461538461,
  "violation_precision": 0.8947368421052632,
  "non_violation_precision": 0.8113207547169812,
  "violation_recall": 0.7727272727272727,
  "non_violation_recall": 0.9148936170212766,
  "confusion_matrix": [
    [
      43,
      4
    ],
    [
      10,
      34
    ]
  ]
}