{
  "model": "openai/gpt-4o-mini",
  "directory": "compareCommunities10/t5_2qh3p/t5_2qho4",
  "num_tests": 100,
  "num_successes": 83,
  "batch_size": 10,
  "accuracy": 0.9036144578313253,
  "violation_precision": 0.8695652173913043,
  "non_violation_precision": 0.9459459459459459,
  "violation_recall": 0.9523809523809523,
  "non_violation_recall": 0.8536585365853658,
  "confusion_matrix": [
    [
      35,
      6
    ],
    [
      2,
      40
    ]
  ]
}