{
  "model": "openai/gpt-4o-mini",
  "directory": "compareCommunities5/t5_2qknd/t5_2qhff",
  "num_tests": 100,
  "num_successes": 79,
  "batch_size": 5,
  "accuracy": 0.8354430379746836,
  "violation_precision": 0.8043478260869565,
  "non_violation_precision": 0.8787878787878788,
  "violation_recall": 0.9024390243902439,
  "non_violation_recall": 0.7631578947368421,
  "confusion_matrix": [
    [
      29,
      9
    ],
    [
      4,
      37
    ]
  ]
}