{
  "model": "openai/gpt-4o-mini",
  "directory": "compareCommunities5/t5_2w2s8/t5_2qhff",
  "num_tests": 100,
  "num_successes": 87,
  "batch_size": 5,
  "accuracy": 0.8390804597701149,
  "violation_precision": 0.82,
  "non_violation_precision": 0.8648648648648649,
  "violation_recall": 0.8913043478260869,
  "non_violation_recall": 0.7804878048780488,
  "confusion_matrix": [
    [
      32,
      9
    ],
    [
      5,
      41
    ]
  ]
}