{
  "model": "openai/gpt-4o-mini",
  "directory": "compareCommunities5/t5_2qhw9/t5_2qhff",
  "num_tests": 100,
  "num_successes": 83,
  "batch_size": 5,
  "accuracy": 0.8433734939759037,
  "violation_precision": 0.8478260869565217,
  "non_violation_precision": 0.8378378378378378,
  "violation_recall": 0.8666666666666667,
  "non_violation_recall": 0.8157894736842105,
  "confusion_matrix": [
    [
      31,
      7
    ],
    [
      6,
      39
    ]
  ]
}