{
  "model": "openai/gpt-4o-mini",
  "directory": "compareCommunities5/t5_2qhw9/t5_hcycg",
  "num_tests": 100,
  "num_successes": 95,
  "batch_size": 5,
  "accuracy": 0.7789473684210526,
  "violation_precision": 0.8571428571428571,
  "non_violation_precision": 0.7333333333333333,
  "violation_recall": 0.6521739130434783,
  "non_violation_recall": 0.8979591836734694,
  "confusion_matrix": [
    [
      44,
      5
    ],
    [
      16,
      30
    ]
  ]
}