{
  "model": "openai/gpt-4o-mini",
  "directory": "compareCommunities10/t5_2qlxw/t5_2qh3p",
  "num_tests": 100,
  "num_successes": 68,
  "batch_size": 10,
  "accuracy": 0.8088235294117647,
  "violation_precision": 0.8108108108108109,
  "non_violation_precision": 0.8064516129032258,
  "violation_recall": 0.8333333333333334,
  "non_violation_recall": 0.78125,
  "confusion_matrix": [
    [
      25,
      7
    ],
    [
      6,
      30
    ]
  ]
}