{
  "model": "openai/gpt-4o-mini",
  "directory": "compareCommunities10/t5_2xhvq/t5_2qhw9",
  "num_tests": 100,
  "num_successes": 79,
  "batch_size": 10,
  "accuracy": 0.8607594936708861,
  "violation_precision": 0.9459459459459459,
  "non_violation_precision": 0.7857142857142857,
  "violation_recall": 0.7954545454545454,
  "non_violation_recall": 0.9428571428571428,
  "confusion_matrix": [
    [
      33,
      2
    ],
    [
      9,
      35
    ]
  ]
}