{
  "model": "openai/gpt-4o-mini",
  "directory": "compareCommunities5/t5_3onkg/t5_2xhvq",
  "num_tests": 100,
  "num_successes": 87,
  "batch_size": 5,
  "accuracy": 0.8505747126436781,
  "violation_precision": 0.8536585365853658,
  "non_violation_precision": 0.8478260869565217,
  "violation_recall": 0.8333333333333334,
  "non_violation_recall": 0.8666666666666667,
  "confusion_matrix": [
    [
      39,
      6
    ],
    [
      7,
      35
    ]
  ]
}