{
  "model": "openai/gpt-4o-mini",
  "directory": "compareCommunities10/t5_2qh6c/t5_2sokd",
  "num_tests": 100,
  "num_successes": 83,
  "batch_size": 10,
  "accuracy": 0.8433734939759037,
  "violation_precision": 0.9354838709677419,
  "non_violation_precision": 0.7884615384615384,
  "violation_recall": 0.725,
  "non_violation_recall": 0.9534883720930233,
  "confusion_matrix": [
    [
      41,
      2
    ],
    [
      11,
      29
    ]
  ]
}