{
  "model": "openai/gpt-4o-mini",
  "directory": "compareCommunities10/t5_2qhvo/t5_2qhek",
  "num_tests": 100,
  "num_successes": 85,
  "batch_size": 10,
  "accuracy": 0.8117647058823529,
  "violation_precision": 0.9629629629629629,
  "non_violation_precision": 0.7413793103448276,
  "violation_recall": 0.6341463414634146,
  "non_violation_recall": 0.9772727272727273,
  "confusion_matrix": [
    [
      43,
      1
    ],
    [
      15,
      26
    ]
  ]
}