{
  "model": "openai/gpt-4o-mini",
  "directory": "compareCommunities5/t5_2qh2v/t5_2qky2",
  "num_tests": 100,
  "num_successes": 86,
  "batch_size": 5,
  "accuracy": 0.8255813953488372,
  "violation_precision": 0.8,
  "non_violation_precision": 0.8478260869565217,
  "violation_recall": 0.8205128205128205,
  "non_violation_recall": 0.8297872340425532,
  "confusion_matrix": [
    [
      39,
      8
    ],
    [
      7,
      32
    ]
  ]
}