{
  "model": "openai/gpt-4o-mini",
  "directory": "compareCommunities10/t5_2vq0w/t5_2vjre",
  "num_tests": 100,
  "num_successes": 96,
  "batch_size": 10,
  "accuracy": 0.90625,
  "violation_precision": 0.8958333333333334,
  "non_violation_precision": 0.9166666666666666,
  "violation_recall": 0.9148936170212766,
  "non_violation_recall": 0.8979591836734694,
  "confusion_matrix": [
    [
      44,
      5
    ],
    [
      4,
      43
    ]
  ]
}