{
  "model": "openai/gpt-4o-mini",
  "directory": "compareCommunities5/t5_2w2s8/t5_2qky2",
  "num_tests": 100,
  "num_successes": 91,
  "batch_size": 5,
  "accuracy": 0.8021978021978022,
  "violation_precision": 0.7608695652173914,
  "non_violation_precision": 0.8444444444444444,
  "violation_recall": 0.8333333333333334,
  "non_violation_recall": 0.7755102040816326,
  "confusion_matrix": [
    [
      38,
      11
    ],
    [
      7,
      35
    ]
  ]
}