{
  "model": "openai/gpt-4o-mini",
  "directory": "compareCommunities5/t5_hcycg/t5_2qky2",
  "num_tests": 100,
  "num_successes": 92,
  "batch_size": 5,
  "accuracy": 0.75,
  "violation_precision": 0.6825396825396826,
  "non_violation_precision": 0.896551724137931,
  "violation_recall": 0.9347826086956522,
  "non_violation_recall": 0.5652173913043478,
  "confusion_matrix": [
    [
      26,
      20
    ],
    [
      3,
      43
    ]
  ]
}