{
  "model": "openai/gpt-4o-mini",
  "directory": "compareCommunities10/t5_2r05i/t5_2qh2s",
  "num_tests": 100,
  "num_successes": 87,
  "batch_size": 10,
  "accuracy": 0.8275862068965517,
  "violation_precision": 0.8648648648648649,
  "non_violation_precision": 0.8,
  "violation_recall": 0.7619047619047619,
  "non_violation_recall": 0.8888888888888888,
  "confusion_matrix": [
    [
      40,
      5
    ],
    [
      10,
      32
    ]
  ]
}