{
  "model": "openai/gpt-4o-mini",
  "directory": "compareCommunities10/t5_2rnve/t5_2vjre",
  "num_tests": 100,
  "num_successes": 93,
  "batch_size": 10,
  "accuracy": 0.8709677419354839,
  "violation_precision": 0.8367346938775511,
  "non_violation_precision": 0.9090909090909091,
  "violation_recall": 0.9111111111111111,
  "non_violation_recall": 0.8333333333333334,
  "confusion_matrix": [
    [
      40,
      8
    ],
    [
      4,
      41
    ]
  ]
}