{
  "model": "openai/gpt-4o-mini",
  "directory": "compareCommunities10/t5_2xhvq/t5_2qhek",
  "num_tests": 100,
  "num_successes": 99,
  "batch_size": 10,
  "accuracy": 0.8787878787878788,
  "violation_precision": 0.9512195121951219,
  "non_violation_precision": 0.8275862068965517,
  "violation_recall": 0.7959183673469388,
  "non_violation_recall": 0.96,
  "confusion_matrix": [
    [
      48,
      2
    ],
    [
      10,
      39
    ]
  ]
}