{
  "model": "openai/gpt-4o-mini",
  "directory": "compareCommunities10/t5_2te6p/t5_2qh2s",
  "num_tests": 100,
  "num_successes": 93,
  "batch_size": 10,
  "accuracy": 0.7849462365591398,
  "violation_precision": 0.8888888888888888,
  "non_violation_precision": 0.7192982456140351,
  "violation_recall": 0.6666666666666666,
  "non_violation_recall": 0.9111111111111111,
  "confusion_matrix": [
    [
      41,
      4
    ],
    [
      16,
      32
    ]
  ]
}