{
  "model": "openai/gpt-oss-120b:free",
  "directory": "compareCommunities/t5_3h47q/t5_2xhvq",
  "num_tests": 100,
  "num_successes": 100,
  "batch_size": 20,
  "accuracy": 0.88,
  "violation_precision": 0.8703703703703703,
  "non_violation_precision": 0.8913043478260869,
  "violation_recall": 0.9038461538461539,
  "non_violation_recall": 0.8541666666666666,
  "confusion_matrix": [
    [
      41,
      7
    ],
    [
      5,
      47
    ]
  ]
}