{
  "model": "openai/gpt-4o-mini",
  "directory": "compareCommunities10/t5_2qhvo/t5_2w2s8",
  "num_tests": 100,
  "num_successes": 74,
  "batch_size": 10,
  "accuracy": 0.7567567567567568,
  "violation_precision": 0.8214285714285714,
  "non_violation_precision": 0.717391304347826,
  "violation_recall": 0.6388888888888888,
  "non_violation_recall": 0.868421052631579,
  "confusion_matrix": [
    [
      33,
      5
    ],
    [
      13,
      23
    ]
  ]
}