{
  "model": "openai/gpt-4o-mini",
  "directory": "compareCommunities5/t5_2qh3p/t5_2qh6c",
  "num_tests": 100,
  "num_successes": 91,
  "batch_size": 5,
  "accuracy": 0.8021978021978022,
  "violation_precision": 0.7551020408163265,
  "non_violation_precision": 0.8571428571428571,
  "violation_recall": 0.8604651162790697,
  "non_violation_recall": 0.75,
  "confusion_matrix": [
    [
      36,
      12
    ],
    [
      6,
      37
    ]
  ]
}