{
  "model": "openai/gpt-4o-mini",
  "directory": "compareCommunities5/t5_2qlxw/t5_2qhek",
  "num_tests": 100,
  "num_successes": 96,
  "batch_size": 5,
  "accuracy": 0.8333333333333334,
  "violation_precision": 0.918918918918919,
  "non_violation_precision": 0.7796610169491526,
  "violation_recall": 0.723404255319149,
  "non_violation_recall": 0.9387755102040817,
  "confusion_matrix": [
    [
      46,
      3
    ],
    [
      13,
      34
    ]
  ]
}