{
  "model": "openai/gpt-4o-mini",
  "directory": "compareCommunities10/t5_2qlxw/t5_2we2n",
  "num_tests": 100,
  "num_successes": 84,
  "batch_size": 10,
  "accuracy": 0.8452380952380952,
  "violation_precision": 0.9166666666666666,
  "non_violation_precision": 0.7916666666666666,
  "violation_recall": 0.7674418604651163,
  "non_violation_recall": 0.926829268292683,
  "confusion_matrix": [
    [
      38,
      3
    ],
    [
      10,
      33
    ]
  ]
}