{
  "model": "openai/gpt-4o-mini",
  "directory": "compareCommunities10/t5_2qstm/t5_2qhvo",
  "num_tests": 100,
  "num_successes": 74,
  "batch_size": 10,
  "accuracy": 0.7702702702702703,
  "violation_precision": 0.75,
  "non_violation_precision": 0.7894736842105263,
  "violation_recall": 0.7714285714285715,
  "non_violation_recall": 0.7692307692307693,
  "confusion_matrix": [
    [
      30,
      9
    ],
    [
      8,
      27
    ]
  ]
}