{
  "model": "openai/gpt-4o-mini",
  "directory": "compareCommunities5/t5_2xhvq/t5_3h47q",
  "num_tests": 100,
  "num_successes": 95,
  "batch_size": 5,
  "accuracy": 0.7894736842105263,
  "violation_precision": 0.8918918918918919,
  "non_violation_precision": 0.7241379310344828,
  "violation_recall": 0.673469387755102,
  "non_violation_recall": 0.9130434782608695,
  "confusion_matrix": [
    [
      42,
      4
    ],
    [
      16,
      33
    ]
  ]
}