{
  "model": "openai/gpt-4o-mini",
  "directory": "compareCommunities10/t5_2qhff/t5_2qstm",
  "num_tests": 100,
  "num_successes": 91,
  "batch_size": 10,
  "accuracy": 0.7912087912087912,
  "violation_precision": 0.8648648648648649,
  "non_violation_precision": 0.7407407407407407,
  "violation_recall": 0.6956521739130435,
  "non_violation_recall": 0.8888888888888888,
  "confusion_matrix": [
    [
      40,
      5
    ],
    [
      14,
      32
    ]
  ]
}