{
  "model": "openai/gpt-4o-mini",
  "directory": "compareCommunities5/t5_2qky2/t5_2sokd",
  "num_tests": 100,
  "num_successes": 90,
  "batch_size": 5,
  "accuracy": 0.7666666666666667,
  "violation_precision": 0.75,
  "non_violation_precision": 0.782608695652174,
  "violation_recall": 0.7674418604651163,
  "non_violation_recall": 0.7659574468085106,
  "confusion_matrix": [
    [
      36,
      11
    ],
    [
      10,
      33
    ]
  ]
}