{
  "model": "openai/gpt-4o-mini",
  "directory": "compareCommunities5/t5_2sokd/t5_2qknd",
  "num_tests": 100,
  "num_successes": 95,
  "batch_size": 5,
  "accuracy": 0.8105263157894737,
  "violation_precision": 0.9090909090909091,
  "non_violation_precision": 0.7580645161290323,
  "violation_recall": 0.6666666666666666,
  "non_violation_recall": 0.94,
  "confusion_matrix": [
    [
      47,
      3
    ],
    [
      15,
      30
    ]
  ]
}