{
  "model": "openai/gpt-4o-mini",
  "directory": "compareCommunities5/t5_2qhvo/t5_2qho4",
  "num_tests": 100,
  "num_successes": 89,
  "batch_size": 5,
  "accuracy": 0.8539325842696629,
  "violation_precision": 0.8333333333333334,
  "non_violation_precision": 0.8780487804878049,
  "violation_recall": 0.8888888888888888,
  "non_violation_recall": 0.8181818181818182,
  "confusion_matrix": [
    [
      36,
      8
    ],
    [
      5,
      40
    ]
  ]
}