{
  "model": "openai/gpt-4o-mini",
  "directory": "compareCommunities10/t5_2qknd/t5_2qhds",
  "num_tests": 100,
  "num_successes": 92,
  "batch_size": 10,
  "accuracy": 0.8369565217391305,
  "violation_precision": 0.8536585365853658,
  "non_violation_precision": 0.8235294117647058,
  "violation_recall": 0.7954545454545454,
  "non_violation_recall": 0.875,
  "confusion_matrix": [
    [
      42,
      6
    ],
    [
      9,
      35
    ]
  ]
}