{
  "model": "openai/gpt-4o-mini",
  "directory": "compareCommunities10/t5_2rawz/t5_2qky2",
  "num_tests": 100,
  "num_successes": 79,
  "batch_size": 10,
  "accuracy": 0.810126582278481,
  "violation_precision": 0.7674418604651163,
  "non_violation_precision": 0.8611111111111112,
  "violation_recall": 0.868421052631579,
  "non_violation_recall": 0.7560975609756098,
  "confusion_matrix": [
    [
      31,
      10
    ],
    [
      5,
      33
    ]
  ]
}