{
  "model": "openai/gpt-4o-mini",
  "directory": "compareCommunities10/t5_2qlxw/t5_2r05i",
  "num_tests": 100,
  "num_successes": 90,
  "batch_size": 10,
  "accuracy": 0.8777777777777778,
  "violation_precision": 0.9722222222222222,
  "non_violation_precision": 0.8148148148148148,
  "violation_recall": 0.7777777777777778,
  "non_violation_recall": 0.9777777777777777,
  "confusion_matrix": [
    [
      44,
      1
    ],
    [
      10,
      35
    ]
  ]
}