{
  "model": "openai/gpt-4o-mini",
  "directory": "compareCommunities5/t5_2vjre/t5_2qh3p",
  "num_tests": 100,
  "num_successes": 93,
  "batch_size": 5,
  "accuracy": 0.7634408602150538,
  "violation_precision": 0.7608695652173914,
  "non_violation_precision": 0.7659574468085106,
  "violation_recall": 0.7608695652173914,
  "non_violation_recall": 0.7659574468085106,
  "confusion_matrix": [
    [
      36,
      11
    ],
    [
      11,
      35
    ]
  ]
}