{
  "model": "openai/gpt-4o-mini",
  "directory": "compareCommunities10/t5_3h47q/t5_2qhvo",
  "num_tests": 100,
  "num_successes": 84,
  "batch_size": 10,
  "accuracy": 0.8095238095238095,
  "violation_precision": 0.8823529411764706,
  "non_violation_precision": 0.76,
  "violation_recall": 0.7142857142857143,
  "non_violation_recall": 0.9047619047619048,
  "confusion_matrix": [
    [
      38,
      4
    ],
    [
      12,
      30
    ]
  ]
}