{
  "model": "openai/gpt-4o-mini",
  "directory": "compareCommunities10/t5_2qstm/t5_3d4x4",
  "num_tests": 100,
  "num_successes": 93,
  "batch_size": 10,
  "accuracy": 0.8279569892473119,
  "violation_precision": 0.7678571428571429,
  "non_violation_precision": 0.918918918918919,
  "violation_recall": 0.9347826086956522,
  "non_violation_recall": 0.723404255319149,
  "confusion_matrix": [
    [
      34,
      13
    ],
    [
      3,
      43
    ]
  ]
}