{
  "model": "openai/gpt-4o-mini",
  "directory": "compareCommunities5/t5_2r05i/t5_2w2s8",
  "num_tests": 100,
  "num_successes": 95,
  "batch_size": 5,
  "accuracy": 0.8210526315789474,
  "violation_precision": 0.875,
  "non_violation_precision": 0.7818181818181819,
  "violation_recall": 0.7446808510638298,
  "non_violation_recall": 0.8958333333333334,
  "confusion_matrix": [
    [
      43,
      5
    ],
    [
      12,
      35
    ]
  ]
}