{
  "model": "openai/gpt-4o-mini",
  "directory": "compareCommunities10/t5_2xhvq/t5_2we2n",
  "num_tests": 100,
  "num_successes": 82,
  "batch_size": 10,
  "accuracy": 0.8048780487804879,
  "violation_precision": 0.9310344827586207,
  "non_violation_precision": 0.7358490566037735,
  "violation_recall": 0.6585365853658537,
  "non_violation_recall": 0.9512195121951219,
  "confusion_matrix": [
    [
      39,
      2
    ],
    [
      14,
      27
    ]
  ]
}