{
  "model": "openai/gpt-4o-mini",
  "directory": "compareCommunities5/t5_2xhvq/t5_2qhds",
  "num_tests": 100,
  "num_successes": 97,
  "batch_size": 5,
  "accuracy": 0.845360824742268,
  "violation_precision": 0.9024390243902439,
  "non_violation_precision": 0.8035714285714286,
  "violation_recall": 0.7708333333333334,
  "non_violation_recall": 0.9183673469387755,
  "confusion_matrix": [
    [
      45,
      4
    ],
    [
      11,
      37
    ]
  ]
}