{
  "model": "openai/gpt-4o-mini",
  "directory": "compareCommunities5/t5_2qhff/t5_3onkg",
  "num_tests": 100,
  "num_successes": 97,
  "batch_size": 5,
  "accuracy": 0.8556701030927835,
  "violation_precision": 0.8541666666666666,
  "non_violation_precision": 0.8571428571428571,
  "violation_recall": 0.8541666666666666,
  "non_violation_recall": 0.8571428571428571,
  "confusion_matrix": [
    [
      42,
      7
    ],
    [
      7,
      41
    ]
  ]
}