{
  "model": "openai/gpt-4o-mini",
  "directory": "compareCommunities10/t5_2qstm/t5_2qky2",
  "num_tests": 100,
  "num_successes": 87,
  "batch_size": 10,
  "accuracy": 0.8160919540229885,
  "violation_precision": 0.7843137254901961,
  "non_violation_precision": 0.8611111111111112,
  "violation_recall": 0.8888888888888888,
  "non_violation_recall": 0.7380952380952381,
  "confusion_matrix": [
    [
      31,
      11
    ],
    [
      5,
      40
    ]
  ]
}