{
  "model": "openai/gpt-4o-mini",
  "directory": "compareCommunities10/t5_3onkg/t5_2w2s8",
  "num_tests": 100,
  "num_successes": 71,
  "batch_size": 10,
  "accuracy": 0.8028169014084507,
  "violation_precision": 0.8333333333333334,
  "non_violation_precision": 0.7804878048780488,
  "violation_recall": 0.7352941176470589,
  "non_violation_recall": 0.8648648648648649,
  "confusion_matrix": [
    [
      32,
      5
    ],
    [
      9,
      25
    ]
  ]
}