{
  "model": "openai/gpt-4o-mini",
  "directory": "compareCommunities10/t5_2qho4/t5_2qhds",
  "num_tests": 100,
  "num_successes": 88,
  "batch_size": 10,
  "accuracy": 0.8181818181818182,
  "violation_precision": 0.8648648648648649,
  "non_violation_precision": 0.7843137254901961,
  "violation_recall": 0.7441860465116279,
  "non_violation_recall": 0.8888888888888888,
  "confusion_matrix": [
    [
      40,
      5
    ],
    [
      11,
      32
    ]
  ]
}