{
  "model": "openai/gpt-4o-mini",
  "directory": "compareCommunities10/t5_2vq0w/t5_2qhvo",
  "num_tests": 100,
  "num_successes": 62,
  "batch_size": 10,
  "accuracy": 0.7903225806451613,
  "violation_precision": 0.7272727272727273,
  "non_violation_precision": 0.825,
  "violation_recall": 0.6956521739130435,
  "non_violation_recall": 0.8461538461538461,
  "confusion_matrix": [
    [
      33,
      6
    ],
    [
      7,
      16
    ]
  ]
}