{
  "model": "openai/gpt-4o-mini",
  "directory": "compareCommunities10/t5_2qhff/t5_2qhek",
  "num_tests": 100,
  "num_successes": 84,
  "batch_size": 10,
  "accuracy": 0.8690476190476191,
  "violation_precision": 0.9393939393939394,
  "non_violation_precision": 0.8235294117647058,
  "violation_recall": 0.775,
  "non_violation_recall": 0.9545454545454546,
  "confusion_matrix": [
    [
      42,
      2
    ],
    [
      9,
      31
    ]
  ]
}