{
  "model": "openai/gpt-4o-mini",
  "directory": "compareCommunities10/t5_2qlxw/t5_3h47q",
  "num_tests": 100,
  "num_successes": 98,
  "batch_size": 10,
  "accuracy": 0.7857142857142857,
  "violation_precision": 0.8857142857142857,
  "non_violation_precision": 0.7301587301587301,
  "violation_recall": 0.6458333333333334,
  "non_violation_recall": 0.92,
  "confusion_matrix": [
    [
      46,
      4
    ],
    [
      17,
      31
    ]
  ]
}