{
  "model": "openai/gpt-4o-mini",
  "directory": "compareCommunities10/t5_2w2s8/t5_2qh6c",
  "num_tests": 100,
  "num_successes": 88,
  "batch_size": 10,
  "accuracy": 0.7954545454545454,
  "violation_precision": 0.75,
  "non_violation_precision": 0.8611111111111112,
  "violation_recall": 0.8863636363636364,
  "non_violation_recall": 0.7045454545454546,
  "confusion_matrix": [
    [
      31,
      13
    ],
    [
      5,
      39
    ]
  ]
}