{
  "model": "openai/gpt-4o-mini",
  "directory": "compareCommunities5/t5_3h47q/t5_3h47q",
  "num_tests": 100,
  "num_successes": 96,
  "batch_size": 5,
  "accuracy": 0.8229166666666666,
  "violation_precision": 0.9230769230769231,
  "non_violation_precision": 0.7543859649122807,
  "violation_recall": 0.72,
  "non_violation_recall": 0.9347826086956522,
  "confusion_matrix": [
    [
      43,
      3
    ],
    [
      14,
      36
    ]
  ]
}