{
  "model": "openai/gpt-4o-mini",
  "directory": "compareCommunities5/t5_2sokd/t5_2qh2v",
  "num_tests": 100,
  "num_successes": 96,
  "batch_size": 5,
  "accuracy": 0.8020833333333334,
  "violation_precision": 0.7777777777777778,
  "non_violation_precision": 0.8333333333333334,
  "violation_recall": 0.8571428571428571,
  "non_violation_recall": 0.7446808510638298,
  "confusion_matrix": [
    [
      35,
      12
    ],
    [
      7,
      42
    ]
  ]
}