{
  "model": "openai/gpt-4o-mini",
  "directory": "compareCommunities10/t5_2sokd/t5_2qhek",
  "num_tests": 100,
  "num_successes": 89,
  "batch_size": 10,
  "accuracy": 0.8089887640449438,
  "violation_precision": 0.8333333333333334,
  "non_violation_precision": 0.7872340425531915,
  "violation_recall": 0.7777777777777778,
  "non_violation_recall": 0.8409090909090909,
  "confusion_matrix": [
    [
      37,
      7
    ],
    [
      10,
      35
    ]
  ]
}