{
  "model": "openai/gpt-4o-mini",
  "directory": "compareCommunities5/t5_2qknd/t5_hcycg",
  "num_tests": 100,
  "num_successes": 93,
  "batch_size": 5,
  "accuracy": 0.7741935483870968,
  "violation_precision": 0.8108108108108109,
  "non_violation_precision": 0.75,
  "violation_recall": 0.6818181818181818,
  "non_violation_recall": 0.8571428571428571,
  "confusion_matrix": [
    [
      42,
      7
    ],
    [
      14,
      30
    ]
  ]
}