{
  "model": "openai/gpt-4o-mini",
  "directory": "compareCommunities10/t5_3h47q/t5_2qstm",
  "num_tests": 100,
  "num_successes": 92,
  "batch_size": 10,
  "accuracy": 0.8804347826086957,
  "violation_precision": 0.95,
  "non_violation_precision": 0.8269230769230769,
  "violation_recall": 0.8085106382978723,
  "non_violation_recall": 0.9555555555555556,
  "confusion_matrix": [
    [
      43,
      2
    ],
    [
      9,
      38
    ]
  ]
}