{
  "model": "openai/gpt-4o-mini",
  "directory": "compareCommunities10/t5_2we2n/t5_2qh2v",
  "num_tests": 100,
  "num_successes": 90,
  "batch_size": 10,
  "accuracy": 0.8666666666666667,
  "violation_precision": 0.8604651162790697,
  "non_violation_precision": 0.8723404255319149,
  "violation_recall": 0.8604651162790697,
  "non_violation_recall": 0.8723404255319149,
  "confusion_matrix": [
    [
      41,
      6
    ],
    [
      6,
      37
    ]
  ]
}