{
  "model": "openai/gpt-4o-mini",
  "directory": "compareCommunities5/t5_3h47q/t5_2we2n",
  "num_tests": 100,
  "num_successes": 82,
  "batch_size": 5,
  "accuracy": 0.8414634146341463,
  "violation_precision": 0.9032258064516129,
  "non_violation_precision": 0.803921568627451,
  "violation_recall": 0.7368421052631579,
  "non_violation_recall": 0.9318181818181818,
  "confusion_matrix": [
    [
      41,
      3
    ],
    [
      10,
      28
    ]
  ]
}