{
  "model": "openai/gpt-4o-mini",
  "directory": "compareCommunities5/t5_10qj6b/t5_2xhvq",
  "num_tests": 100,
  "num_successes": 92,
  "batch_size": 5,
  "accuracy": 0.8586956521739131,
  "violation_precision": 0.8666666666666667,
  "non_violation_precision": 0.851063829787234,
  "violation_recall": 0.8478260869565217,
  "non_violation_recall": 0.8695652173913043,
  "confusion_matrix": [
    [
      40,
      6
    ],
    [
      7,
      39
    ]
  ]
}