{
  "model": "openai/gpt-4o-mini",
  "directory": "compareCommunities5/t5_2qhvo/t5_2w2s8",
  "num_tests": 100,
  "num_successes": 87,
  "batch_size": 5,
  "accuracy": 0.7816091954022989,
  "violation_precision": 0.8857142857142857,
  "non_violation_precision": 0.7115384615384616,
  "violation_recall": 0.6739130434782609,
  "non_violation_recall": 0.9024390243902439,
  "confusion_matrix": [
    [
      37,
      4
    ],
    [
      15,
      31
    ]
  ]
}