{
  "model": "openai/gpt-oss-120b:free",
  "directory": "compareCommunities/t5_3h47q/t5_2qho4",
  "num_tests": 100,
  "num_successes": 100,
  "batch_size": 20,
  "accuracy": 0.83,
  "violation_precision": 0.8695652173913043,
  "non_violation_precision": 0.7962962962962963,
  "violation_recall": 0.7843137254901961,
  "non_violation_recall": 0.8775510204081632,
  "confusion_matrix": [
    [
      43,
      6
    ],
    [
      11,
      40
    ]
  ]
}