{
  "model": "openai/gpt-4o-mini",
  "directory": "compareCommunities5/t5_2qh3p/t5_2qky2",
  "num_tests": 100,
  "num_successes": 81,
  "batch_size": 5,
  "accuracy": 0.7777777777777778,
  "violation_precision": 0.7111111111111111,
  "non_violation_precision": 0.8611111111111112,
  "violation_recall": 0.8648648648648649,
  "non_violation_recall": 0.7045454545454546,
  "confusion_matrix": [
    [
      31,
      13
    ],
    [
      5,
      32
    ]
  ]
}