{
  "model": "openai/gpt-oss-120b:free",
  "directory": "compareCommunities/t5_2xhvq/t5_2qnkr",
  "num_tests": 100,
  "num_successes": 98,
  "batch_size": 20,
  "accuracy": 0.826530612244898,
  "violation_precision": 0.8076923076923077,
  "non_violation_precision": 0.8478260869565217,
  "violation_recall": 0.8571428571428571,
  "non_violation_recall": 0.7959183673469388,
  "confusion_matrix": [
    [
      39,
      10
    ],
    [
      7,
      42
    ]
  ]
}