{
  "model": "openai/gpt-4o-mini",
  "directory": "compareCommunities5/t5_hcycg/t5_3onkg",
  "num_tests": 100,
  "num_successes": 93,
  "batch_size": 5,
  "accuracy": 0.8602150537634409,
  "violation_precision": 0.8367346938775511,
  "non_violation_precision": 0.8863636363636364,
  "violation_recall": 0.8913043478260869,
  "non_violation_recall": 0.8297872340425532,
  "confusion_matrix": [
    [
      39,
      8
    ],
    [
      5,
      41
    ]
  ]
}