{
  "model": "openai/gpt-4o-mini",
  "directory": "compareCommunities5/t5_2qh2s/t5_2sokd",
  "num_tests": 100,
  "num_successes": 95,
  "batch_size": 5,
  "accuracy": 0.7894736842105263,
  "violation_precision": 0.8205128205128205,
  "non_violation_precision": 0.7678571428571429,
  "violation_recall": 0.7111111111111111,
  "non_violation_recall": 0.86,
  "confusion_matrix": [
    [
      43,
      7
    ],
    [
      13,
      32
    ]
  ]
}