{
  "model": "openai/gpt-4o-mini",
  "directory": "compareCommunities5/t5_3h47q/t5_2qhek",
  "num_tests": 100,
  "num_successes": 96,
  "batch_size": 5,
  "accuracy": 0.8125,
  "violation_precision": 0.9142857142857143,
  "non_violation_precision": 0.7540983606557377,
  "violation_recall": 0.6808510638297872,
  "non_violation_recall": 0.9387755102040817,
  "confusion_matrix": [
    [
      46,
      3
    ],
    [
      15,
      32
    ]
  ]
}