{
  "model": "openai/gpt-4o-mini",
  "directory": "compareCommunities10/t5_2rnve/t5_2qhek",
  "num_tests": 100,
  "num_successes": 89,
  "batch_size": 10,
  "accuracy": 0.8764044943820225,
  "violation_precision": 0.8837209302325582,
  "non_violation_precision": 0.8695652173913043,
  "violation_recall": 0.8636363636363636,
  "non_violation_recall": 0.8888888888888888,
  "confusion_matrix": [
    [
      40,
      5
    ],
    [
      6,
      38
    ]
  ]
}