{
  "model": "openai/gpt-4o-mini",
  "directory": "compareCommunities10/t5_3d4x4/t5_2qhff",
  "num_tests": 100,
  "num_successes": 69,
  "batch_size": 10,
  "accuracy": 0.8695652173913043,
  "violation_precision": 0.8235294117647058,
  "non_violation_precision": 0.9142857142857143,
  "violation_recall": 0.9032258064516129,
  "non_violation_recall": 0.8421052631578947,
  "confusion_matrix": [
    [
      32,
      6
    ],
    [
      3,
      28
    ]
  ]
}