{
  "model": "openai/gpt-4o-mini",
  "directory": "compareCommunities10/t5_2w2s8/t5_2qlxw",
  "num_tests": 100,
  "num_successes": 93,
  "batch_size": 10,
  "accuracy": 0.9247311827956989,
  "violation_precision": 0.8958333333333334,
  "non_violation_precision": 0.9555555555555556,
  "violation_recall": 0.9555555555555556,
  "non_violation_recall": 0.8958333333333334,
  "confusion_matrix": [
    [
      43,
      5
    ],
    [
      2,
      43
    ]
  ]
}