{
  "model": "openai/gpt-4o-mini",
  "directory": "compareCommunities5/t5_10qj6b/t5_2qhds",
  "num_tests": 100,
  "num_successes": 96,
  "batch_size": 5,
  "accuracy": 0.8333333333333334,
  "violation_precision": 0.9230769230769231,
  "non_violation_precision": 0.7719298245614035,
  "violation_recall": 0.7346938775510204,
  "non_violation_recall": 0.9361702127659575,
  "confusion_matrix": [
    [
      44,
      3
    ],
    [
      13,
      36
    ]
  ]
}