{
  "model": "openai/gpt-4o-mini",
  "directory": "compareCommunities5/t5_2rawz/t5_2qh3p",
  "num_tests": 100,
  "num_successes": 94,
  "batch_size": 5,
  "accuracy": 0.776595744680851,
  "violation_precision": 0.7547169811320755,
  "non_violation_precision": 0.8048780487804879,
  "violation_recall": 0.8333333333333334,
  "non_violation_recall": 0.717391304347826,
  "confusion_matrix": [
    [
      33,
      13
    ],
    [
      8,
      40
    ]
  ]
}