{
  "model": "openai/gpt-4o-mini",
  "directory": "compareCommunities10/t5_2qknd/t5_10qj6b",
  "num_tests": 100,
  "num_successes": 97,
  "batch_size": 10,
  "accuracy": 0.7835051546391752,
  "violation_precision": 0.7647058823529411,
  "non_violation_precision": 0.8043478260869565,
  "violation_recall": 0.8125,
  "non_violation_recall": 0.7551020408163265,
  "confusion_matrix": [
    [
      37,
      12
    ],
    [
      9,
      39
    ]
  ]
}