{
  "model": "openai/gpt-4o-mini",
  "directory": "compareCommunities5/t5_2vq0w/t5_2qho4",
  "num_tests": 100,
  "num_successes": 93,
  "batch_size": 5,
  "accuracy": 0.8387096774193549,
  "violation_precision": 0.7777777777777778,
  "non_violation_precision": 0.9230769230769231,
  "violation_recall": 0.9333333333333333,
  "non_violation_recall": 0.75,
  "confusion_matrix": [
    [
      36,
      12
    ],
    [
      3,
      42
    ]
  ]
}