{
  "model": "openai/gpt-4o-mini",
  "directory": "compareCommunities5/t5_2qky2/t5_2qh2v",
  "num_tests": 100,
  "num_successes": 90,
  "batch_size": 5,
  "accuracy": 0.8888888888888888,
  "violation_precision": 0.8775510204081632,
  "non_violation_precision": 0.9024390243902439,
  "violation_recall": 0.9148936170212766,
  "non_violation_recall": 0.8604651162790697,
  "confusion_matrix": [
    [
      37,
      6
    ],
    [
      4,
      43
    ]
  ]
}