{
  "model": "meta-llama/llama-3.3-70b-instruct:free",
  "accuracy": 0.74,
  "precision": 0.8571428571428571,
  "recall": 0.5217391304347826,
  "f1": 0.6486486486486487,
  "confusion_matrix": [
    [
      25,
      2
    ],
    [
      11,
      12
    ]
  ]
}