{
  "model": "openai/gpt-4o-mini",
  "directory": "compareCommunities5/t5_2te6p/t5_2qho4",
  "num_tests": 100,
  "num_successes": 91,
  "batch_size": 5,
  "accuracy": 0.8461538461538461,
  "violation_precision": 0.7884615384615384,
  "non_violation_precision": 0.9230769230769231,
  "violation_recall": 0.9318181818181818,
  "non_violation_recall": 0.7659574468085106,
  "confusion_matrix": [
    [
      36,
      11
    ],
    [
      3,
      41
    ]
  ]
}