{
  "model": "openai/gpt-4o-mini",
  "directory": "compareCommunities10/t5_2r05i/t5_3onkg",
  "num_tests": 100,
  "num_successes": 90,
  "batch_size": 10,
  "accuracy": 0.9,
  "violation_precision": 0.9512195121951219,
  "non_violation_precision": 0.8571428571428571,
  "violation_recall": 0.8478260869565217,
  "non_violation_recall": 0.9545454545454546,
  "confusion_matrix": [
    [
      42,
      2
    ],
    [
      7,
      39
    ]
  ]
}