{
  "model": "openai/gpt-oss-120b:free",
  "directory": "compareCommunities/t5_3h47q/t5_2qhw9",
  "num_tests": 100,
  "num_successes": 100,
  "batch_size": 20,
  "accuracy": 0.87,
  "violation_precision": 0.8823529411764706,
  "non_violation_precision": 0.8636363636363636,
  "violation_recall": 0.7692307692307693,
  "non_violation_recall": 0.9344262295081968,
  "confusion_matrix": [
    [
      57,
      4
    ],
    [
      9,
      30
    ]
  ]
}