{
  "model": "openai/gpt-4o-mini",
  "directory": "compareCommunities5/t5_2qhff/t5_2qh2v",
  "num_tests": 100,
  "num_successes": 89,
  "batch_size": 5,
  "accuracy": 0.8651685393258427,
  "violation_precision": 0.8541666666666666,
  "non_violation_precision": 0.8780487804878049,
  "violation_recall": 0.8913043478260869,
  "non_violation_recall": 0.8372093023255814,
  "confusion_matrix": [
    [
      36,
      7
    ],
    [
      5,
      41
    ]
  ]
}