{
  "model": "openai/gpt-4o-mini",
  "directory": "compareCommunities10/t5_10qj6b/t5_hcycg",
  "num_tests": 100,
  "num_successes": 92,
  "batch_size": 10,
  "accuracy": 0.7282608695652174,
  "violation_precision": 0.8666666666666667,
  "non_violation_precision": 0.6612903225806451,
  "violation_recall": 0.5531914893617021,
  "non_violation_recall": 0.9111111111111111,
  "confusion_matrix": [
    [
      41,
      4
    ],
    [
      21,
      26
    ]
  ]
}