{
  "model": "openai/gpt-4o-mini",
  "directory": "compareCommunities10/t5_2qh2v/t5_2qh6c",
  "num_tests": 100,
  "num_successes": 76,
  "batch_size": 10,
  "accuracy": 0.8421052631578947,
  "violation_precision": 0.8108108108108109,
  "non_violation_precision": 0.8717948717948718,
  "violation_recall": 0.8571428571428571,
  "non_violation_recall": 0.8292682926829268,
  "confusion_matrix": [
    [
      34,
      7
    ],
    [
      5,
      30
    ]
  ]
}