{
  "model": "openai/gpt-4o-mini",
  "directory": "compareCommunities10/t5_2qh2v/t5_2qhvo",
  "num_tests": 100,
  "num_successes": 80,
  "batch_size": 10,
  "accuracy": 0.7625,
  "violation_precision": 0.8846153846153846,
  "non_violation_precision": 0.7037037037037037,
  "violation_recall": 0.5897435897435898,
  "non_violation_recall": 0.926829268292683,
  "confusion_matrix": [
    [
      38,
      3
    ],
    [
      16,
      23
    ]
  ]
}