{
  "model": "openai/gpt-4o-mini",
  "directory": "compareCommunities10/t5_2qhvo/t5_2qho4",
  "num_tests": 100,
  "num_successes": 67,
  "batch_size": 10,
  "accuracy": 0.835820895522388,
  "violation_precision": 0.8181818181818182,
  "non_violation_precision": 0.8529411764705882,
  "violation_recall": 0.84375,
  "non_violation_recall": 0.8285714285714286,
  "confusion_matrix": [
    [
      29,
      6
    ],
    [
      5,
      27
    ]
  ]
}