{
  "model": "openai/gpt-4o-mini",
  "directory": "compareCommunities10/t5_2qhek/t5_2qhek",
  "num_tests": 100,
  "num_successes": 88,
  "batch_size": 10,
  "accuracy": 0.875,
  "violation_precision": 0.9230769230769231,
  "non_violation_precision": 0.8367346938775511,
  "violation_recall": 0.8181818181818182,
  "non_violation_recall": 0.9318181818181818,
  "confusion_matrix": [
    [
      41,
      3
    ],
    [
      8,
      36
    ]
  ]
}