{
  "model": "openai/gpt-4o-mini",
  "directory": "compareCommunities5/t5_2vq0w/t5_2qhds",
  "num_tests": 100,
  "num_successes": 82,
  "batch_size": 5,
  "accuracy": 0.8780487804878049,
  "violation_precision": 0.9444444444444444,
  "non_violation_precision": 0.8260869565217391,
  "violation_recall": 0.8095238095238095,
  "non_violation_recall": 0.95,
  "confusion_matrix": [
    [
      38,
      2
    ],
    [
      8,
      34
    ]
  ]
}