{
  "model": "openai/gpt-4o-mini",
  "directory": "compareCommunities10/t5_2we2n/t5_2qh6c",
  "num_tests": 100,
  "num_successes": 83,
  "batch_size": 10,
  "accuracy": 0.8192771084337349,
  "violation_precision": 0.7358490566037735,
  "non_violation_precision": 0.9666666666666667,
  "violation_recall": 0.975,
  "non_violation_recall": 0.6744186046511628,
  "confusion_matrix": [
    [
      29,
      14
    ],
    [
      1,
      39
    ]
  ]
}