{
  "model": "openai/gpt-4o-mini",
  "directory": "compareCommunities5/t5_2rawz/t5_2qknd",
  "num_tests": 100,
  "num_successes": 95,
  "batch_size": 5,
  "accuracy": 0.7157894736842105,
  "violation_precision": 0.9166666666666666,
  "non_violation_precision": 0.647887323943662,
  "violation_recall": 0.46808510638297873,
  "non_violation_recall": 0.9583333333333334,
  "confusion_matrix": [
    [
      46,
      2
    ],
    [
      25,
      22
    ]
  ]
}