{
  "model": "openai/gpt-4o-mini",
  "directory": "compareCommunities5/t5_2qh2s/t5_2xhvq",
  "num_tests": 100,
  "num_successes": 96,
  "batch_size": 5,
  "accuracy": 0.8541666666666666,
  "violation_precision": 0.8666666666666667,
  "non_violation_precision": 0.8431372549019608,
  "violation_recall": 0.8297872340425532,
  "non_violation_recall": 0.8775510204081632,
  "confusion_matrix": [
    [
      43,
      6
    ],
    [
      8,
      39
    ]
  ]
}