{
  "model": "openai/gpt-4o-mini",
  "directory": "compareCommunities5/t5_2qhvo/t5_2qh6c",
  "num_tests": 100,
  "num_successes": 85,
  "batch_size": 5,
  "accuracy": 0.8352941176470589,
  "violation_precision": 0.7647058823529411,
  "non_violation_precision": 0.9411764705882353,
  "violation_recall": 0.9512195121951219,
  "non_violation_recall": 0.7272727272727273,
  "confusion_matrix": [
    [
      32,
      12
    ],
    [
      2,
      39
    ]
  ]
}