{
  "model": "openai/gpt-4o-mini",
  "directory": "compareCommunities10/t5_2qh2s/t5_3d4x4",
  "num_tests": 100,
  "num_successes": 95,
  "batch_size": 10,
  "accuracy": 0.8631578947368421,
  "violation_precision": 0.8269230769230769,
  "non_violation_precision": 0.9069767441860465,
  "violation_recall": 0.9148936170212766,
  "non_violation_recall": 0.8125,
  "confusion_matrix": [
    [
      39,
      9
    ],
    [
      4,
      43
    ]
  ]
}