{
  "model": "openai/gpt-4o-mini",
  "directory": "compareCommunities10/t5_3h47q/t5_2qh2v",
  "num_tests": 100,
  "num_successes": 70,
  "batch_size": 10,
  "accuracy": 0.8714285714285714,
  "violation_precision": 0.9142857142857143,
  "non_violation_precision": 0.8285714285714286,
  "violation_recall": 0.8421052631578947,
  "non_violation_recall": 0.90625,
  "confusion_matrix": [
    [
      29,
      3
    ],
    [
      6,
      32
    ]
  ]
}