{
  "model": "openai/gpt-4o-mini",
  "directory": "compareCommunities5/t5_3h47q/t5_2qh3p",
  "num_tests": 100,
  "num_successes": 94,
  "batch_size": 5,
  "accuracy": 0.7872340425531915,
  "violation_precision": 0.7547169811320755,
  "non_violation_precision": 0.8292682926829268,
  "violation_recall": 0.851063829787234,
  "non_violation_recall": 0.723404255319149,
  "confusion_matrix": [
    [
      34,
      13
    ],
    [
      7,
      40
    ]
  ]
}