{
  "model": "openai/gpt-4o-mini",
  "directory": "compareCommunities10/t5_2qh3p/t5_2qh2s",
  "num_tests": 100,
  "num_successes": 93,
  "batch_size": 10,
  "accuracy": 0.8602150537634409,
  "violation_precision": 0.8780487804878049,
  "non_violation_precision": 0.8461538461538461,
  "violation_recall": 0.8181818181818182,
  "non_violation_recall": 0.8979591836734694,
  "confusion_matrix": [
    [
      44,
      5
    ],
    [
      8,
      36
    ]
  ]
}