{
  "model": "openai/gpt-4o-mini",
  "directory": "compareCommunities5/t5_hcycg/t5_3h47q",
  "num_tests": 100,
  "num_successes": 95,
  "batch_size": 5,
  "accuracy": 0.7789473684210526,
  "violation_precision": 0.868421052631579,
  "non_violation_precision": 0.7192982456140351,
  "violation_recall": 0.673469387755102,
  "non_violation_recall": 0.8913043478260869,
  "confusion_matrix": [
    [
      41,
      5
    ],
    [
      16,
      33
    ]
  ]
}