{
  "model": "openai/gpt-4o-mini",
  "directory": "compareCommunities5/t5_2qhvo/t5_2we2n",
  "num_tests": 100,
  "num_successes": 98,
  "batch_size": 5,
  "accuracy": 0.8163265306122449,
  "violation_precision": 0.8974358974358975,
  "non_violation_precision": 0.7627118644067796,
  "violation_recall": 0.7142857142857143,
  "non_violation_recall": 0.9183673469387755,
  "confusion_matrix": [
    [
      45,
      4
    ],
    [
      14,
      35
    ]
  ]
}