{
  "model": "openai/gpt-4o-mini",
  "directory": "compareCommunities10/t5_10qj6b/t5_2qlxw",
  "num_tests": 100,
  "num_successes": 81,
  "batch_size": 10,
  "accuracy": 0.9135802469135802,
  "violation_precision": 0.8837209302325582,
  "non_violation_precision": 0.9473684210526315,
  "violation_recall": 0.95,
  "non_violation_recall": 0.8780487804878049,
  "confusion_matrix": [
    [
      36,
      5
    ],
    [
      2,
      38
    ]
  ]
}