{
  "model": "openai/gpt-4o-mini",
  "directory": "compareCommunities10/t5_2xhvq/t5_2qky2",
  "num_tests": 100,
  "num_successes": 86,
  "batch_size": 10,
  "accuracy": 0.813953488372093,
  "violation_precision": 0.78,
  "non_violation_precision": 0.8611111111111112,
  "violation_recall": 0.8863636363636364,
  "non_violation_recall": 0.7380952380952381,
  "confusion_matrix": [
    [
      31,
      11
    ],
    [
      5,
      39
    ]
  ]
}