{
  "model": "openai/gpt-4o-mini",
  "directory": "compareCommunities10/t5_2qky2/t5_2qky2",
  "num_tests": 100,
  "num_successes": 87,
  "batch_size": 10,
  "accuracy": 0.8160919540229885,
  "violation_precision": 0.7659574468085106,
  "non_violation_precision": 0.875,
  "violation_recall": 0.8780487804878049,
  "non_violation_recall": 0.7608695652173914,
  "confusion_matrix": [
    [
      35,
      11
    ],
    [
      5,
      36
    ]
  ]
}