{
  "model": "openai/gpt-4o-mini",
  "directory": "compareCommunities10/t5_3cr3o/t5_2qh3p",
  "num_tests": 100,
  "num_successes": 74,
  "batch_size": 10,
  "accuracy": 0.6621621621621622,
  "violation_precision": 0.6153846153846154,
  "non_violation_precision": 0.7727272727272727,
  "violation_recall": 0.8648648648648649,
  "non_violation_recall": 0.4594594594594595,
  "confusion_matrix": [
    [
      17,
      20
    ],
    [
      5,
      32
    ]
  ]
}