{
  "model": "openai/gpt-4o-mini",
  "directory": "compareCommunities10/t5_2w2s8/t5_2qh2v",
  "num_tests": 100,
  "num_successes": 77,
  "batch_size": 10,
  "accuracy": 0.8961038961038961,
  "violation_precision": 0.8888888888888888,
  "non_violation_precision": 0.9024390243902439,
  "violation_recall": 0.8888888888888888,
  "non_violation_recall": 0.9024390243902439,
  "confusion_matrix": [
    [
      37,
      4
    ],
    [
      4,
      32
    ]
  ]
}