{
  "model": "openai/gpt-4o-mini",
  "directory": "compareCommunities5/t5_2qh2v/t5_2sokd",
  "num_tests": 100,
  "num_successes": 97,
  "batch_size": 5,
  "accuracy": 0.7525773195876289,
  "violation_precision": 0.8,
  "non_violation_precision": 0.7192982456140351,
  "violation_recall": 0.6666666666666666,
  "non_violation_recall": 0.8367346938775511,
  "confusion_matrix": [
    [
      41,
      8
    ],
    [
      16,
      32
    ]
  ]
}