{
  "model": "openai/gpt-4o-mini",
  "directory": "compareCommunities10/t5_2qky2/t5_2sokd",
  "num_tests": 100,
  "num_successes": 68,
  "batch_size": 10,
  "accuracy": 0.7941176470588235,
  "violation_precision": 0.7931034482758621,
  "non_violation_precision": 0.7948717948717948,
  "violation_recall": 0.7419354838709677,
  "non_violation_recall": 0.8378378378378378,
  "confusion_matrix": [
    [
      31,
      6
    ],
    [
      8,
      23
    ]
  ]
}