{
  "model": "openai/gpt-4o-mini",
  "directory": "compareCommunities10/t5_2rawz/t5_2qh6c",
  "num_tests": 100,
  "num_successes": 93,
  "batch_size": 10,
  "accuracy": 0.8279569892473119,
  "violation_precision": 0.7777777777777778,
  "non_violation_precision": 0.8974358974358975,
  "violation_recall": 0.9130434782608695,
  "non_violation_recall": 0.7446808510638298,
  "confusion_matrix": [
    [
      35,
      12
    ],
    [
      4,
      42
    ]
  ]
}