{
  "model": "openai/gpt-4o-mini",
  "directory": "compareCommunities10/t5_10qj6b/t5_2sokd",
  "num_tests": 100,
  "num_successes": 69,
  "batch_size": 10,
  "accuracy": 0.8115942028985508,
  "violation_precision": 0.8387096774193549,
  "non_violation_precision": 0.7894736842105263,
  "violation_recall": 0.7647058823529411,
  "non_violation_recall": 0.8571428571428571,
  "confusion_matrix": [
    [
      30,
      5
    ],
    [
      8,
      26
    ]
  ]
}