{
  "model": "openai/gpt-4o-mini",
  "directory": "compareCommunities10/t5_2r05i/t5_2qhek",
  "num_tests": 100,
  "num_successes": 96,
  "batch_size": 10,
  "accuracy": 0.84375,
  "violation_precision": 0.9444444444444444,
  "non_violation_precision": 0.7833333333333333,
  "violation_recall": 0.723404255319149,
  "non_violation_recall": 0.9591836734693877,
  "confusion_matrix": [
    [
      47,
      2
    ],
    [
      13,
      34
    ]
  ]
}