{
  "model": "openai/gpt-4o-mini",
  "directory": "compareCommunities10/t5_2rawz/t5_3d4x4",
  "num_tests": 100,
  "num_successes": 85,
  "batch_size": 10,
  "accuracy": 0.8235294117647058,
  "violation_precision": 0.7547169811320755,
  "non_violation_precision": 0.9375,
  "violation_recall": 0.9523809523809523,
  "non_violation_recall": 0.6976744186046512,
  "confusion_matrix": [
    [
      30,
      13
    ],
    [
      2,
      40
    ]
  ]
}