{
  "model": "openai/gpt-4o-mini",
  "directory": "compareCommunities5/t5_2sokd/t5_2qky2",
  "num_tests": 100,
  "num_successes": 96,
  "batch_size": 5,
  "accuracy": 0.7291666666666666,
  "violation_precision": 0.6851851851851852,
  "non_violation_precision": 0.7857142857142857,
  "violation_recall": 0.8043478260869565,
  "non_violation_recall": 0.66,
  "confusion_matrix": [
    [
      33,
      17
    ],
    [
      9,
      37
    ]
  ]
}