{
  "model": "openai/gpt-4o-mini",
  "directory": "compareCommunities5/t5_3560n/t5_2qky2",
  "num_tests": 100,
  "num_successes": 95,
  "batch_size": 5,
  "accuracy": 0.7263157894736842,
  "violation_precision": 0.671875,
  "non_violation_precision": 0.8387096774193549,
  "violation_recall": 0.8958333333333334,
  "non_violation_recall": 0.5531914893617021,
  "confusion_matrix": [
    [
      26,
      21
    ],
    [
      5,
      43
    ]
  ]
}