{
  "model": "openai/gpt-4o-mini",
  "directory": "compareCommunities5/t5_3h47q/t5_2qhw9",
  "num_tests": 100,
  "num_successes": 90,
  "batch_size": 5,
  "accuracy": 0.8444444444444444,
  "violation_precision": 0.8666666666666667,
  "non_violation_precision": 0.8222222222222222,
  "violation_recall": 0.8297872340425532,
  "non_violation_recall": 0.8604651162790697,
  "confusion_matrix": [
    [
      37,
      6
    ],
    [
      8,
      39
    ]
  ]
}