{
  "model": "openai/gpt-4o-mini",
  "directory": "compareCommunities5/t5_2r05i/t5_2xhvq",
  "num_tests": 100,
  "num_successes": 92,
  "batch_size": 5,
  "accuracy": 0.8478260869565217,
  "violation_precision": 0.8478260869565217,
  "non_violation_precision": 0.8478260869565217,
  "violation_recall": 0.8478260869565217,
  "non_violation_recall": 0.8478260869565217,
  "confusion_matrix": [
    [
      39,
      7
    ],
    [
      7,
      39
    ]
  ]
}