{
  "model": "openai/gpt-4o-mini",
  "directory": "compareCommunities10/t5_2rnve/t5_2r05i",
  "num_tests": 100,
  "num_successes": 76,
  "batch_size": 10,
  "accuracy": 0.8947368421052632,
  "violation_precision": 0.96875,
  "non_violation_precision": 0.8409090909090909,
  "violation_recall": 0.8157894736842105,
  "non_violation_recall": 0.9736842105263158,
  "confusion_matrix": [
    [
      37,
      1
    ],
    [
      7,
      31
    ]
  ]
}