{
  "model": "openai/gpt-4o-mini",
  "directory": "compareCommunities5/t5_2qh2s/t5_hcycg",
  "num_tests": 100,
  "num_successes": 91,
  "batch_size": 5,
  "accuracy": 0.7912087912087912,
  "violation_precision": 0.9090909090909091,
  "non_violation_precision": 0.7241379310344828,
  "violation_recall": 0.6521739130434783,
  "non_violation_recall": 0.9333333333333333,
  "confusion_matrix": [
    [
      42,
      3
    ],
    [
      16,
      30
    ]
  ]
}