{
  "model": "openai/gpt-4o-mini",
  "directory": "compareCommunities5/t5_2vjre/t5_2qhvo",
  "num_tests": 100,
  "num_successes": 78,
  "batch_size": 5,
  "accuracy": 0.7564102564102564,
  "violation_precision": 0.8571428571428571,
  "non_violation_precision": 0.7,
  "violation_recall": 0.6153846153846154,
  "non_violation_recall": 0.8974358974358975,
  "confusion_matrix": [
    [
      35,
      4
    ],
    [
      15,
      24
    ]
  ]
}