{
  "model": "openai/gpt-4o-mini",
  "directory": "compareCommunities5/t5_2xhvq/t5_2qh6c",
  "num_tests": 100,
  "num_successes": 95,
  "batch_size": 5,
  "accuracy": 0.8,
  "violation_precision": 0.7288135593220338,
  "non_violation_precision": 0.9166666666666666,
  "violation_recall": 0.9347826086956522,
  "non_violation_recall": 0.673469387755102,
  "confusion_matrix": [
    [
      33,
      16
    ],
    [
      3,
      43
    ]
  ]
}