{
  "model": "openai/gpt-4o-mini",
  "directory": "compareCommunities10/t5_3560n/t5_2sokd",
  "num_tests": 100,
  "num_successes": 82,
  "batch_size": 10,
  "accuracy": 0.8048780487804879,
  "violation_precision": 0.8285714285714286,
  "non_violation_precision": 0.7872340425531915,
  "violation_recall": 0.7435897435897436,
  "non_violation_recall": 0.8604651162790697,
  "confusion_matrix": [
    [
      37,
      6
    ],
    [
      10,
      29
    ]
  ]
}