{
  "model": "openai/gpt-4o-mini",
  "directory": "compareCommunities5/t5_2qh6c/t5_2qhds",
  "num_tests": 100,
  "num_successes": 92,
  "batch_size": 5,
  "accuracy": 0.8369565217391305,
  "violation_precision": 0.8947368421052632,
  "non_violation_precision": 0.7962962962962963,
  "violation_recall": 0.7555555555555555,
  "non_violation_recall": 0.9148936170212766,
  "confusion_matrix": [
    [
      43,
      4
    ],
    [
      11,
      34
    ]
  ]
}