{
  "model": "openai/gpt-oss-120b:free",
  "directory": "compareCommunities/t5_2qstm/t5_2te6p",
  "num_tests": 100,
  "num_successes": 99,
  "batch_size": 20,
  "accuracy": 0.7272727272727273,
  "violation_precision": 0.6964285714285714,
  "non_violation_precision": 0.7674418604651163,
  "violation_recall": 0.7959183673469388,
  "non_violation_recall": 0.66,
  "confusion_matrix": [
    [
      33,
      17
    ],
    [
      10,
      39
    ]
  ]
}