{
  "model": "qwen2.5:7b-instruct",
  "prompt": "ThreeShot",
  "num_tests": 100,
  "batch_size": 20,
  "accuracy": 0.8214285714285714,
  "violation_precision": 0.8536585365853658,
  "non_violation_precision": 0.7906976744186046,
  "violation_recall": 0.7954545454545454,
  "non_violation_recall": 0.85,
  "confusion_matrix": [
    [
      34,
      6
    ],
    [
      9,
      35
    ]
  ]
}