{
  "model": "openai/gpt-4o-mini",
  "directory": "compareCommunities10/t5_2qhds/t5_2qho4",
  "num_tests": 100,
  "num_successes": 67,
  "batch_size": 10,
  "accuracy": 0.835820895522388,
  "violation_precision": 0.8333333333333334,
  "non_violation_precision": 0.8387096774193549,
  "violation_recall": 0.8571428571428571,
  "non_violation_recall": 0.8125,
  "confusion_matrix": [
    [
      26,
      6
    ],
    [
      5,
      30
    ]
  ]
}