{
  "model": "openai/gpt-4o-mini",
  "directory": "compareCommunities5/t5_3cr3o/t5_2qhw9",
  "num_tests": 100,
  "num_successes": 96,
  "batch_size": 5,
  "accuracy": 0.875,
  "violation_precision": 0.8775510204081632,
  "non_violation_precision": 0.8723404255319149,
  "violation_recall": 0.8775510204081632,
  "non_violation_recall": 0.8723404255319149,
  "confusion_matrix": [
    [
      41,
      6
    ],
    [
      6,
      43
    ]
  ]
}