{
  "model": "openai/gpt-4o-mini",
  "directory": "compareCommunities5/t5_2qhff/t5_2qh3p",
  "num_tests": 100,
  "num_successes": 92,
  "batch_size": 5,
  "accuracy": 0.8369565217391305,
  "violation_precision": 0.803921568627451,
  "non_violation_precision": 0.8780487804878049,
  "violation_recall": 0.8913043478260869,
  "non_violation_recall": 0.782608695652174,
  "confusion_matrix": [
    [
      36,
      10
    ],
    [
      5,
      41
    ]
  ]
}