{
  "model": "openai/gpt-4o-mini",
  "directory": "compareCommunities10/t5_2qh2s/t5_10qj6b",
  "num_tests": 100,
  "num_successes": 92,
  "batch_size": 10,
  "accuracy": 0.8043478260869565,
  "violation_precision": 0.8181818181818182,
  "non_violation_precision": 0.7916666666666666,
  "violation_recall": 0.782608695652174,
  "non_violation_recall": 0.8260869565217391,
  "confusion_matrix": [
    [
      38,
      8
    ],
    [
      10,
      36
    ]
  ]
}