{
  "model": "openai/gpt-4o-mini",
  "directory": "compareCommunities10/t5_2xhvq/t5_hcycg",
  "num_tests": 100,
  "num_successes": 83,
  "batch_size": 10,
  "accuracy": 0.7710843373493976,
  "violation_precision": 0.8888888888888888,
  "non_violation_precision": 0.7142857142857143,
  "violation_recall": 0.6,
  "non_violation_recall": 0.9302325581395349,
  "confusion_matrix": [
    [
      40,
      3
    ],
    [
      16,
      24
    ]
  ]
}