{
  "model": "openai/gpt-4o-mini",
  "directory": "compareCommunities5/t5_2qky2/t5_2xhvq",
  "num_tests": 100,
  "num_successes": 94,
  "batch_size": 5,
  "accuracy": 0.8404255319148937,
  "violation_precision": 0.8333333333333334,
  "non_violation_precision": 0.8478260869565217,
  "violation_recall": 0.851063829787234,
  "non_violation_recall": 0.8297872340425532,
  "confusion_matrix": [
    [
      39,
      8
    ],
    [
      7,
      40
    ]
  ]
}