{
  "model": "openai/gpt-4o-mini",
  "directory": "compareCommunities5/t5_2xhvq/t5_2qhw9",
  "num_tests": 100,
  "num_successes": 95,
  "batch_size": 5,
  "accuracy": 0.8631578947368421,
  "violation_precision": 0.8913043478260869,
  "non_violation_precision": 0.8367346938775511,
  "violation_recall": 0.8367346938775511,
  "non_violation_recall": 0.8913043478260869,
  "confusion_matrix": [
    [
      41,
      5
    ],
    [
      8,
      41
    ]
  ]
}