{
  "model": "openai/gpt-4o-mini",
  "directory": "compareCommunities10/t5_3onkg/t5_10qj6b",
  "num_tests": 100,
  "num_successes": 88,
  "batch_size": 10,
  "accuracy": 0.7727272727272727,
  "violation_precision": 0.7446808510638298,
  "non_violation_precision": 0.8048780487804879,
  "violation_recall": 0.813953488372093,
  "non_violation_recall": 0.7333333333333333,
  "confusion_matrix": [
    [
      33,
      12
    ],
    [
      8,
      35
    ]
  ]
}