{
  "model": "openai/gpt-4o-mini",
  "directory": "compareCommunities10/t5_2qlxw/t5_2qlxw",
  "num_tests": 100,
  "num_successes": 86,
  "batch_size": 10,
  "accuracy": 0.872093023255814,
  "violation_precision": 0.8478260869565217,
  "non_violation_precision": 0.9,
  "violation_recall": 0.9069767441860465,
  "non_violation_recall": 0.8372093023255814,
  "confusion_matrix": [
    [
      36,
      7
    ],
    [
      4,
      39
    ]
  ]
}