{
  "model": "openai/gpt-4o-mini",
  "directory": "compareCommunities10/t5_2qhff/t5_2qh2s",
  "num_tests": 100,
  "num_successes": 89,
  "batch_size": 10,
  "accuracy": 0.7415730337078652,
  "violation_precision": 0.8484848484848485,
  "non_violation_precision": 0.6785714285714286,
  "violation_recall": 0.6086956521739131,
  "non_violation_recall": 0.8837209302325582,
  "confusion_matrix": [
    [
      38,
      5
    ],
    [
      18,
      28
    ]
  ]
}