{
  "model": "openai/gpt-4o-mini",
  "directory": "compareCommunities10/t5_2te6p/t5_2w2s8",
  "num_tests": 100,
  "num_successes": 83,
  "batch_size": 10,
  "accuracy": 0.8072289156626506,
  "violation_precision": 0.8285714285714286,
  "non_violation_precision": 0.7916666666666666,
  "violation_recall": 0.7435897435897436,
  "non_violation_recall": 0.8636363636363636,
  "confusion_matrix": [
    [
      38,
      6
    ],
    [
      10,
      29
    ]
  ]
}