{
  "model": "openai/gpt-4o-mini",
  "directory": "compareCommunities10/t5_3560n/t5_2qhw9",
  "num_tests": 100,
  "num_successes": 93,
  "batch_size": 10,
  "accuracy": 0.8602150537634409,
  "violation_precision": 0.8571428571428571,
  "non_violation_precision": 0.8636363636363636,
  "violation_recall": 0.875,
  "non_violation_recall": 0.8444444444444444,
  "confusion_matrix": [
    [
      38,
      7
    ],
    [
      6,
      42
    ]
  ]
}