{
  "model": "openai/gpt-4o-mini",
  "directory": "compareCommunities5/t5_2qlxw/t5_hcycg",
  "num_tests": 100,
  "num_successes": 89,
  "batch_size": 5,
  "accuracy": 0.7865168539325843,
  "violation_precision": 0.8571428571428571,
  "non_violation_precision": 0.7407407407407407,
  "violation_recall": 0.6818181818181818,
  "non_violation_recall": 0.8888888888888888,
  "confusion_matrix": [
    [
      40,
      5
    ],
    [
      14,
      30
    ]
  ]
}