{
  "model": "openai/gpt-4o-mini",
  "directory": "compareCommunities10/t5_2qknd/t5_2qky2",
  "num_tests": 100,
  "num_successes": 95,
  "batch_size": 10,
  "accuracy": 0.7684210526315789,
  "violation_precision": 0.7321428571428571,
  "non_violation_precision": 0.8205128205128205,
  "violation_recall": 0.8541666666666666,
  "non_violation_recall": 0.6808510638297872,
  "confusion_matrix": [
    [
      32,
      15
    ],
    [
      7,
      41
    ]
  ]
}