{
  "model": "openai/gpt-4o-mini",
  "directory": "compareCommunities10/t5_2qhvo/t5_3560n",
  "num_tests": 100,
  "num_successes": 88,
  "batch_size": 10,
  "accuracy": 0.8409090909090909,
  "violation_precision": 0.8947368421052632,
  "non_violation_precision": 0.8,
  "violation_recall": 0.7727272727272727,
  "non_violation_recall": 0.9090909090909091,
  "confusion_matrix": [
    [
      40,
      4
    ],
    [
      10,
      34
    ]
  ]
}