{
  "model": "openai/gpt-4o-mini",
  "directory": "compareCommunities5/t5_3560n/t5_2vq0w",
  "num_tests": 100,
  "num_successes": 83,
  "batch_size": 5,
  "accuracy": 0.8795180722891566,
  "violation_precision": 0.9024390243902439,
  "non_violation_precision": 0.8571428571428571,
  "violation_recall": 0.8604651162790697,
  "non_violation_recall": 0.9,
  "confusion_matrix": [
    [
      36,
      4
    ],
    [
      6,
      37
    ]
  ]
}