{
  "model": "openai/gpt-4o-mini",
  "directory": "compareCommunities5/t5_2r05i/t5_2qhvo",
  "num_tests": 100,
  "num_successes": 84,
  "batch_size": 5,
  "accuracy": 0.7976190476190477,
  "violation_precision": 0.8,
  "non_violation_precision": 0.7954545454545454,
  "violation_recall": 0.7804878048780488,
  "non_violation_recall": 0.813953488372093,
  "confusion_matrix": [
    [
      35,
      8
    ],
    [
      9,
      32
    ]
  ]
}