{
  "model": "openai/gpt-4o-mini",
  "directory": "compareCommunities10/t5_3h47q/t5_2qho4",
  "num_tests": 100,
  "num_successes": 57,
  "batch_size": 10,
  "accuracy": 0.8596491228070176,
  "violation_precision": 0.8620689655172413,
  "non_violation_precision": 0.8571428571428571,
  "violation_recall": 0.8620689655172413,
  "non_violation_recall": 0.8571428571428571,
  "confusion_matrix": [
    [
      24,
      4
    ],
    [
      4,
      25
    ]
  ]
}