{
  "model": "openai/gpt-4o-mini",
  "directory": "compareCommunities10/t5_2qhw9/t5_2qho4",
  "num_tests": 100,
  "num_successes": 84,
  "batch_size": 10,
  "accuracy": 0.8809523809523809,
  "violation_precision": 0.8809523809523809,
  "non_violation_precision": 0.8809523809523809,
  "violation_recall": 0.8809523809523809,
  "non_violation_recall": 0.8809523809523809,
  "confusion_matrix": [
    [
      37,
      5
    ],
    [
      5,
      37
    ]
  ]
}