{
  "model": "openai/gpt-4o-mini",
  "directory": "compareCommunities5/t5_2rnve/t5_3onkg",
  "num_tests": 100,
  "num_successes": 96,
  "batch_size": 5,
  "accuracy": 0.8645833333333334,
  "violation_precision": 0.84,
  "non_violation_precision": 0.8913043478260869,
  "violation_recall": 0.8936170212765957,
  "non_violation_recall": 0.8367346938775511,
  "confusion_matrix": [
    [
      41,
      8
    ],
    [
      5,
      42
    ]
  ]
}