{
  "model": "openai/gpt-4o-mini",
  "directory": "compareCommunities5/t5_2qstm/t5_2qhff",
  "num_tests": 100,
  "num_successes": 90,
  "batch_size": 5,
  "accuracy": 0.8111111111111111,
  "violation_precision": 0.7636363636363637,
  "non_violation_precision": 0.8857142857142857,
  "violation_recall": 0.9130434782608695,
  "non_violation_recall": 0.7045454545454546,
  "confusion_matrix": [
    [
      31,
      13
    ],
    [
      4,
      42
    ]
  ]
}