{
  "model": "openai/gpt-4o-mini",
  "directory": "compareCommunities10/t5_2sokd/t5_2qh2s",
  "num_tests": 100,
  "num_successes": 83,
  "batch_size": 10,
  "accuracy": 0.7951807228915663,
  "violation_precision": 0.8333333333333334,
  "non_violation_precision": 0.7659574468085106,
  "violation_recall": 0.7317073170731707,
  "non_violation_recall": 0.8571428571428571,
  "confusion_matrix": [
    [
      36,
      6
    ],
    [
      11,
      30
    ]
  ]
}