{
  "model": "openai/gpt-4o-mini",
  "directory": "compareCommunities5/t5_3onkg/t5_2vq0w",
  "num_tests": 100,
  "num_successes": 88,
  "batch_size": 5,
  "accuracy": 0.8522727272727273,
  "violation_precision": 0.8780487804878049,
  "non_violation_precision": 0.8297872340425532,
  "violation_recall": 0.8181818181818182,
  "non_violation_recall": 0.8863636363636364,
  "confusion_matrix": [
    [
      39,
      5
    ],
    [
      8,
      36
    ]
  ]
}