{
  "model": "openai/gpt-4o-mini",
  "directory": "compareCommunities10/t5_2qhff/t5_2qh6c",
  "num_tests": 100,
  "num_successes": 87,
  "batch_size": 10,
  "accuracy": 0.8045977011494253,
  "violation_precision": 0.7142857142857143,
  "non_violation_precision": 0.967741935483871,
  "violation_recall": 0.975609756097561,
  "non_violation_recall": 0.6521739130434783,
  "confusion_matrix": [
    [
      30,
      16
    ],
    [
      1,
      40
    ]
  ]
}