{
  "model": "openai/gpt-4o-mini",
  "directory": "compareCommunities10/t5_2r05i/t5_2qho4",
  "num_tests": 100,
  "num_successes": 79,
  "batch_size": 10,
  "accuracy": 0.8734177215189873,
  "violation_precision": 0.85,
  "non_violation_precision": 0.8974358974358975,
  "violation_recall": 0.8947368421052632,
  "non_violation_recall": 0.8536585365853658,
  "confusion_matrix": [
    [
      35,
      6
    ],
    [
      4,
      34
    ]
  ]
}