{
  "model": "openai/gpt-4o-mini",
  "directory": "compareCommunities10/t5_2qh2v/t5_2qhek",
  "num_tests": 100,
  "num_successes": 90,
  "batch_size": 10,
  "accuracy": 0.8555555555555555,
  "violation_precision": 0.9666666666666667,
  "non_violation_precision": 0.8,
  "violation_recall": 0.7073170731707317,
  "non_violation_recall": 0.9795918367346939,
  "confusion_matrix": [
    [
      48,
      1
    ],
    [
      12,
      29
    ]
  ]
}