{
  "model": "openai/gpt-4o-mini",
  "directory": "compareCommunities5/t5_2qhek/t5_2w2s8",
  "num_tests": 100,
  "num_successes": 96,
  "batch_size": 5,
  "accuracy": 0.8229166666666666,
  "violation_precision": 0.8,
  "non_violation_precision": 0.8478260869565217,
  "violation_recall": 0.851063829787234,
  "non_violation_recall": 0.7959183673469388,
  "confusion_matrix": [
    [
      39,
      10
    ],
    [
      7,
      40
    ]
  ]
}