{
  "model": "openai/gpt-4o-mini",
  "directory": "compareCommunities10/t5_2qhff/t5_2qh2v",
  "num_tests": 100,
  "num_successes": 72,
  "batch_size": 10,
  "accuracy": 0.8888888888888888,
  "violation_precision": 0.8378378378378378,
  "non_violation_precision": 0.9428571428571428,
  "violation_recall": 0.9393939393939394,
  "non_violation_recall": 0.8461538461538461,
  "confusion_matrix": [
    [
      33,
      6
    ],
    [
      2,
      31
    ]
  ]
}