{
  "model": "openai/gpt-4o-mini",
  "directory": "compareCommunities5/t5_2qh6c/t5_2qhvo",
  "num_tests": 100,
  "num_successes": 76,
  "batch_size": 5,
  "accuracy": 0.8026315789473685,
  "violation_precision": 0.8484848484848485,
  "non_violation_precision": 0.7674418604651163,
  "violation_recall": 0.7368421052631579,
  "non_violation_recall": 0.868421052631579,
  "confusion_matrix": [
    [
      33,
      5
    ],
    [
      10,
      28
    ]
  ]
}