{
  "model": "openai/gpt-4o-mini",
  "directory": "compareCommunities10/t5_2vq0w/t5_3d4x4",
  "num_tests": 100,
  "num_successes": 87,
  "batch_size": 10,
  "accuracy": 0.8850574712643678,
  "violation_precision": 0.8367346938775511,
  "non_violation_precision": 0.9473684210526315,
  "violation_recall": 0.9534883720930233,
  "non_violation_recall": 0.8181818181818182,
  "confusion_matrix": [
    [
      36,
      8
    ],
    [
      2,
      41
    ]
  ]
}