{
  "model": "openai/gpt-4o-mini",
  "directory": "compareCommunities5/t5_3h47q/t5_2qho4",
  "num_tests": 100,
  "num_successes": 95,
  "batch_size": 5,
  "accuracy": 0.8421052631578947,
  "violation_precision": 0.7931034482758621,
  "non_violation_precision": 0.918918918918919,
  "violation_recall": 0.9387755102040817,
  "non_violation_recall": 0.7391304347826086,
  "confusion_matrix": [
    [
      34,
      12
    ],
    [
      3,
      46
    ]
  ]
}