{
  "model": "openai/gpt-4o-mini",
  "directory": "compareCommunities5/t5_2qhek/t5_2qho4",
  "num_tests": 100,
  "num_successes": 85,
  "batch_size": 5,
  "accuracy": 0.8588235294117647,
  "violation_precision": 0.8,
  "non_violation_precision": 0.9428571428571428,
  "violation_recall": 0.9523809523809523,
  "non_violation_recall": 0.7674418604651163,
  "confusion_matrix": [
    [
      33,
      10
    ],
    [
      2,
      40
    ]
  ]
}