{
  "model": "openai/gpt-4o-mini",
  "directory": "compareCommunities5/t5_2qhff/t5_2w2s8",
  "num_tests": 100,
  "num_successes": 88,
  "batch_size": 5,
  "accuracy": 0.75,
  "violation_precision": 0.7948717948717948,
  "non_violation_precision": 0.7142857142857143,
  "violation_recall": 0.6888888888888889,
  "non_violation_recall": 0.813953488372093,
  "confusion_matrix": [
    [
      35,
      8
    ],
    [
      14,
      31
    ]
  ]
}