{
  "model": "openai/gpt-4o-mini",
  "directory": "compareCommunities10/t5_10qj6b/t5_2qh6c",
  "num_tests": 100,
  "num_successes": 71,
  "batch_size": 10,
  "accuracy": 0.8732394366197183,
  "violation_precision": 0.825,
  "non_violation_precision": 0.9354838709677419,
  "violation_recall": 0.9428571428571428,
  "non_violation_recall": 0.8055555555555556,
  "confusion_matrix": [
    [
      29,
      7
    ],
    [
      2,
      33
    ]
  ]
}