{
  "model": "openai/gpt-4o-mini",
  "directory": "compareCommunities5/t5_2qh6c/t5_2qhw9",
  "num_tests": 100,
  "num_successes": 94,
  "batch_size": 5,
  "accuracy": 0.8829787234042553,
  "violation_precision": 0.9130434782608695,
  "non_violation_precision": 0.8541666666666666,
  "violation_recall": 0.8571428571428571,
  "non_violation_recall": 0.9111111111111111,
  "confusion_matrix": [
    [
      41,
      4
    ],
    [
      7,
      42
    ]
  ]
}