{
  "model": "openai/gpt-4o-mini",
  "directory": "compareCommunities10/t5_2r05i/t5_2r05i",
  "num_tests": 100,
  "num_successes": 90,
  "batch_size": 10,
  "accuracy": 0.8666666666666667,
  "violation_precision": 0.9459459459459459,
  "non_violation_precision": 0.8113207547169812,
  "violation_recall": 0.7777777777777778,
  "non_violation_recall": 0.9555555555555556,
  "confusion_matrix": [
    [
      43,
      2
    ],
    [
      10,
      35
    ]
  ]
}