{
  "model": "openai/gpt-4o-mini",
  "directory": "compareCommunities10/t5_3d4x4/t5_2qh2s",
  "num_tests": 100,
  "num_successes": 92,
  "batch_size": 10,
  "accuracy": 0.8043478260869565,
  "violation_precision": 0.8571428571428571,
  "non_violation_precision": 0.7719298245614035,
  "violation_recall": 0.6976744186046512,
  "non_violation_recall": 0.8979591836734694,
  "confusion_matrix": [
    [
      44,
      5
    ],
    [
      13,
      30
    ]
  ]
}