{
  "model": "openai/gpt-4o-mini",
  "directory": "compareCommunities5/t5_3d4x4/t5_2xhvq",
  "num_tests": 100,
  "num_successes": 95,
  "batch_size": 5,
  "accuracy": 0.8736842105263158,
  "violation_precision": 0.8913043478260869,
  "non_violation_precision": 0.8571428571428571,
  "violation_recall": 0.8541666666666666,
  "non_violation_recall": 0.8936170212765957,
  "confusion_matrix": [
    [
      42,
      5
    ],
    [
      7,
      41
    ]
  ]
}