{
  "model": "openai/gpt-4o-mini",
  "directory": "compareCommunities5/t5_2qhek/t5_2qh2v",
  "num_tests": 100,
  "num_successes": 84,
  "batch_size": 5,
  "accuracy": 0.8095238095238095,
  "violation_precision": 0.7647058823529411,
  "non_violation_precision": 0.8787878787878788,
  "violation_recall": 0.9069767441860465,
  "non_violation_recall": 0.7073170731707317,
  "confusion_matrix": [
    [
      29,
      12
    ],
    [
      4,
      39
    ]
  ]
}