{
  "model": "openai/gpt-4o-mini",
  "directory": "compareCommunities10/t5_2we2n/t5_2qh3p",
  "num_tests": 100,
  "num_successes": 74,
  "batch_size": 10,
  "accuracy": 0.7837837837837838,
  "violation_precision": 0.7555555555555555,
  "non_violation_precision": 0.8275862068965517,
  "violation_recall": 0.8717948717948718,
  "non_violation_recall": 0.6857142857142857,
  "confusion_matrix": [
    [
      24,
      11
    ],
    [
      5,
      34
    ]
  ]
}