{
  "model": "openai/gpt-4o-mini",
  "directory": "compareCommunities5/t5_2rnve/t5_2qhds",
  "num_tests": 100,
  "num_successes": 89,
  "batch_size": 5,
  "accuracy": 0.8539325842696629,
  "violation_precision": 0.8809523809523809,
  "non_violation_precision": 0.8297872340425532,
  "violation_recall": 0.8222222222222222,
  "non_violation_recall": 0.8863636363636364,
  "confusion_matrix": [
    [
      39,
      5
    ],
    [
      8,
      37
    ]
  ]
}