{
  "model": "openai/gpt-4o-mini",
  "directory": "compareCommunities10/t5_2qknd/t5_2sokd",
  "num_tests": 100,
  "num_successes": 89,
  "batch_size": 10,
  "accuracy": 0.8651685393258427,
  "violation_precision": 0.8809523809523809,
  "non_violation_precision": 0.851063829787234,
  "violation_recall": 0.8409090909090909,
  "non_violation_recall": 0.8888888888888888,
  "confusion_matrix": [
    [
      40,
      5
    ],
    [
      7,
      37
    ]
  ]
}