{
  "model": "openai/gpt-4o-mini",
  "directory": "compareCommunities5/t5_3d4x4/t5_2qho4",
  "num_tests": 100,
  "num_successes": 86,
  "batch_size": 5,
  "accuracy": 0.8604651162790697,
  "violation_precision": 0.8444444444444444,
  "non_violation_precision": 0.8780487804878049,
  "violation_recall": 0.8837209302325582,
  "non_violation_recall": 0.8372093023255814,
  "confusion_matrix": [
    [
      36,
      7
    ],
    [
      5,
      38
    ]
  ]
}