{
  "model": "openai/gpt-4o-mini",
  "directory": "compareCommunities5/t5_2rnve/t5_2vq0w",
  "num_tests": 100,
  "num_successes": 87,
  "batch_size": 5,
  "accuracy": 0.8620689655172413,
  "violation_precision": 0.8478260869565217,
  "non_violation_precision": 0.8780487804878049,
  "violation_recall": 0.8863636363636364,
  "non_violation_recall": 0.8372093023255814,
  "confusion_matrix": [
    [
      36,
      7
    ],
    [
      5,
      39
    ]
  ]
}