{
  "model": "openai/gpt-oss-120b:free",
  "directory": "compareCommunities/t5_2qknd/t5_3h47q",
  "num_tests": 100,
  "num_successes": 99,
  "batch_size": 20,
  "accuracy": 0.7474747474747475,
  "violation_precision": 0.8787878787878788,
  "non_violation_precision": 0.6818181818181818,
  "violation_recall": 0.58,
  "non_violation_recall": 0.9183673469387755,
  "confusion_matrix": [
    [
      45,
      4
    ],
    [
      21,
      29
    ]
  ]
}