{
  "model": "openai/gpt-4o-mini",
  "directory": "compareCommunities10/t5_2te6p/t5_2xhvq",
  "num_tests": 100,
  "num_successes": 91,
  "batch_size": 10,
  "accuracy": 0.9230769230769231,
  "violation_precision": 0.9534883720930233,
  "non_violation_precision": 0.8958333333333334,
  "violation_recall": 0.8913043478260869,
  "non_violation_recall": 0.9555555555555556,
  "confusion_matrix": [
    [
      43,
      2
    ],
    [
      5,
      41
    ]
  ]
}