{
  "model": "openai/gpt-4o-mini",
  "directory": "compareCommunities5/t5_3d4x4/t5_2qhw9",
  "num_tests": 100,
  "num_successes": 94,
  "batch_size": 5,
  "accuracy": 0.8617021276595744,
  "violation_precision": 0.9069767441860465,
  "non_violation_precision": 0.8235294117647058,
  "violation_recall": 0.8125,
  "non_violation_recall": 0.9130434782608695,
  "confusion_matrix": [
    [
      42,
      4
    ],
    [
      9,
      39
    ]
  ]
}