{
  "model": "openai/gpt-oss-120b:free",
  "prompt": "ZeroShot",
  "num_tests": 100,
  "batch_size": 20,
  "accuracy": 0.8469387755102041,
  "violation_precision": 0.851063829787234,
  "non_violation_precision": 0.8431372549019608,
  "violation_recall": 0.8333333333333334,
  "non_violation_recall": 0.86,
  "confusion_matrix": [
    [
      43,
      7
    ],
    [
      8,
      40
    ]
  ]
}