{
  "model": "openai/gpt-4o-mini",
  "directory": "compareCommunities5/t5_2xhvq/t5_2qhek",
  "num_tests": 100,
  "num_successes": 99,
  "batch_size": 5,
  "accuracy": 0.8181818181818182,
  "violation_precision": 0.8636363636363636,
  "non_violation_precision": 0.7818181818181819,
  "violation_recall": 0.76,
  "non_violation_recall": 0.8775510204081632,
  "confusion_matrix": [
    [
      43,
      6
    ],
    [
      12,
      38
    ]
  ]
}