{
  "model": "openai/gpt-4o-mini",
  "directory": "compareCommunities10/t5_2qknd/t5_2qhvo",
  "num_tests": 100,
  "num_successes": 79,
  "batch_size": 10,
  "accuracy": 0.8354430379746836,
  "violation_precision": 0.8571428571428571,
  "non_violation_precision": 0.8181818181818182,
  "violation_recall": 0.7894736842105263,
  "non_violation_recall": 0.8780487804878049,
  "confusion_matrix": [
    [
      36,
      5
    ],
    [
      8,
      30
    ]
  ]
}