{
  "model": "openai/gpt-4o-mini",
  "directory": "compareCommunities10/t5_2qhvo/t5_3d4x4",
  "num_tests": 100,
  "num_successes": 78,
  "batch_size": 10,
  "accuracy": 0.8205128205128205,
  "violation_precision": 0.7346938775510204,
  "non_violation_precision": 0.9655172413793104,
  "violation_recall": 0.972972972972973,
  "non_violation_recall": 0.6829268292682927,
  "confusion_matrix": [
    [
      28,
      13
    ],
    [
      1,
      36
    ]
  ]
}