{
  "model": "openai/gpt-4o-mini",
  "directory": "compareCommunities10/t5_2qstm/t5_2qh6c",
  "num_tests": 100,
  "num_successes": 78,
  "batch_size": 10,
  "accuracy": 0.8589743589743589,
  "violation_precision": 0.7954545454545454,
  "non_violation_precision": 0.9411764705882353,
  "violation_recall": 0.9459459459459459,
  "non_violation_recall": 0.7804878048780488,
  "confusion_matrix": [
    [
      32,
      9
    ],
    [
      2,
      35
    ]
  ]
}