{
  "model": "openai/gpt-4o-mini",
  "directory": "compareCommunities10/t5_2te6p/t5_10qj6b",
  "num_tests": 100,
  "num_successes": 93,
  "batch_size": 10,
  "accuracy": 0.8064516129032258,
  "violation_precision": 0.7755102040816326,
  "non_violation_precision": 0.8409090909090909,
  "violation_recall": 0.8444444444444444,
  "non_violation_recall": 0.7708333333333334,
  "confusion_matrix": [
    [
      37,
      11
    ],
    [
      7,
      38
    ]
  ]
}