{
  "model": "openai/gpt-4o-mini",
  "directory": "compareCommunities10/t5_3560n/t5_2qh3p",
  "num_tests": 100,
  "num_successes": 82,
  "batch_size": 10,
  "accuracy": 0.7560975609756098,
  "violation_precision": 0.7169811320754716,
  "non_violation_precision": 0.8275862068965517,
  "violation_recall": 0.8837209302325582,
  "non_violation_recall": 0.6153846153846154,
  "confusion_matrix": [
    [
      24,
      15
    ],
    [
      5,
      38
    ]
  ]
}