{
  "model": "openai/gpt-4o-mini",
  "directory": "compareCommunities10/t5_10qj6b/t5_3onkg",
  "num_tests": 100,
  "num_successes": 92,
  "batch_size": 10,
  "accuracy": 0.8804347826086957,
  "violation_precision": 0.8913043478260869,
  "non_violation_precision": 0.8695652173913043,
  "violation_recall": 0.8723404255319149,
  "non_violation_recall": 0.8888888888888888,
  "confusion_matrix": [
    [
      40,
      5
    ],
    [
      6,
      41
    ]
  ]
}