{
  "model": "openai/gpt-4o-mini",
  "directory": "compareCommunities10/t5_2qho4/t5_2qhw9",
  "num_tests": 100,
  "num_successes": 75,
  "batch_size": 10,
  "accuracy": 0.88,
  "violation_precision": 0.9166666666666666,
  "non_violation_precision": 0.8461538461538461,
  "violation_recall": 0.8461538461538461,
  "non_violation_recall": 0.9166666666666666,
  "confusion_matrix": [
    [
      33,
      3
    ],
    [
      6,
      33
    ]
  ]
}