{
  "model": "openai/gpt-4o-mini",
  "directory": "compareCommunities10/t5_2rnve/t5_2we2n",
  "num_tests": 100,
  "num_successes": 81,
  "batch_size": 10,
  "accuracy": 0.8271604938271605,
  "violation_precision": 0.8571428571428571,
  "non_violation_precision": 0.8043478260869565,
  "violation_recall": 0.7692307692307693,
  "non_violation_recall": 0.8809523809523809,
  "confusion_matrix": [
    [
      37,
      5
    ],
    [
      9,
      30
    ]
  ]
}