{
  "model": "openai/gpt-4o-mini",
  "directory": "compareCommunities5/t5_2vjre/t5_2qhds",
  "num_tests": 100,
  "num_successes": 88,
  "batch_size": 5,
  "accuracy": 0.8522727272727273,
  "violation_precision": 0.9210526315789473,
  "non_violation_precision": 0.8,
  "violation_recall": 0.7777777777777778,
  "non_violation_recall": 0.9302325581395349,
  "confusion_matrix": [
    [
      40,
      3
    ],
    [
      10,
      35
    ]
  ]
}