{
  "model": "openai/gpt-4o-mini",
  "directory": "compareCommunities5/t5_2qhvo/t5_2qhek",
  "num_tests": 100,
  "num_successes": 93,
  "batch_size": 5,
  "accuracy": 0.8064516129032258,
  "violation_precision": 0.9655172413793104,
  "non_violation_precision": 0.734375,
  "violation_recall": 0.6222222222222222,
  "non_violation_recall": 0.9791666666666666,
  "confusion_matrix": [
    [
      47,
      1
    ],
    [
      17,
      28
    ]
  ]
}