{
  "model": "openai/gpt-4o-mini",
  "directory": "compareCommunities5/t5_2qh3p/t5_2qhek",
  "num_tests": 100,
  "num_successes": 97,
  "batch_size": 5,
  "accuracy": 0.8556701030927835,
  "violation_precision": 0.9024390243902439,
  "non_violation_precision": 0.8214285714285714,
  "violation_recall": 0.7872340425531915,
  "non_violation_recall": 0.92,
  "confusion_matrix": [
    [
      46,
      4
    ],
    [
      10,
      37
    ]
  ]
}