{
  "model": "openai/gpt-4o-mini",
  "directory": "compareCommunities5/t5_2rawz/t5_2qhds",
  "num_tests": 100,
  "num_successes": 89,
  "batch_size": 5,
  "accuracy": 0.8651685393258427,
  "violation_precision": 0.8974358974358975,
  "non_violation_precision": 0.84,
  "violation_recall": 0.813953488372093,
  "non_violation_recall": 0.9130434782608695,
  "confusion_matrix": [
    [
      42,
      4
    ],
    [
      8,
      35
    ]
  ]
}