{
  "model": "openai/gpt-4o-mini",
  "directory": "compareCommunities10/t5_2we2n/t5_hcycg",
  "num_tests": 100,
  "num_successes": 87,
  "batch_size": 10,
  "accuracy": 0.7816091954022989,
  "violation_precision": 0.9032258064516129,
  "non_violation_precision": 0.7142857142857143,
  "violation_recall": 0.6363636363636364,
  "non_violation_recall": 0.9302325581395349,
  "confusion_matrix": [
    [
      40,
      3
    ],
    [
      16,
      28
    ]
  ]
}