{
  "model": "openai/gpt-4o-mini",
  "directory": "compareCommunities5/t5_2qh3p/t5_2qh3p",
  "num_tests": 100,
  "num_successes": 93,
  "batch_size": 5,
  "accuracy": 0.8494623655913979,
  "violation_precision": 0.82,
  "non_violation_precision": 0.8837209302325582,
  "violation_recall": 0.8913043478260869,
  "non_violation_recall": 0.8085106382978723,
  "confusion_matrix": [
    [
      38,
      9
    ],
    [
      5,
      41
    ]
  ]
}