{
  "model": "openai/gpt-4o-mini",
  "directory": "compareCommunities10/t5_2vq0w/t5_2qh6c",
  "num_tests": 100,
  "num_successes": 85,
  "batch_size": 10,
  "accuracy": 0.8117647058823529,
  "violation_precision": 0.7169811320754716,
  "non_violation_precision": 0.96875,
  "violation_recall": 0.9743589743589743,
  "non_violation_recall": 0.6739130434782609,
  "confusion_matrix": [
    [
      31,
      15
    ],
    [
      1,
      38
    ]
  ]
}