{
  "model": "openai/gpt-4o-mini",
  "directory": "compareCommunities5/t5_2r05i/t5_2sokd",
  "num_tests": 100,
  "num_successes": 95,
  "batch_size": 5,
  "accuracy": 0.7894736842105263,
  "violation_precision": 0.7551020408163265,
  "non_violation_precision": 0.8260869565217391,
  "violation_recall": 0.8222222222222222,
  "non_violation_recall": 0.76,
  "confusion_matrix": [
    [
      38,
      12
    ],
    [
      8,
      37
    ]
  ]
}