{
  "model": "openai/gpt-4o-mini",
  "directory": "compareCommunities10/t5_2rawz/t5_2qhw9",
  "num_tests": 100,
  "num_successes": 81,
  "batch_size": 10,
  "accuracy": 0.8888888888888888,
  "violation_precision": 0.9285714285714286,
  "non_violation_precision": 0.8461538461538461,
  "violation_recall": 0.8666666666666667,
  "non_violation_recall": 0.9166666666666666,
  "confusion_matrix": [
    [
      33,
      3
    ],
    [
      6,
      39
    ]
  ]
}