{
  "model": "openai/gpt-4o-mini",
  "directory": "compareCommunities5/t5_2qky2/t5_2qho4",
  "num_tests": 100,
  "num_successes": 95,
  "batch_size": 5,
  "accuracy": 0.8526315789473684,
  "violation_precision": 0.7931034482758621,
  "non_violation_precision": 0.9459459459459459,
  "violation_recall": 0.9583333333333334,
  "non_violation_recall": 0.7446808510638298,
  "confusion_matrix": [
    [
      35,
      12
    ],
    [
      2,
      46
    ]
  ]
}