{
  "model": "openai/gpt-oss-120b:free",
  "directory": "compareCommunities5/t5_2qhds/t5_2we2n",
  "num_tests": 100,
  "num_successes": 99,
  "batch_size": 5,
  "accuracy": 0.7474747474747475,
  "violation_precision": 0.7857142857142857,
  "non_violation_precision": 0.7192982456140351,
  "violation_recall": 0.673469387755102,
  "non_violation_recall": 0.82,
  "confusion_matrix": [
    [
      41,
      9
    ],
    [
      16,
      33
    ]
  ]
}