{
  "model": "openai/gpt-4o-mini",
  "directory": "compareCommunities10/t5_2te6p/t5_2vq0w",
  "num_tests": 100,
  "num_successes": 76,
  "batch_size": 10,
  "accuracy": 0.881578947368421,
  "violation_precision": 0.868421052631579,
  "non_violation_precision": 0.8947368421052632,
  "violation_recall": 0.8918918918918919,
  "non_violation_recall": 0.8717948717948718,
  "confusion_matrix": [
    [
      34,
      5
    ],
    [
      4,
      33
    ]
  ]
}