{
  "model": "openai/gpt-4o-mini",
  "directory": "compareCommunities5/t5_2qhw9/t5_2xhvq",
  "num_tests": 100,
  "num_successes": 97,
  "batch_size": 5,
  "accuracy": 0.845360824742268,
  "violation_precision": 0.851063829787234,
  "non_violation_precision": 0.84,
  "violation_recall": 0.8333333333333334,
  "non_violation_recall": 0.8571428571428571,
  "confusion_matrix": [
    [
      42,
      7
    ],
    [
      8,
      40
    ]
  ]
}