{
  "model": "openai/gpt-4o-mini",
  "directory": "compareCommunities10/t5_3cr3o/t5_2qhw9",
  "num_tests": 100,
  "num_successes": 98,
  "batch_size": 10,
  "accuracy": 0.9081632653061225,
  "violation_precision": 0.9148936170212766,
  "non_violation_precision": 0.9019607843137255,
  "violation_recall": 0.8958333333333334,
  "non_violation_recall": 0.92,
  "confusion_matrix": [
    [
      46,
      4
    ],
    [
      5,
      43
    ]
  ]
}