{
  "model": "openai/gpt-4o-mini",
  "directory": "compareCommunities10/t5_2qhff/t5_2vq0w",
  "num_tests": 100,
  "num_successes": 87,
  "batch_size": 10,
  "accuracy": 0.8850574712643678,
  "violation_precision": 0.8863636363636364,
  "non_violation_precision": 0.8837209302325582,
  "violation_recall": 0.8863636363636364,
  "non_violation_recall": 0.8837209302325582,
  "confusion_matrix": [
    [
      38,
      5
    ],
    [
      5,
      39
    ]
  ]
}