{
  "model": "openai/gpt-4o-mini",
  "directory": "compareCommunities5/t5_3d4x4/t5_2qh6c",
  "num_tests": 100,
  "num_successes": 86,
  "batch_size": 5,
  "accuracy": 0.7790697674418605,
  "violation_precision": 0.7674418604651163,
  "non_violation_precision": 0.7906976744186046,
  "violation_recall": 0.7857142857142857,
  "non_violation_recall": 0.7727272727272727,
  "confusion_matrix": [
    [
      34,
      10
    ],
    [
      9,
      33
    ]
  ]
}