{
  "model": "openai/gpt-4o-mini",
  "directory": "compareCommunities5/t5_2vq0w/t5_2qhek",
  "num_tests": 100,
  "num_successes": 92,
  "batch_size": 5,
  "accuracy": 0.8478260869565217,
  "violation_precision": 0.8918918918918919,
  "non_violation_precision": 0.8181818181818182,
  "violation_recall": 0.7674418604651163,
  "non_violation_recall": 0.9183673469387755,
  "confusion_matrix": [
    [
      45,
      4
    ],
    [
      10,
      33
    ]
  ]
}