{
  "model": "openai/gpt-4o-mini",
  "directory": "compareCommunities5/t5_2we2n/t5_hcycg",
  "num_tests": 100,
  "num_successes": 92,
  "batch_size": 5,
  "accuracy": 0.7934782608695652,
  "violation_precision": 0.8857142857142857,
  "non_violation_precision": 0.7368421052631579,
  "violation_recall": 0.6739130434782609,
  "non_violation_recall": 0.9130434782608695,
  "confusion_matrix": [
    [
      42,
      4
    ],
    [
      15,
      31
    ]
  ]
}