{
  "model": "openai/gpt-oss-120b:free",
  "directory": "compareCommunities/t5_2qknd/t5_2qh6c",
  "num_tests": 100,
  "num_successes": 99,
  "batch_size": 20,
  "accuracy": 0.8484848484848485,
  "violation_precision": 0.8723404255319149,
  "non_violation_precision": 0.8269230769230769,
  "violation_recall": 0.82,
  "non_violation_recall": 0.8775510204081632,
  "confusion_matrix": [
    [
      43,
      6
    ],
    [
      9,
      41
    ]
  ]
}