{
  "model": "openai/gpt-oss-120b:free",
  "prompt": "FewShotViolFails",
  "num_tests": 100,
  "batch_size": 20,
  "accuracy": 0.91,
  "violation_precision": 0.9318181818181818,
  "non_violation_precision": 0.8928571428571429,
  "violation_recall": 0.8723404255319149,
  "non_violation_recall": 0.9433962264150944,
  "f1": 0.9010989010989011,
  "confusion_matrix": [
    [
      50,
      3
    ],
    [
      6,
      41
    ]
  ]
}