{
  "model": "openai/gpt-4o-mini",
  "directory": "compareCommunities5/t5_2qknd/t5_2qhw9",
  "num_tests": 100,
  "num_successes": 97,
  "batch_size": 5,
  "accuracy": 0.845360824742268,
  "violation_precision": 0.8367346938775511,
  "non_violation_precision": 0.8541666666666666,
  "violation_recall": 0.8541666666666666,
  "non_violation_recall": 0.8367346938775511,
  "confusion_matrix": [
    [
      41,
      8
    ],
    [
      7,
      41
    ]
  ]
}