{
  "model": "openai/gpt-4o-mini",
  "directory": "compareCommunities10/t5_2qky2/t5_2r05i",
  "num_tests": 100,
  "num_successes": 84,
  "batch_size": 10,
  "accuracy": 0.8690476190476191,
  "violation_precision": 0.9411764705882353,
  "non_violation_precision": 0.82,
  "violation_recall": 0.7804878048780488,
  "non_violation_recall": 0.9534883720930233,
  "confusion_matrix": [
    [
      41,
      2
    ],
    [
      9,
      32
    ]
  ]
}