{
  "model": "openai/gpt-4o-mini",
  "directory": "compareCommunities5/t5_2w2s8/t5_2vq0w",
  "num_tests": 100,
  "num_successes": 79,
  "batch_size": 5,
  "accuracy": 0.8481012658227848,
  "violation_precision": 0.875,
  "non_violation_precision": 0.8205128205128205,
  "violation_recall": 0.8333333333333334,
  "non_violation_recall": 0.8648648648648649,
  "confusion_matrix": [
    [
      32,
      5
    ],
    [
      7,
      35
    ]
  ]
}