{
  "model": "openai/gpt-4o-mini",
  "directory": "compareCommunities10/t5_2qh3p/t5_3560n",
  "num_tests": 100,
  "num_successes": 98,
  "batch_size": 10,
  "accuracy": 0.8571428571428571,
  "violation_precision": 0.8888888888888888,
  "non_violation_precision": 0.8301886792452831,
  "violation_recall": 0.8163265306122449,
  "non_violation_recall": 0.8979591836734694,
  "confusion_matrix": [
    [
      44,
      5
    ],
    [
      9,
      40
    ]
  ]
}