{
  "model": "openai/gpt-4o-mini",
  "directory": "compareCommunities10/t5_2qhff/t5_2qky2",
  "num_tests": 100,
  "num_successes": 82,
  "batch_size": 10,
  "accuracy": 0.8170731707317073,
  "violation_precision": 0.7555555555555555,
  "non_violation_precision": 0.8918918918918919,
  "violation_recall": 0.8947368421052632,
  "non_violation_recall": 0.75,
  "confusion_matrix": [
    [
      33,
      11
    ],
    [
      4,
      34
    ]
  ]
}