{
  "model": "openai/gpt-4o-mini",
  "directory": "compareCommunities10/t5_2xhvq/t5_3560n",
  "num_tests": 100,
  "num_successes": 91,
  "batch_size": 10,
  "accuracy": 0.8571428571428571,
  "violation_precision": 0.8780487804878049,
  "non_violation_precision": 0.84,
  "violation_recall": 0.8181818181818182,
  "non_violation_recall": 0.8936170212765957,
  "confusion_matrix": [
    [
      42,
      5
    ],
    [
      8,
      36
    ]
  ]
}