{
  "model": "openai/gpt-4o-mini",
  "directory": "compareCommunities5/t5_2qhvo/t5_2qhds",
  "num_tests": 100,
  "num_successes": 89,
  "batch_size": 5,
  "accuracy": 0.8089887640449438,
  "violation_precision": 0.8823529411764706,
  "non_violation_precision": 0.7636363636363637,
  "violation_recall": 0.6976744186046512,
  "non_violation_recall": 0.9130434782608695,
  "confusion_matrix": [
    [
      42,
      4
    ],
    [
      13,
      30
    ]
  ]
}