{
  "model": "openai/gpt-4o-mini",
  "directory": "compareCommunities10/t5_2r05i/t5_2qky2",
  "num_tests": 100,
  "num_successes": 61,
  "batch_size": 10,
  "accuracy": 0.7868852459016393,
  "violation_precision": 0.7096774193548387,
  "non_violation_precision": 0.8666666666666667,
  "violation_recall": 0.8461538461538461,
  "non_violation_recall": 0.7428571428571429,
  "confusion_matrix": [
    [
      26,
      9
    ],
    [
      4,
      22
    ]
  ]
}