{
  "model": "openai/gpt-4o-mini",
  "directory": "compareCommunities5/t5_2qh6c/t5_2xhvq",
  "num_tests": 100,
  "num_successes": 96,
  "batch_size": 5,
  "accuracy": 0.8645833333333334,
  "violation_precision": 0.8541666666666666,
  "non_violation_precision": 0.875,
  "violation_recall": 0.8723404255319149,
  "non_violation_recall": 0.8571428571428571,
  "confusion_matrix": [
    [
      42,
      7
    ],
    [
      6,
      41
    ]
  ]
}