{
  "model": "meta-llama/llama-3.3-70b-instruct:free",
  "prompt": "FewShotViolFails",
  "num_tests": 100,
  "batch_size": 20,
  "accuracy": 0.91,
  "violation_precision": 0.8958333333333334,
  "non_violation_precision": 0.9230769230769231,
  "violation_recall": 0.9148936170212766,
  "non_violation_recall": 0.9056603773584906,
  "f1": 0.9052631578947369,
  "confusion_matrix": [
    [
      48,
      5
    ],
    [
      4,
      43
    ]
  ]
}