{
  "model": "openai/gpt-4o-mini",
  "directory": "compareCommunities10/t5_2rnve/t5_10qj6b",
  "num_tests": 100,
  "num_successes": 97,
  "batch_size": 10,
  "accuracy": 0.7938144329896907,
  "violation_precision": 0.7916666666666666,
  "non_violation_precision": 0.7959183673469388,
  "violation_recall": 0.7916666666666666,
  "non_violation_recall": 0.7959183673469388,
  "confusion_matrix": [
    [
      39,
      10
    ],
    [
      10,
      38
    ]
  ]
}