{
  "model": "openai/gpt-4o-mini",
  "directory": "compareCommunities10/t5_2vjre/t5_2qh6c",
  "num_tests": 100,
  "num_successes": 72,
  "batch_size": 10,
  "accuracy": 0.7777777777777778,
  "violation_precision": 0.7317073170731707,
  "non_violation_precision": 0.8387096774193549,
  "violation_recall": 0.8571428571428571,
  "non_violation_recall": 0.7027027027027027,
  "confusion_matrix": [
    [
      26,
      11
    ],
    [
      5,
      30
    ]
  ]
}