{
  "model": "openai/gpt-4o-mini",
  "directory": "compareCommunities5/t5_2qho4/t5_2sokd",
  "num_tests": 100,
  "num_successes": 98,
  "batch_size": 5,
  "accuracy": 0.8061224489795918,
  "violation_precision": 0.7884615384615384,
  "non_violation_precision": 0.8260869565217391,
  "violation_recall": 0.8367346938775511,
  "non_violation_recall": 0.7755102040816326,
  "confusion_matrix": [
    [
      38,
      11
    ],
    [
      8,
      41
    ]
  ]
}