{
  "model": "openai/gpt-4o-mini",
  "directory": "compareCommunities5/t5_2rawz/t5_2qhek",
  "num_tests": 100,
  "num_successes": 99,
  "batch_size": 5,
  "accuracy": 0.8484848484848485,
  "violation_precision": 0.8695652173913043,
  "non_violation_precision": 0.8301886792452831,
  "violation_recall": 0.8163265306122449,
  "non_violation_recall": 0.88,
  "confusion_matrix": [
    [
      44,
      6
    ],
    [
      9,
      40
    ]
  ]
}