{
  "model": "openai/gpt-4o-mini",
  "directory": "compareCommunities10/t5_2qknd/t5_2qhff",
  "num_tests": 100,
  "num_successes": 72,
  "batch_size": 10,
  "accuracy": 0.8472222222222222,
  "violation_precision": 0.8048780487804879,
  "non_violation_precision": 0.9032258064516129,
  "violation_recall": 0.9166666666666666,
  "non_violation_recall": 0.7777777777777778,
  "confusion_matrix": [
    [
      28,
      8
    ],
    [
      3,
      33
    ]
  ]
}