{
  "model": "openai/gpt-4o-mini",
  "directory": "compareCommunities10/t5_2qh2s/t5_2qhw9",
  "num_tests": 100,
  "num_successes": 81,
  "batch_size": 10,
  "accuracy": 0.8641975308641975,
  "violation_precision": 0.8974358974358975,
  "non_violation_precision": 0.8333333333333334,
  "violation_recall": 0.8333333333333334,
  "non_violation_recall": 0.8974358974358975,
  "confusion_matrix": [
    [
      35,
      4
    ],
    [
      7,
      35
    ]
  ]
}