{
  "model": "openai/gpt-4o-mini",
  "directory": "compareCommunities5/t5_2qh2s/t5_2qhvo",
  "num_tests": 100,
  "num_successes": 81,
  "batch_size": 5,
  "accuracy": 0.7777777777777778,
  "violation_precision": 0.78125,
  "non_violation_precision": 0.7755102040816326,
  "violation_recall": 0.6944444444444444,
  "non_violation_recall": 0.8444444444444444,
  "confusion_matrix": [
    [
      38,
      7
    ],
    [
      11,
      25
    ]
  ]
}