{
  "model": "qwen3:14b",
  "prompt": "ThreeShot-Prescriptive",
  "num_tests": 100,
  "num_successes": 96,
  "batch_size": 20,
  "accuracy": 0.8125,
  "violation_precision": 0.8918918918918919,
  "non_violation_precision": 0.7627118644067796,
  "violation_recall": 0.7021276595744681,
  "non_violation_recall": 0.9183673469387755,
  "confusion_matrix": [
    [
      45,
      4
    ],
    [
      14,
      33
    ]
  ]
}