{
  "model": "openai/gpt-4o-mini",
  "directory": "compareCommunities5/t5_2qknd/t5_2we2n",
  "num_tests": 100,
  "num_successes": 84,
  "batch_size": 5,
  "accuracy": 0.8571428571428571,
  "violation_precision": 0.9090909090909091,
  "non_violation_precision": 0.8235294117647058,
  "violation_recall": 0.7692307692307693,
  "non_violation_recall": 0.9333333333333333,
  "confusion_matrix": [
    [
      42,
      3
    ],
    [
      9,
      30
    ]
  ]
}