{
  "model": "openai/gpt-4o-mini",
  "directory": "compareCommunities10/t5_2qhw9/t5_2qh6c",
  "num_tests": 100,
  "num_successes": 71,
  "batch_size": 10,
  "accuracy": 0.8169014084507042,
  "violation_precision": 0.75,
  "non_violation_precision": 0.9032258064516129,
  "violation_recall": 0.9090909090909091,
  "non_violation_recall": 0.7368421052631579,
  "confusion_matrix": [
    [
      28,
      10
    ],
    [
      3,
      30
    ]
  ]
}