{
  "model": "openai/gpt-4o-mini",
  "directory": "compareCommunities10/t5_2qky2/t5_2qhvo",
  "num_tests": 100,
  "num_successes": 82,
  "batch_size": 10,
  "accuracy": 0.7073170731707317,
  "violation_precision": 0.8076923076923077,
  "non_violation_precision": 0.6607142857142857,
  "violation_recall": 0.525,
  "non_violation_recall": 0.8809523809523809,
  "confusion_matrix": [
    [
      37,
      5
    ],
    [
      19,
      21
    ]
  ]
}