{
  "model": "openai/gpt-4o-mini",
  "directory": "compareCommunities10/t5_2qho4/t5_2qhvo",
  "num_tests": 100,
  "num_successes": 86,
  "batch_size": 10,
  "accuracy": 0.7441860465116279,
  "violation_precision": 0.7777777777777778,
  "non_violation_precision": 0.72,
  "violation_recall": 0.6666666666666666,
  "non_violation_recall": 0.8181818181818182,
  "confusion_matrix": [
    [
      36,
      8
    ],
    [
      14,
      28
    ]
  ]
}