{
  "model": "openai/gpt-4o-mini",
  "directory": "compareCommunities5/t5_2sokd/t5_2qhw9",
  "num_tests": 100,
  "num_successes": 95,
  "batch_size": 5,
  "accuracy": 0.8526315789473684,
  "violation_precision": 0.8431372549019608,
  "non_violation_precision": 0.8636363636363636,
  "violation_recall": 0.8775510204081632,
  "non_violation_recall": 0.8260869565217391,
  "confusion_matrix": [
    [
      38,
      8
    ],
    [
      6,
      43
    ]
  ]
}