{
  "model": "openai/gpt-4o-mini",
  "directory": "compareCommunities5/t5_2qho4/t5_2qho4",
  "num_tests": 100,
  "num_successes": 91,
  "batch_size": 5,
  "accuracy": 0.8571428571428571,
  "violation_precision": 0.7777777777777778,
  "non_violation_precision": 0.972972972972973,
  "violation_recall": 0.9767441860465116,
  "non_violation_recall": 0.75,
  "confusion_matrix": [
    [
      36,
      12
    ],
    [
      1,
      42
    ]
  ]
}