{
  "model": "openai/gpt-oss-120b:free",
  "directory": "compareCommunities5/t5_2qhvo/t5_3h47q",
  "num_tests": 100,
  "num_successes": 98,
  "batch_size": 5,
  "accuracy": 0.7653061224489796,
  "violation_precision": 0.9354838709677419,
  "non_violation_precision": 0.6865671641791045,
  "violation_recall": 0.58,
  "non_violation_recall": 0.9583333333333334,
  "confusion_matrix": [
    [
      46,
      2
    ],
    [
      21,
      29
    ]
  ]
}