{
  "model": "openai/gpt-4o-mini",
  "directory": "compareCommunities5/t5_2qh3p/t5_2vq0w",
  "num_tests": 100,
  "num_successes": 87,
  "batch_size": 5,
  "accuracy": 0.8505747126436781,
  "violation_precision": 0.8478260869565217,
  "non_violation_precision": 0.8536585365853658,
  "violation_recall": 0.8666666666666667,
  "non_violation_recall": 0.8333333333333334,
  "confusion_matrix": [
    [
      35,
      7
    ],
    [
      6,
      39
    ]
  ]
}