{
  "model": "openai/gpt-4o-mini",
  "directory": "compareCommunities5/t5_2qho4/t5_2we2n",
  "num_tests": 100,
  "num_successes": 83,
  "batch_size": 5,
  "accuracy": 0.7951807228915663,
  "violation_precision": 0.8235294117647058,
  "non_violation_precision": 0.7755102040816326,
  "violation_recall": 0.717948717948718,
  "non_violation_recall": 0.8636363636363636,
  "confusion_matrix": [
    [
      38,
      6
    ],
    [
      11,
      28
    ]
  ]
}