{
  "model": "openai/gpt-4o-mini",
  "directory": "compareCommunities10/t5_2qknd/t5_3d4x4",
  "num_tests": 100,
  "num_successes": 88,
  "batch_size": 10,
  "accuracy": 0.8522727272727273,
  "violation_precision": 0.803921568627451,
  "non_violation_precision": 0.918918918918919,
  "violation_recall": 0.9318181818181818,
  "non_violation_recall": 0.7727272727272727,
  "confusion_matrix": [
    [
      34,
      10
    ],
    [
      3,
      41
    ]
  ]
}