{
  "model": "openai/gpt-4o-mini",
  "directory": "compareCommunities5/t5_2qstm/t5_2qh2v",
  "num_tests": 100,
  "num_successes": 99,
  "batch_size": 5,
  "accuracy": 0.8686868686868687,
  "violation_precision": 0.8214285714285714,
  "non_violation_precision": 0.9302325581395349,
  "violation_recall": 0.9387755102040817,
  "non_violation_recall": 0.8,
  "confusion_matrix": [
    [
      40,
      10
    ],
    [
      3,
      46
    ]
  ]
}