{
  "model": "openai/gpt-4o-mini",
  "directory": "compareCommunities5/t5_2qhds/t5_2qhw9",
  "num_tests": 100,
  "num_successes": 91,
  "batch_size": 5,
  "accuracy": 0.8791208791208791,
  "violation_precision": 0.9111111111111111,
  "non_violation_precision": 0.8478260869565217,
  "violation_recall": 0.8541666666666666,
  "non_violation_recall": 0.9069767441860465,
  "confusion_matrix": [
    [
      39,
      4
    ],
    [
      7,
      41
    ]
  ]
}