{
  "model": "openai/gpt-4o-mini",
  "directory": "compareCommunities5/t5_2xhvq/t5_2qhff",
  "num_tests": 100,
  "num_successes": 82,
  "batch_size": 5,
  "accuracy": 0.8414634146341463,
  "violation_precision": 0.8444444444444444,
  "non_violation_precision": 0.8378378378378378,
  "violation_recall": 0.8636363636363636,
  "non_violation_recall": 0.8157894736842105,
  "confusion_matrix": [
    [
      31,
      7
    ],
    [
      6,
      38
    ]
  ]
}