{
  "model": "openai/gpt-4o-mini",
  "directory": "compareCommunities5/t5_2r05i/t5_2qh2v",
  "num_tests": 100,
  "num_successes": 90,
  "batch_size": 5,
  "accuracy": 0.8888888888888888,
  "violation_precision": 0.8571428571428571,
  "non_violation_precision": 0.926829268292683,
  "violation_recall": 0.9333333333333333,
  "non_violation_recall": 0.8444444444444444,
  "confusion_matrix": [
    [
      38,
      7
    ],
    [
      3,
      42
    ]
  ]
}