{
  "model": "openai/gpt-4o-mini",
  "directory": "compareCommunities10/t5_2sokd/t5_2we2n",
  "num_tests": 100,
  "num_successes": 82,
  "batch_size": 10,
  "accuracy": 0.8048780487804879,
  "violation_precision": 0.8378378378378378,
  "non_violation_precision": 0.7777777777777778,
  "violation_recall": 0.7560975609756098,
  "non_violation_recall": 0.8536585365853658,
  "confusion_matrix": [
    [
      35,
      6
    ],
    [
      10,
      31
    ]
  ]
}