{
  "model": "openai/gpt-4o-mini",
  "directory": "compareCommunities5/t5_2rawz/t5_2qh6c",
  "num_tests": 100,
  "num_successes": 89,
  "batch_size": 5,
  "accuracy": 0.8426966292134831,
  "violation_precision": 0.7884615384615384,
  "non_violation_precision": 0.918918918918919,
  "violation_recall": 0.9318181818181818,
  "non_violation_recall": 0.7555555555555555,
  "confusion_matrix": [
    [
      34,
      11
    ],
    [
      3,
      41
    ]
  ]
}