{
  "model": "openai/gpt-4o-mini",
  "directory": "compareCommunities5/t5_3d4x4/t5_3onkg",
  "num_tests": 100,
  "num_successes": 94,
  "batch_size": 5,
  "accuracy": 0.8297872340425532,
  "violation_precision": 0.8571428571428571,
  "non_violation_precision": 0.8076923076923077,
  "violation_recall": 0.782608695652174,
  "non_violation_recall": 0.875,
  "confusion_matrix": [
    [
      42,
      6
    ],
    [
      10,
      36
    ]
  ]
}