{
  "model": "openai/gpt-4o-mini",
  "directory": "compareCommunities10/t5_2we2n/t5_2qhek",
  "num_tests": 100,
  "num_successes": 87,
  "batch_size": 10,
  "accuracy": 0.8850574712643678,
  "violation_precision": 0.9142857142857143,
  "non_violation_precision": 0.8653846153846154,
  "violation_recall": 0.8205128205128205,
  "non_violation_recall": 0.9375,
  "confusion_matrix": [
    [
      45,
      3
    ],
    [
      7,
      32
    ]
  ]
}