{
  "model": "openai/gpt-4o-mini",
  "directory": "compareCommunities10/t5_2qknd/t5_2w2s8",
  "num_tests": 100,
  "num_successes": 85,
  "batch_size": 10,
  "accuracy": 0.8117647058823529,
  "violation_precision": 0.8611111111111112,
  "non_violation_precision": 0.7755102040816326,
  "violation_recall": 0.7380952380952381,
  "non_violation_recall": 0.8837209302325582,
  "confusion_matrix": [
    [
      38,
      5
    ],
    [
      11,
      31
    ]
  ]
}