{
  "model": "openai/gpt-4o-mini",
  "directory": "compareCommunities5/t5_2qhds/t5_2qhff",
  "num_tests": 100,
  "num_successes": 87,
  "batch_size": 5,
  "accuracy": 0.8045977011494253,
  "violation_precision": 0.7959183673469388,
  "non_violation_precision": 0.8157894736842105,
  "violation_recall": 0.8478260869565217,
  "non_violation_recall": 0.7560975609756098,
  "confusion_matrix": [
    [
      31,
      10
    ],
    [
      7,
      39
    ]
  ]
}