{
  "model": "openai/gpt-4o-mini",
  "directory": "compareCommunities5/t5_2vq0w/t5_2w2s8",
  "num_tests": 100,
  "num_successes": 81,
  "batch_size": 5,
  "accuracy": 0.8148148148148148,
  "violation_precision": 0.8571428571428571,
  "non_violation_precision": 0.782608695652174,
  "violation_recall": 0.75,
  "non_violation_recall": 0.8780487804878049,
  "confusion_matrix": [
    [
      36,
      5
    ],
    [
      10,
      30
    ]
  ]
}