{
  "model": "openai/gpt-4o-mini",
  "directory": "compareCommunities5/t5_2qknd/t5_2qhds",
  "num_tests": 100,
  "num_successes": 87,
  "batch_size": 5,
  "accuracy": 0.8735632183908046,
  "violation_precision": 0.9024390243902439,
  "non_violation_precision": 0.8478260869565217,
  "violation_recall": 0.8409090909090909,
  "non_violation_recall": 0.9069767441860465,
  "confusion_matrix": [
    [
      39,
      4
    ],
    [
      7,
      37
    ]
  ]
}