{
  "model": "openai/gpt-4o-mini",
  "directory": "compareCommunities5/t5_2rnve/t5_2qky2",
  "num_tests": 100,
  "num_successes": 86,
  "batch_size": 5,
  "accuracy": 0.7441860465116279,
  "violation_precision": 0.6923076923076923,
  "non_violation_precision": 0.8235294117647058,
  "violation_recall": 0.8571428571428571,
  "non_violation_recall": 0.6363636363636364,
  "confusion_matrix": [
    [
      28,
      16
    ],
    [
      6,
      36
    ]
  ]
}