{
  "model": "openai/gpt-4o-mini",
  "directory": "compareCommunities10/t5_2qky2/t5_2qho4",
  "num_tests": 100,
  "num_successes": 76,
  "batch_size": 10,
  "accuracy": 0.868421052631579,
  "violation_precision": 0.8085106382978723,
  "non_violation_precision": 0.9655172413793104,
  "violation_recall": 0.9743589743589743,
  "non_violation_recall": 0.7567567567567568,
  "confusion_matrix": [
    [
      28,
      9
    ],
    [
      1,
      38
    ]
  ]
}