{
  "model": "openai/gpt-4o-mini",
  "directory": "compareCommunities10/t5_2qho4/t5_2qlxw",
  "num_tests": 100,
  "num_successes": 89,
  "batch_size": 10,
  "accuracy": 0.898876404494382,
  "violation_precision": 0.9090909090909091,
  "non_violation_precision": 0.8888888888888888,
  "violation_recall": 0.8888888888888888,
  "non_violation_recall": 0.9090909090909091,
  "confusion_matrix": [
    [
      40,
      4
    ],
    [
      5,
      40
    ]
  ]
}