{
  "model": "openai/gpt-4o-mini",
  "directory": "compareCommunities10/t5_2qh2v/t5_2qh2v",
  "num_tests": 100,
  "num_successes": 76,
  "batch_size": 10,
  "accuracy": 0.868421052631579,
  "violation_precision": 0.8857142857142857,
  "non_violation_precision": 0.8536585365853658,
  "violation_recall": 0.8378378378378378,
  "non_violation_recall": 0.8974358974358975,
  "confusion_matrix": [
    [
      35,
      4
    ],
    [
      6,
      31
    ]
  ]
}