{
  "model": "openai/gpt-4o-mini",
  "directory": "compareCommunities5/t5_2qho4/t5_2qky2",
  "num_tests": 100,
  "num_successes": 84,
  "batch_size": 5,
  "accuracy": 0.7738095238095238,
  "violation_precision": 0.7291666666666666,
  "non_violation_precision": 0.8333333333333334,
  "violation_recall": 0.8536585365853658,
  "non_violation_recall": 0.6976744186046512,
  "confusion_matrix": [
    [
      30,
      13
    ],
    [
      6,
      35
    ]
  ]
}