{
  "model": "openai/gpt-4o-mini",
  "directory": "compareCommunities10/t5_2qknd/t5_2qh2s",
  "num_tests": 100,
  "num_successes": 90,
  "batch_size": 10,
  "accuracy": 0.8333333333333334,
  "violation_precision": 0.8636363636363636,
  "non_violation_precision": 0.8043478260869565,
  "violation_recall": 0.8085106382978723,
  "non_violation_recall": 0.8604651162790697,
  "confusion_matrix": [
    [
      37,
      6
    ],
    [
      9,
      38
    ]
  ]
}