{
  "model": "openai/gpt-4o-mini",
  "directory": "compareCommunities5/t5_2qh2v/t5_2qh2v",
  "num_tests": 100,
  "num_successes": 88,
  "batch_size": 5,
  "accuracy": 0.8863636363636364,
  "violation_precision": 0.9069767441860465,
  "non_violation_precision": 0.8666666666666667,
  "violation_recall": 0.8666666666666667,
  "non_violation_recall": 0.9069767441860465,
  "confusion_matrix": [
    [
      39,
      4
    ],
    [
      6,
      39
    ]
  ]
}