{
  "model": "openai/gpt-4o-mini",
  "directory": "compareCommunities5/t5_2qhw9/t5_2qh3p",
  "num_tests": 100,
  "num_successes": 98,
  "batch_size": 5,
  "accuracy": 0.826530612244898,
  "violation_precision": 0.7962962962962963,
  "non_violation_precision": 0.8636363636363636,
  "violation_recall": 0.8775510204081632,
  "non_violation_recall": 0.7755102040816326,
  "confusion_matrix": [
    [
      38,
      11
    ],
    [
      6,
      43
    ]
  ]
}