{
  "model": "openai/gpt-4o-mini",
  "directory": "compareCommunities5/t5_2qh6c/t5_2qky2",
  "num_tests": 100,
  "num_successes": 83,
  "batch_size": 5,
  "accuracy": 0.8313253012048193,
  "violation_precision": 0.7555555555555555,
  "non_violation_precision": 0.9210526315789473,
  "violation_recall": 0.918918918918919,
  "non_violation_recall": 0.7608695652173914,
  "confusion_matrix": [
    [
      35,
      11
    ],
    [
      3,
      34
    ]
  ]
}