{
  "model": "openai/gpt-4o-mini",
  "directory": "compareCommunities5/t5_2qstm/t5_2qhds",
  "num_tests": 100,
  "num_successes": 85,
  "batch_size": 5,
  "accuracy": 0.8705882352941177,
  "violation_precision": 0.8947368421052632,
  "non_violation_precision": 0.851063829787234,
  "violation_recall": 0.8292682926829268,
  "non_violation_recall": 0.9090909090909091,
  "confusion_matrix": [
    [
      40,
      4
    ],
    [
      7,
      34
    ]
  ]
}